{
  "model/models-dbg.js": 1669985184926,
  "controller/Home.controller.js": 1670325213646,
  "utils/locate-reuse-libs.js": 1669985184926,
  "model/models.js": 1669985184926,
  "manifest.json": 1672939836265,
  "controller/BaseController.js": 1670094729230,
  "controller/App.controller.js": 1670094721902,
  "Utils.js": 1670094860350,
  "Component.js": 1669985184918,
  "Component-preload.js": 1672939836804,
  "utils/locate-reuse-libs-dbg.js": 1669985184926,
  "i18n/i18n.properties": 1670094466797,
  "controller/Home-dbg.controller.js": 1670325213646,
  "controller/BaseController-dbg.js": 1670094729230,
  "controller/App-dbg.controller.js": 1670094721902,
  "Utils-dbg.js": 1670094860350,
  "Component-dbg.js": 1669985184918,
  "view/ProdDialog.fragment.xml": 1670094378548,
  "view/LocDialog.fragment.xml": 1670094377628,
  "view/Home.view.xml": 1671785672761,
  "view/App.view.xml": 1670094747542,
  "css/style.css": 1670094426249,
  "index.html": 1670095065863
}