{
  "view/ProdDialog.fragment.xml": 1671438121996,
  "controller/BaseController.js": 1671438121988,
  "utils/locate-reuse-libs.js": 1671438121992,
  "model/models.js": 1671438121992,
  "controller/Home.controller.js": 1673272720963,
  "manifest.json": 1673351945329,
  "controller/App.controller.js": 1671438121988,
  "Utils.js": 1671438121988,
  "Component.js": 1671438121984,
  "Component-preload.js": 1673351945948,
  "controller/BaseController-dbg.js": 1671438121988,
  "model/models-dbg.js": 1671438121992,
  "controller/Home-dbg.controller.js": 1673272720963,
  "utils/locate-reuse-libs-dbg.js": 1671438121992,
  "controller/App-dbg.controller.js": 1671438121988,
  "Utils-dbg.js": 1671438121988,
  "Component-dbg.js": 1671438121984,
  "i18n/i18n.properties": 1671438121988,
  "view/LocDialog.fragment.xml": 1671438121996,
  "view/Home.view.xml": 1673272720963,
  "view/App.view.xml": 1671438121992,
  "css/style.css": 1671438121988,
  "index.html": 1671438121988
}