{
  "controller/App.controller.js": 1670335083051,
  "manifest.json": 1671620308217,
  "utils/locate-reuse-libs.js": 1670335083051,
  "model/models.js": 1670335083051,
  "controller/Home.controller.js": 1670335083051,
  "controller/BaseController.js": 1670335083051,
  "i18n/i18n.properties": 1670335083051,
  "Utils.js": 1670335083051,
  "Component.js": 1670335083051,
  "Component-preload.js": 1671620308744,
  "controller/Home-dbg.controller.js": 1670335083051,
  "model/models-dbg.js": 1670335083051,
  "utils/locate-reuse-libs-dbg.js": 1670335083051,
  "controller/BaseController-dbg.js": 1670335083051,
  "controller/App-dbg.controller.js": 1670335083051,
  "Utils-dbg.js": 1670335083051,
  "Component-dbg.js": 1670335083051,
  "view/ProdDialog.fragment.xml": 1670335083055,
  "view/LocDialog.fragment.xml": 1670335083055,
  "view/Home.view.xml": 1670400774747,
  "view/App.view.xml": 1670335083051,
  "css/style.css": 1670335083051,
  "index.html": 1670335083051
}