{
  "index.html": 1671779536768,
  "controller/App.controller.js": 1671779536764,
  "utils/locate-reuse-libs.js": 1671779536768,
  "model/models.js": 1671779536768,
  "controller/Home.controller.js": 1671779536768,
  "controller/BaseController.js": 1671779536764,
  "manifest.json": 1672238587054,
  "Utils.js": 1671779536764,
  "Component.js": 1671779536764,
  "Component-preload.js": 1672238587529,
  "controller/BaseController-dbg.js": 1671779536764,
  "model/models-dbg.js": 1671779536768,
  "controller/Home-dbg.controller.js": 1671779536768,
  "utils/locate-reuse-libs-dbg.js": 1671779536768,
  "controller/App-dbg.controller.js": 1671779536764,
  "Utils-dbg.js": 1671779536764,
  "Component-dbg.js": 1671779536764,
  "view/ProdDialog.fragment.xml": 1671779536768,
  "view/LocDialog.fragment.xml": 1671779536768,
  "view/Home.view.xml": 1671779536768,
  "view/App.view.xml": 1671779536768,
  "css/style.css": 1671779536768,
  "i18n/i18n.properties": 1671779536768
}