{
  "Component.js": 1638780158431,
  "controller/NodeMaster.controller.js": 1638803235454,
  "model/models.js": 1638780158443,
  "manifest.json": 1638865547827,
  "controller/NodeDetail.controller.js": 1638803598923,
  "controller/Home.controller.js": 1638789371650,
  "controller/Detail.controller.js": 1638803025521,
  "controller/BaseController.js": 1638781487739,
  "controller/App.controller.js": 1638782316750,
  "i18n/i18n.properties": 1638780347375,
  "manifest-bundle.zip": 1638865547844,
  "Component-preload.js": 1638865548804,
  "controller/Detail-dbg.controller.js": 1638803025521,
  "controller/NodeMaster-dbg.controller.js": 1638803235454,
  "controller/NodeDetail-dbg.controller.js": 1638803598923,
  "controller/Home-dbg.controller.js": 1638789371650,
  "model/models-dbg.js": 1638780158443,
  "controller/BaseController-dbg.js": 1638781487739,
  "controller/App-dbg.controller.js": 1638782316750,
  "Component-dbg.js": 1638780158431,
  "view/NodeMaster.view.xml": 1638803573514,
  "view/NodeDetail.view.xml": 1638803797172,
  "view/Home.view.xml": 1638789488545,
  "view/Detail.view.xml": 1638801619147,
  "view/App.view.xml": 1638782064240,
  "css/style.css": 1638780158435,
  "index.html": 1638780158443
}