{
  "Component-dbg.js": 1640953104323,
  "manifest.json": 1641895401640,
  "model/models.js": 1640953104327,
  "controller/NodeMaster.controller.js": 1640953104327,
  "controller/NodeDetail.controller.js": 1640953104327,
  "controller/Home.controller.js": 1640953104327,
  "controller/Detail.controller.js": 1640953104323,
  "controller/BaseController.js": 1640953104323,
  "controller/App.controller.js": 1640953104323,
  "Component.js": 1640953104323,
  "manifest-bundle.zip": 1641895401659,
  "Component-preload.js": 1641895402100,
  "controller/Detail-dbg.controller.js": 1640953104323,
  "controller/NodeMaster-dbg.controller.js": 1640953104327,
  "controller/NodeDetail-dbg.controller.js": 1640953104327,
  "controller/Home-dbg.controller.js": 1640953104327,
  "model/models-dbg.js": 1640953104327,
  "controller/BaseController-dbg.js": 1640953104323,
  "controller/App-dbg.controller.js": 1640953104323,
  "i18n/i18n.properties": 1640953104327,
  "view/NodeMaster.view.xml": 1640953104327,
  "view/NodeDetail.view.xml": 1640953104327,
  "view/Home.view.xml": 1640953104327,
  "view/Detail.view.xml": 1640953104327,
  "view/CreateNode.fragment.xml": 1640953104327,
  "view/App.view.xml": 1640953104327,
  "css/style.css": 1640953104327,
  "index.html": 1640953104327
}