{
  "Component-preload.js": 1639395166665,
  "Component.js": 1638780158431,
  "model/models.js": 1638780158443,
  "controller/NodeMaster.controller.js": 1638970730718,
  "controller/NodeDetail.controller.js": 1638971462709,
  "controller/Home.controller.js": 1638971472761,
  "controller/Detail.controller.js": 1638959573982,
  "controller/BaseController.js": 1638781487739,
  "controller/App.controller.js": 1638782316750,
  "manifest.json": 1639395165900,
  "manifest-bundle.zip": 1639395165929,
  "i18n/i18n.properties": 1638780347375,
  "Component-dbg.js": 1638780158431,
  "controller/NodeMaster-dbg.controller.js": 1638970730718,
  "controller/NodeDetail-dbg.controller.js": 1638971462709,
  "controller/Home-dbg.controller.js": 1638971472761,
  "controller/Detail-dbg.controller.js": 1638959573982,
  "controller/BaseController-dbg.js": 1638781487739,
  "controller/App-dbg.controller.js": 1638782316750,
  "model/models-dbg.js": 1638780158443,
  "view/NodeMaster.view.xml": 1638967490971,
  "view/NodeDetail.view.xml": 1638967478523,
  "view/Home.view.xml": 1638967273814,
  "view/Detail.view.xml": 1638967453550,
  "view/CreateNode.fragment.xml": 1638970090351,
  "view/App.view.xml": 1638782064240,
  "css/style.css": 1638969720069,
  "index.html": 1638964680030
}