{
  "controller/Home.controller.js": 1663581414781,
  "controller/Detail.controller.js": 1659447417298,
  "utils/locate-reuse-libs.js": 1659447417302,
  "model/models.js": 1659447417302,
  "i18n/i18n.properties": 1659447417298,
  "manifest.json": 1665394176297,
  "controller/BaseController.js": 1659447417298,
  "controller/App.controller.js": 1659447417298,
  "Component.js": 1659447417298,
  "manifest-bundle.zip": 1665394176308,
  "Component-preload.js": 1665394176754,
  "Component-dbg.js": 1659447417298,
  "model/models-dbg.js": 1659447417302,
  "controller/Home-dbg.controller.js": 1663581414781,
  "controller/Detail-dbg.controller.js": 1659447417298,
  "controller/BaseController-dbg.js": 1659447417298,
  "controller/App-dbg.controller.js": 1659447417298,
  "utils/locate-reuse-libs-dbg.js": 1659447417302,
  "view/VersionDialog.fragment.xml": 1659447417302,
  "view/ScenarioDialog.fragment.xml": 1659447417302,
  "view/ProdDialog.fragment.xml": 1659447417302,
  "view/LocDialog.fragment.xml": 1659447417302,
  "view/Home.view.xml": 1659447417302,
  "view/Detail.view.xml": 1659447417302,
  "view/App.view.xml": 1659447417302,
  "css/style.css": 1659447417298,
  "index.html": 1659447417298
}