{
  "controller/Home-dbg.controller.js": 1646893730520,
  "controller/App.controller.js": 1646761921023,
  "utils/locate-reuse-libs.js": 1646761921027,
  "model/models.js": 1646761921027,
  "controller/Home.controller.js": 1646893730520,
  "controller/Detail.controller.js": 1646825515874,
  "controller/BaseController.js": 1646761921023,
  "manifest.json": 1648138407845,
  "Component.js": 1646761921023,
  "manifest-bundle.zip": 1648138407859,
  "Component-preload.js": 1648138408233,
  "model/models-dbg.js": 1646761921027,
  "utils/locate-reuse-libs-dbg.js": 1646761921027,
  "i18n/i18n.properties": 1646762657312,
  "controller/Detail-dbg.controller.js": 1646825515874,
  "controller/BaseController-dbg.js": 1646761921023,
  "controller/App-dbg.controller.js": 1646761921023,
  "Component-dbg.js": 1646761921023,
  "view/VersionDialog.fragment.xml": 1646761921027,
  "view/ScenarioDialog.fragment.xml": 1646761921027,
  "view/ProdDialog.fragment.xml": 1646761921027,
  "view/LocDialog.fragment.xml": 1646761921027,
  "view/Home.view.xml": 1646825515894,
  "view/Detail.view.xml": 1646825515894,
  "view/App.view.xml": 1646761921027,
  "css/style.css": 1646825515878,
  "index.html": 1646761921023
}