{
  "controller/Home-dbg.controller.js": 1663660539371,
  "controller/BaseController.js": 1661440197743,
  "utils/locate-reuse-libs.js": 1661440197743,
  "model/models.js": 1661440197743,
  "controller/Home.controller.js": 1663660539371,
  "controller/Detail.controller.js": 1661440197743,
  "manifest.json": 1666942364946,
  "controller/App.controller.js": 1661440197743,
  "Component.js": 1661440197743,
  "manifest-bundle.zip": 1666942364959,
  "Component-preload.js": 1666942365374,
  "utils/locate-reuse-libs-dbg.js": 1661440197743,
  "model/models-dbg.js": 1661440197743,
  "i18n/i18n.properties": 1661440197743,
  "controller/Detail-dbg.controller.js": 1661440197743,
  "controller/BaseController-dbg.js": 1661440197743,
  "controller/App-dbg.controller.js": 1661440197743,
  "Component-dbg.js": 1661440197743,
  "view/VersionDialog.fragment.xml": 1661440197743,
  "view/ScenarioDialog.fragment.xml": 1661440197743,
  "view/ProdDialog.fragment.xml": 1661440197743,
  "view/LocDialog.fragment.xml": 1661440197743,
  "view/Home.view.xml": 1661440197743,
  "view/Detail.view.xml": 1661440197743,
  "view/App.view.xml": 1661440197743,
  "css/style.css": 1661440197743,
  "index.html": 1661440197743
}