{
  "index.html": 1667910898058,
  "utils/locate-reuse-libs.js": 1665479929517,
  "manifest.json": 1672387634879,
  "model/models.js": 1665479929517,
  "controller/Home.controller.js": 1667910898058,
  "controller/Detail.controller.js": 1665479929517,
  "controller/BaseController.js": 1665479929517,
  "controller/App.controller.js": 1665479929517,
  "Component.js": 1665479929517,
  "manifest-bundle.zip": 1672387634892,
  "Component-preload.js": 1672387635290,
  "model/models-dbg.js": 1665479929517,
  "utils/locate-reuse-libs-dbg.js": 1665479929517,
  "controller/Home-dbg.controller.js": 1667910898058,
  "controller/Detail-dbg.controller.js": 1665479929517,
  "controller/BaseController-dbg.js": 1665479929517,
  "controller/App-dbg.controller.js": 1665479929517,
  "Component-dbg.js": 1665479929517,
  "view/VersionDialog.fragment.xml": 1665479929517,
  "view/ScenarioDialog.fragment.xml": 1665479929517,
  "view/ProdDialog.fragment.xml": 1665479929517,
  "view/LocDialog.fragment.xml": 1665479929517,
  "view/Home.view.xml": 1669371048662,
  "view/Detail.view.xml": 1665479929517,
  "view/App.view.xml": 1665479929517,
  "css/style.css": 1669371048662,
  "i18n/i18n.properties": 1665479929517
}