{
  "model/models.js": 1654124327918,
  "controller/App.controller.js": 1654124327794,
  "utils/locate-reuse-libs.js": 1654124327918,
  "i18n/i18n.properties": 1654124327798,
  "controller/Home.controller.js": 1654124327798,
  "controller/Detail.controller.js": 1654124327794,
  "controller/BaseController.js": 1654124327794,
  "manifest.json": 1654127286933,
  "Component.js": 1654124327794,
  "manifest-bundle.zip": 1654127286944,
  "Component-preload.js": 1654127287332,
  "controller/Home-dbg.controller.js": 1654124327798,
  "model/models-dbg.js": 1654124327918,
  "utils/locate-reuse-libs-dbg.js": 1654124327918,
  "controller/Detail-dbg.controller.js": 1654124327794,
  "controller/BaseController-dbg.js": 1654124327794,
  "controller/App-dbg.controller.js": 1654124327794,
  "Component-dbg.js": 1654124327794,
  "view/VersionDialog.fragment.xml": 1654124327918,
  "view/ScenarioDialog.fragment.xml": 1654124327918,
  "view/ProdDialog.fragment.xml": 1654124327918,
  "view/LocDialog.fragment.xml": 1654124327918,
  "view/Home.view.xml": 1654124327918,
  "view/Detail.view.xml": 1654124327918,
  "view/App.view.xml": 1654124327918,
  "css/style.css": 1654124327798,
  "index.html": 1654124327798
}