{
  "view/Detail.view.xml": 1661869074919,
  "Component.js": 1661869074915,
  "utils/locate-reuse-libs.js": 1661869074919,
  "model/models.js": 1661869074919,
  "controller/Home.controller.js": 1663589449378,
  "controller/Detail.controller.js": 1661869074915,
  "controller/BaseController.js": 1661869074915,
  "controller/App.controller.js": 1661869074915,
  "manifest.json": 1666191251693,
  "manifest-bundle.zip": 1666191251705,
  "Component-preload.js": 1666191252105,
  "Component-dbg.js": 1661869074915,
  "model/models-dbg.js": 1661869074919,
  "controller/Home-dbg.controller.js": 1663589449378,
  "controller/Detail-dbg.controller.js": 1661869074915,
  "controller/BaseController-dbg.js": 1661869074915,
  "controller/App-dbg.controller.js": 1661869074915,
  "utils/locate-reuse-libs-dbg.js": 1661869074919,
  "view/VersionDialog.fragment.xml": 1661869074919,
  "view/ScenarioDialog.fragment.xml": 1661869074919,
  "view/ProdDialog.fragment.xml": 1661869074919,
  "view/LocDialog.fragment.xml": 1661869074919,
  "view/Home.view.xml": 1661869074919,
  "i18n/i18n.properties": 1661869074915,
  "view/App.view.xml": 1661869074919,
  "css/style.css": 1661869074915,
  "index.html": 1661869074915
}