{
  "controller/Detail.controller.js": 1653499882339,
  "utils/locate-reuse-libs.js": 1649955407285,
  "manifest.json": 1654077897800,
  "model/models.js": 1649955407289,
  "controller/Home.controller.js": 1653499882343,
  "i18n/i18n.properties": 1652952126396,
  "controller/BaseController.js": 1649956824409,
  "controller/App.controller.js": 1649956812117,
  "Component.js": 1649955407273,
  "manifest-bundle.zip": 1654077897906,
  "Component-preload.js": 1654077898795,
  "utils/locate-reuse-libs-dbg.js": 1649955407285,
  "model/models-dbg.js": 1649955407289,
  "controller/Home-dbg.controller.js": 1653499882343,
  "controller/Detail-dbg.controller.js": 1653499882339,
  "controller/BaseController-dbg.js": 1649956824409,
  "controller/App-dbg.controller.js": 1649956812117,
  "Component-dbg.js": 1649955407273,
  "view/className.fragment.xml": 1650451273300,
  "view/charValue.fragment.xml": 1650451273296,
  "view/charName.fragment.xml": 1650451273296,
  "view/ProdDialog.fragment.xml": 1649957028229,
  "view/LocDialog.fragment.xml": 1649957027945,
  "view/Home.view.xml": 1650971488051,
  "view/Detail.view.xml": 1652952126400,
  "view/CharDetails.fragment.xml": 1650451273292,
  "view/App.view.xml": 1649957049981,
  "css/style.css": 1650451273284,
  "index.html": 1652952126400
}