{
  "i18n/i18n.properties": 1652817558031,
  "controller/Home.controller.js": 1653385068065,
  "utils/locate-reuse-libs.js": 1650361946295,
  "model/models.js": 1650361946295,
  "manifest.json": 1654844218176,
  "controller/Detail.controller.js": 1653382105347,
  "controller/BaseController.js": 1650368245139,
  "controller/App.controller.js": 1650361946287,
  "Component.js": 1650361946287,
  "manifest-bundle.zip": 1654844218189,
  "Component-preload.js": 1654844218720,
  "Component-dbg.js": 1650361946287,
  "model/models-dbg.js": 1650361946295,
  "controller/Home-dbg.controller.js": 1653385068065,
  "controller/Detail-dbg.controller.js": 1653382105347,
  "controller/BaseController-dbg.js": 1650368245139,
  "controller/App-dbg.controller.js": 1650361946287,
  "utils/locate-reuse-libs-dbg.js": 1650361946295,
  "view/className.fragment.xml": 1650449888867,
  "view/charValue.fragment.xml": 1650449880035,
  "view/charName.fragment.xml": 1650449872275,
  "view/ProdDialog.fragment.xml": 1650361946295,
  "view/LocDialog.fragment.xml": 1650361946295,
  "view/Home.view.xml": 1650453349250,
  "view/Detail.view.xml": 1652780421388,
  "view/CharDetails.fragment.xml": 1650449662269,
  "view/App.view.xml": 1650361946295,
  "css/style.css": 1650449155221,
  "index.html": 1652817645984
}