{
  "utils/locate-reuse-libs.js": 1654124349994,
  "Component.js": 1654124349826,
  "i18n/i18n.properties": 1654124349826,
  "model/models.js": 1654124349994,
  "controller/Home.controller.js": 1654124349826,
  "controller/Detail.controller.js": 1654124349826,
  "controller/BaseController.js": 1654124349826,
  "controller/App.controller.js": 1654124349826,
  "manifest.json": 1654127326574,
  "manifest-bundle.zip": 1654127326587,
  "Component-preload.js": 1654127327076,
  "model/models-dbg.js": 1654124349994,
  "utils/locate-reuse-libs-dbg.js": 1654124349994,
  "controller/Home-dbg.controller.js": 1654124349826,
  "controller/Detail-dbg.controller.js": 1654124349826,
  "controller/BaseController-dbg.js": 1654124349826,
  "controller/App-dbg.controller.js": 1654124349826,
  "Component-dbg.js": 1654124349826,
  "view/className.fragment.xml": 1654124349994,
  "view/charValue.fragment.xml": 1654124349994,
  "view/charName.fragment.xml": 1654124349994,
  "view/ProdDialog.fragment.xml": 1654124349994,
  "view/LocDialog.fragment.xml": 1654124349994,
  "view/Home.view.xml": 1654124349994,
  "view/Detail.view.xml": 1654124349994,
  "view/CharDetails.fragment.xml": 1654124349994,
  "view/App.view.xml": 1654124349994,
  "css/style.css": 1654124349826,
  "index.html": 1654124349826
}