{
  "utils/locate-reuse-libs-dbg.js": 1661440197803,
  "utils/locate-reuse-libs.js": 1661440197803,
  "manifest.json": 1668168418996,
  "model/models.js": 1661440197803,
  "controller/ItemMaster.controller.js": 1667805298719,
  "controller/ItemDetail.controller.js": 1661440197803,
  "controller/Details.controller.js": 1667805318087,
  "controller/BaseController.js": 1661440197803,
  "controller/App.controller.js": 1661440197803,
  "Component.js": 1661440197803,
  "manifest-bundle.zip": 1668168419007,
  "Component-preload.js": 1668168419461,
  "controller/BaseController-dbg.js": 1661440197803,
  "model/models-dbg.js": 1661440197803,
  "controller/ItemMaster-dbg.controller.js": 1667805298719,
  "controller/ItemDetail-dbg.controller.js": 1661440197803,
  "controller/Details-dbg.controller.js": 1667805318087,
  "i18n/i18n.properties": 1667906485058,
  "controller/App-dbg.controller.js": 1661440197803,
  "Component-dbg.js": 1661440197803,
  "view/ViewNodes.fragment.xml": 1661440197803,
  "view/StructureNodes.fragment.xml": 1661440197803,
  "view/ProdDialog.fragment.xml": 1661440197803,
  "view/LocDialog.fragment.xml": 1661440197803,
  "view/ItemMaster.view.xml": 1666693187694,
  "view/ItemDetail.view.xml": 1661440197803,
  "view/Details.view.xml": 1667805965004,
  "view/App.view.xml": 1661440197803,
  "view/AccessNodesList.fragment.xml": 1661440197803,
  "view/AccesNodes.fragment.xml": 1661440197803,
  "css/style.css": 1667805959272,
  "index.html": 1667546403698
}