{
  "utils/locate-reuse-libs-dbg.js": 1659447417338,
  "manifest.json": 1661769135425,
  "utils/locate-reuse-libs.js": 1659447417338,
  "model/models.js": 1659447417338,
  "controller/ItemMaster.controller.js": 1659447417334,
  "controller/ItemDetail.controller.js": 1659447417334,
  "controller/Details.controller.js": 1659447417334,
  "controller/BaseController.js": 1659447417334,
  "controller/App.controller.js": 1659447417334,
  "Component.js": 1659447417334,
  "manifest-bundle.zip": 1661769135438,
  "Component-preload.js": 1661769135917,
  "controller/BaseController-dbg.js": 1659447417334,
  "model/models-dbg.js": 1659447417338,
  "controller/ItemMaster-dbg.controller.js": 1659447417334,
  "controller/ItemDetail-dbg.controller.js": 1659447417334,
  "controller/Details-dbg.controller.js": 1659447417334,
  "i18n/i18n.properties": 1659447417334,
  "controller/App-dbg.controller.js": 1659447417334,
  "Component-dbg.js": 1659447417334,
  "view/ViewNodes.fragment.xml": 1659447417338,
  "view/StructureNodes.fragment.xml": 1659447417338,
  "view/ProdDialog.fragment.xml": 1659447417338,
  "view/LocDialog.fragment.xml": 1659447417338,
  "view/ItemMaster.view.xml": 1659447417338,
  "view/ItemDetail.view.xml": 1659447417338,
  "view/Details.view.xml": 1659447417338,
  "view/App.view.xml": 1659447417338,
  "view/AccessNodesList.fragment.xml": 1659447417338,
  "view/AccesNodes.fragment.xml": 1659447417338,
  "css/style.css": 1659447417334,
  "index.html": 1659447417334
}