{
  "view/AccessNodesList.fragment.xml": 1662042606597,
  "utils/locate-reuse-libs.js": 1662042606597,
  "manifest.json": 1667565886795,
  "model/models.js": 1662042606597,
  "controller/ItemMaster.controller.js": 1662042606593,
  "controller/ItemDetail.controller.js": 1662042606593,
  "controller/Details.controller.js": 1662042606593,
  "controller/BaseController.js": 1662042606593,
  "controller/App.controller.js": 1662042606593,
  "Component.js": 1662042606593,
  "manifest-bundle.zip": 1667565886809,
  "Component-preload.js": 1667565887275,
  "Component-dbg.js": 1662042606593,
  "model/models-dbg.js": 1662042606597,
  "controller/ItemMaster-dbg.controller.js": 1662042606593,
  "controller/ItemDetail-dbg.controller.js": 1662042606593,
  "controller/Details-dbg.controller.js": 1662042606593,
  "controller/BaseController-dbg.js": 1662042606593,
  "controller/App-dbg.controller.js": 1662042606593,
  "utils/locate-reuse-libs-dbg.js": 1662042606597,
  "view/ViewNodes.fragment.xml": 1662042606597,
  "view/StructureNodes.fragment.xml": 1662042606597,
  "view/ProdDialog.fragment.xml": 1662042606597,
  "view/LocDialog.fragment.xml": 1662042606597,
  "view/ItemMaster.view.xml": 1666250927850,
  "view/ItemDetail.view.xml": 1662042606597,
  "view/Details.view.xml": 1662042606597,
  "view/App.view.xml": 1662042606597,
  "i18n/i18n.properties": 1666250927850,
  "view/AccesNodes.fragment.xml": 1662042606597,
  "css/style.css": 1662042606593,
  "index.html": 1662042606597
}