{
  "view/ProdDialog.fragment.xml": 1662042606625,
  "controller/CreateJob.controller.js": 1667296081523,
  "utils/locate-reuse-libs.js": 1662042606625,
  "model/models.js": 1662042606625,
  "controller/ItemMaster.controller.js": 1666267858336,
  "controller/ItemDetail.controller.js": 1666961559995,
  "controller/Details.controller.js": 1665663125306,
  "manifest.json": 1667296795975,
  "controller/BaseController.js": 1665154756839,
  "controller/App.controller.js": 1665154748103,
  "Component.js": 1662042606625,
  "manifest-bundle.zip": 1667296795992,
  "Component-preload.js": 1667296797133,
  "controller/App-dbg.controller.js": 1665154748103,
  "model/models-dbg.js": 1662042606625,
  "controller/ItemMaster-dbg.controller.js": 1666267858336,
  "controller/ItemDetail-dbg.controller.js": 1666961559995,
  "controller/Details-dbg.controller.js": 1665663125306,
  "controller/CreateJob-dbg.controller.js": 1667296081523,
  "controller/BaseController-dbg.js": 1665154756839,
  "utils/locate-reuse-libs-dbg.js": 1662042606625,
  "Component-dbg.js": 1662042606625,
  "view/VersionDialog.fragment.xml": 1662042606629,
  "view/UpdateJobDialog.fragment.xml": 1662042606629,
  "view/ScheLog.fragment.xml": 1662042606625,
  "view/ScenarioDialog.fragment.xml": 1662042606625,
  "view/RunLogData.fragment.xml": 1662042606625,
  "i18n/i18n.properties": 1666250927866,
  "view/PredDialog.fragment.xml": 1662042606625,
  "view/ObjDepDialog.fragment.xml": 1662042606625,
  "view/LocDialog.fragment.xml": 1662042606625,
  "view/JobData.fragment.xml": 1662042606625,
  "view/ItemMaster.view.xml": 1665665098063,
  "view/ItemDetail.view.xml": 1666691498543,
  "view/Details.view.xml": 1665412191997,
  "view/CustomerDialog.fragment.xml": 1662042606625,
  "view/CreateJobDetails.fragment.xml": 1666692052950,
  "view/CreateJob.view.xml": 1667220779086,
  "view/ClassDialog.fragment.xml": 1662042606625,
  "view/App.view.xml": 1665154734878,
  "css/style.css": 1666693540648,
  "index.html": 1665407065718
}