{
  "view/App.view.xml": 1650269280773,
  "controller/Home.controller.js": 1654054814219,
  "utils/locate-reuse-libs.js": 1650269280769,
  "model/models.js": 1650269280769,
  "manifest.json": 1655838565880,
  "controller/CreateJob.controller.js": 1654054814211,
  "controller/BaseController.js": 1650269280769,
  "controller/App.controller.js": 1650269280769,
  "Component.js": 1650269280769,
  "manifest-bundle.zip": 1655838565893,
  "Component-preload.js": 1655838566678,
  "utils/locate-reuse-libs-dbg.js": 1650269280769,
  "model/models-dbg.js": 1650269280769,
  "controller/Home-dbg.controller.js": 1654054814219,
  "controller/CreateJob-dbg.controller.js": 1654054814211,
  "controller/BaseController-dbg.js": 1650269280769,
  "controller/App-dbg.controller.js": 1650269280769,
  "Component-dbg.js": 1650269280769,
  "view/VersionDialog.fragment.xml": 1650269280773,
  "view/UpdateJobDialog.fragment.xml": 1651233120875,
  "view/ScheLog.fragment.xml": 1652277436733,
  "view/ScenarioDialog.fragment.xml": 1650269280773,
  "view/ProdDialog.fragment.xml": 1650269280773,
  "view/PredDialog.fragment.xml": 1650269280773,
  "view/ObjDepDialog.fragment.xml": 1650269280773,
  "view/LocDialog.fragment.xml": 1650269280773,
  "view/JobData.fragment.xml": 1654054814223,
  "view/Home.view.xml": 1654054814223,
  "view/CustomerDialog.fragment.xml": 1652702578094,
  "view/CreateJobDetails.fragment.xml": 1653654332069,
  "view/CreateJob.view.xml": 1654054814223,
  "view/ClassDialog.fragment.xml": 1652702578086,
  "i18n/i18n.properties": 1654054814219,
  "css/style.css": 1654054814219,
  "index.html": 1651222099332
}