{
  "view/ScenarioDialog.fragment.xml": 1669729244087,
  "controller/BaseController.js": 1669729244083,
  "utils/locate-reuse-libs.js": 1669729244083,
  "model/models.js": 1669729244083,
  "controller/ItemMaster.controller.js": 1669729244083,
  "controller/ItemDetail.controller.js": 1669729244083,
  "controller/Details.controller.js": 1669729244083,
  "controller/CreateJob.controller.js": 1669729244083,
  "manifest.json": 1669733000377,
  "controller/App.controller.js": 1669729244083,
  "Component.js": 1669729244083,
  "manifest-bundle.zip": 1669733000389,
  "Component-preload.js": 1669733001425,
  "controller/App-dbg.controller.js": 1669729244083,
  "model/models-dbg.js": 1669729244083,
  "controller/ItemMaster-dbg.controller.js": 1669729244083,
  "controller/ItemDetail-dbg.controller.js": 1669729244083,
  "controller/Details-dbg.controller.js": 1669729244083,
  "controller/CreateJob-dbg.controller.js": 1669729244083,
  "controller/BaseController-dbg.js": 1669729244083,
  "utils/locate-reuse-libs-dbg.js": 1669729244083,
  "Component-dbg.js": 1669729244083,
  "view/VersionDialog.fragment.xml": 1669729244087,
  "view/UpdateJobDialog.fragment.xml": 1669729244087,
  "view/ScheLog.fragment.xml": 1669729244087,
  "i18n/i18n.properties": 1669729244083,
  "view/RunLogData.fragment.xml": 1669729244087,
  "view/ProdDialog.fragment.xml": 1669729244087,
  "view/PredDialog.fragment.xml": 1669729244087,
  "view/ObjDepDialog.fragment.xml": 1669729244087,
  "view/LocDialog.fragment.xml": 1669729244087,
  "view/JobData.fragment.xml": 1669729244087,
  "view/ItemMaster.view.xml": 1669729244087,
  "view/ItemDetail.view.xml": 1669729244087,
  "view/Details.view.xml": 1669729244083,
  "view/CustomerDialog.fragment.xml": 1669729244083,
  "view/CreateJobDetails.fragment.xml": 1669729244083,
  "view/CreateJob.view.xml": 1669729244083,
  "view/ClassDialog.fragment.xml": 1669729244083,
  "view/App.view.xml": 1669729244083,
  "css/style.css": 1669729244083,
  "index.html": 1669729244083
}