{
  "view/ObjDepDialog.fragment.xml": 1651244596000,
  "controller/BaseController.js": 1651244596000,
  "utils/locate-reuse-libs.js": 1651244596000,
  "model/models.js": 1651244596000,
  "controller/Home.controller.js": 1654592653118,
  "controller/CreateJob.controller.js": 1654600784752,
  "manifest.json": 1654681766783,
  "controller/App.controller.js": 1651244596000,
  "Component.js": 1651244596000,
  "manifest-bundle.zip": 1654681766823,
  "Component-preload.js": 1654681767685,
  "model/models-dbg.js": 1651244596000,
  "utils/locate-reuse-libs-dbg.js": 1651244596000,
  "controller/Home-dbg.controller.js": 1654592653118,
  "controller/CreateJob-dbg.controller.js": 1654600784752,
  "controller/BaseController-dbg.js": 1651244596000,
  "controller/App-dbg.controller.js": 1651244596000,
  "Component-dbg.js": 1651244596000,
  "view/VersionDialog.fragment.xml": 1651244596000,
  "view/UpdateJobDialog.fragment.xml": 1651245436000,
  "view/ScheLog.fragment.xml": 1652192459247,
  "view/ScenarioDialog.fragment.xml": 1651244596000,
  "view/ProdDialog.fragment.xml": 1651244596000,
  "view/PredDialog.fragment.xml": 1651244596000,
  "i18n/i18n.properties": 1654588989463,
  "view/LocDialog.fragment.xml": 1652342890648,
  "view/JobData.fragment.xml": 1654592494538,
  "view/Home.view.xml": 1653906667365,
  "view/CustomerDialog.fragment.xml": 1652350244779,
  "view/CreateJobDetails.fragment.xml": 1653602285133,
  "view/CreateJob.view.xml": 1654601170748,
  "view/ClassDialog.fragment.xml": 1652350312039,
  "view/App.view.xml": 1651244596000,
  "css/style.css": 1653791147991,
  "index.html": 1651245226000
}