{
  "view/CreateJob.view.xml": 1654509516065,
  "controller/CreateJob.controller.js": 1654509516065,
  "utils/locate-reuse-libs.js": 1653838853131,
  "model/models.js": 1653838853131,
  "controller/Home.controller.js": 1654509516065,
  "manifest.json": 1654514212494,
  "controller/BaseController.js": 1653838852971,
  "controller/App.controller.js": 1653838852971,
  "Component.js": 1653838852971,
  "manifest-bundle.zip": 1654514212508,
  "Component-preload.js": 1654514213617,
  "model/models-dbg.js": 1653838853131,
  "utils/locate-reuse-libs-dbg.js": 1653838853131,
  "controller/Home-dbg.controller.js": 1654509516065,
  "controller/CreateJob-dbg.controller.js": 1654509516065,
  "controller/BaseController-dbg.js": 1653838852971,
  "controller/App-dbg.controller.js": 1653838852971,
  "Component-dbg.js": 1653838852971,
  "view/VersionDialog.fragment.xml": 1653838853131,
  "view/UpdateJobDialog.fragment.xml": 1653838853131,
  "view/ScheLog.fragment.xml": 1653838853131,
  "view/ScenarioDialog.fragment.xml": 1653838853131,
  "view/ProdDialog.fragment.xml": 1653838853131,
  "view/PredDialog.fragment.xml": 1653838853131,
  "view/ObjDepDialog.fragment.xml": 1653838853131,
  "view/LocDialog.fragment.xml": 1653838853131,
  "view/JobData.fragment.xml": 1654509516069,
  "view/Home.view.xml": 1654509516065,
  "view/CustomerDialog.fragment.xml": 1653838853131,
  "view/CreateJobDetails.fragment.xml": 1654509516065,
  "i18n/i18n.properties": 1654509516065,
  "view/ClassDialog.fragment.xml": 1653838853131,
  "view/App.view.xml": 1653838853131,
  "css/style.css": 1653838852971,
  "index.html": 1653838852971
}