{
  "view/CustomerDialog.fragment.xml": 1669789252705,
  "model/models.js": 1669789252705,
  "utils/locate-reuse-libs.js": 1669789252705,
  "manifest.json": 1670237029796,
  "controller/ItemMaster.controller.js": 1669789349602,
  "controller/ItemDetail.controller.js": 1669789349602,
  "controller/Home.controller.js": 1669789252701,
  "controller/Details.controller.js": 1669789349602,
  "controller/CreateJob.controller.js": 1670231821729,
  "controller/BaseController.js": 1669789252701,
  "controller/App.controller.js": 1669789252701,
  "Component.js": 1669789252697,
  "manifest-bundle.zip": 1670237029809,
  "Component-preload.js": 1670237030990,
  "controller/App-dbg.controller.js": 1669789252701,
  "model/models-dbg.js": 1669789252705,
  "controller/ItemMaster-dbg.controller.js": 1669789349602,
  "controller/ItemDetail-dbg.controller.js": 1669789349602,
  "controller/Home-dbg.controller.js": 1669789252701,
  "controller/Details-dbg.controller.js": 1669789349602,
  "controller/CreateJob-dbg.controller.js": 1670231821729,
  "controller/BaseController-dbg.js": 1669789252701,
  "utils/locate-reuse-libs-dbg.js": 1669789252705,
  "Component-dbg.js": 1669789252697,
  "view/VersionDialog.fragment.xml": 1669789252705,
  "view/UpdateJobDialog.fragment.xml": 1669789252705,
  "view/ScheLog.fragment.xml": 1669789252705,
  "view/ScenarioDialog.fragment.xml": 1669789252705,
  "view/RunLogData.fragment.xml": 1669789252705,
  "view/ProdDialog.fragment.xml": 1669789252705,
  "view/PredDialog.fragment.xml": 1669789252705,
  "view/ObjDepDialog.fragment.xml": 1669789252705,
  "view/LocDialog.fragment.xml": 1669789252705,
  "view/JobLink.fragment.xml": 1669789252705,
  "view/JobData.fragment.xml": 1669789349606,
  "view/ItemMaster.view.xml": 1669789349606,
  "view/ItemDetail.view.xml": 1669789349606,
  "view/Home.view.xml": 1669789252705,
  "view/Details.view.xml": 1669789349606,
  "i18n/i18n.properties": 1669789349606,
  "view/CreateJobDetails.fragment.xml": 1669789252705,
  "view/CreateJob.view.xml": 1669789349606,
  "view/ClassDialog.fragment.xml": 1669789252705,
  "view/App.view.xml": 1669789252705,
  "css/style.css": 1669789349606,
  "index.html": 1669789252701
}