{
  "utils/locate-reuse-libs-dbg.js": 1668774907656,
  "model/models.js": 1668774907656,
  "utils/locate-reuse-libs.js": 1668774907656,
  "manifest.json": 1668776581683,
  "controller/ItemMaster.controller.js": 1668774907652,
  "controller/ItemDetail.controller.js": 1668774907652,
  "controller/Details.controller.js": 1668774907652,
  "controller/CreateJob.controller.js": 1668774907652,
  "controller/BaseController.js": 1668774907652,
  "controller/App.controller.js": 1668774907652,
  "Component.js": 1668774907652,
  "manifest-bundle.zip": 1668776581696,
  "Component-preload.js": 1668776582758,
  "i18n/i18n.properties": 1668774907652,
  "model/models-dbg.js": 1668774907656,
  "controller/ItemMaster-dbg.controller.js": 1668774907652,
  "controller/ItemDetail-dbg.controller.js": 1668774907652,
  "controller/Details-dbg.controller.js": 1668774907652,
  "controller/CreateJob-dbg.controller.js": 1668774907652,
  "controller/BaseController-dbg.js": 1668774907652,
  "controller/App-dbg.controller.js": 1668774907652,
  "Component-dbg.js": 1668774907652,
  "view/VersionDialog.fragment.xml": 1668774907656,
  "view/UpdateJobDialog.fragment.xml": 1668774907656,
  "view/ScheLog.fragment.xml": 1668774907656,
  "view/ScenarioDialog.fragment.xml": 1668774907656,
  "view/RunLogData.fragment.xml": 1668774907656,
  "view/ProdDialog.fragment.xml": 1668774907656,
  "view/PredDialog.fragment.xml": 1668774907656,
  "view/ObjDepDialog.fragment.xml": 1668774907656,
  "view/LocDialog.fragment.xml": 1668774907656,
  "view/JobData.fragment.xml": 1668774907656,
  "view/ItemMaster.view.xml": 1668774907656,
  "view/ItemDetail.view.xml": 1668774907656,
  "view/Details.view.xml": 1668774907656,
  "view/CustomerDialog.fragment.xml": 1668774907656,
  "view/CreateJobDetails.fragment.xml": 1668774907656,
  "view/CreateJob.view.xml": 1668774907656,
  "view/ClassDialog.fragment.xml": 1668774907656,
  "view/App.view.xml": 1668774907656,
  "css/style.css": 1668774907652,
  "index.html": 1668774907652
}