{
  "view/JobData.fragment.xml": 1654686748628,
  "manifest.json": 1654763652025,
  "utils/locate-reuse-libs.js": 1654686748624,
  "model/models.js": 1654686748624,
  "controller/Home.controller.js": 1654686748288,
  "controller/CreateJob.controller.js": 1654686748288,
  "controller/BaseController.js": 1654686748288,
  "controller/App.controller.js": 1654686748288,
  "Component.js": 1654686748288,
  "manifest-bundle.zip": 1654763652037,
  "Component-preload.js": 1654763652865,
  "model/models-dbg.js": 1654686748624,
  "utils/locate-reuse-libs-dbg.js": 1654686748624,
  "controller/Home-dbg.controller.js": 1654686748288,
  "controller/CreateJob-dbg.controller.js": 1654686748288,
  "controller/BaseController-dbg.js": 1654686748288,
  "controller/App-dbg.controller.js": 1654686748288,
  "Component-dbg.js": 1654686748288,
  "view/VersionDialog.fragment.xml": 1654686748628,
  "view/UpdateJobDialog.fragment.xml": 1654686748628,
  "view/ScheLog.fragment.xml": 1654686748628,
  "view/ScenarioDialog.fragment.xml": 1654686748628,
  "view/ProdDialog.fragment.xml": 1654686748628,
  "view/PredDialog.fragment.xml": 1654686748628,
  "view/ObjDepDialog.fragment.xml": 1654686748628,
  "view/LocDialog.fragment.xml": 1654686748628,
  "i18n/i18n.properties": 1654686748292,
  "view/Home.view.xml": 1654686748628,
  "view/CustomerDialog.fragment.xml": 1654686748628,
  "view/CreateJobDetails.fragment.xml": 1654686748628,
  "view/CreateJob.view.xml": 1654686748624,
  "view/ClassDialog.fragment.xml": 1654686748624,
  "view/App.view.xml": 1654686748624,
  "css/style.css": 1654686748292,
  "index.html": 1654686748292
}