{
  "view/PredDialog.fragment.xml": 1650269280773,
  "manifest.json": 1651223005823,
  "utils/locate-reuse-libs.js": 1650269280769,
  "model/models.js": 1650269280769,
  "controller/OpenJob.controller.js": 1650269280769,
  "controller/Home.controller.js": 1651222099328,
  "controller/CreateJob.controller.js": 1651222459130,
  "controller/BaseController.js": 1650269280769,
  "controller/App.controller.js": 1650269280769,
  "Component.js": 1650269280769,
  "manifest-bundle.zip": 1651223005836,
  "Component-preload.js": 1651223006367,
  "controller/BaseController-dbg.js": 1650269280769,
  "model/models-dbg.js": 1650269280769,
  "controller/OpenJob-dbg.controller.js": 1650269280769,
  "controller/Home-dbg.controller.js": 1651222099328,
  "controller/CreateJob-dbg.controller.js": 1651222459130,
  "utils/locate-reuse-libs-dbg.js": 1650269280769,
  "controller/App-dbg.controller.js": 1650269280769,
  "Component-dbg.js": 1650269280769,
  "view/VersionDialog.fragment.xml": 1650269280773,
  "view/ScenarioDialog.fragment.xml": 1650269280773,
  "view/ProdDialog.fragment.xml": 1650269280773,
  "i18n/i18n.properties": 1651222099332,
  "view/OpenJob.view.xml": 1650269280773,
  "view/ObjDepDialog.fragment.xml": 1650269280773,
  "view/LocDialog.fragment.xml": 1650269280773,
  "view/JobData.fragment.xml": 1650973103101,
  "view/Home.view.xml": 1651222099332,
  "view/CreateJobDetails.fragment.xml": 1651222099332,
  "view/CreateJob.view.xml": 1651222099332,
  "view/App.view.xml": 1650269280773,
  "css/style.css": 1651222099328,
  "index.html": 1651222099332
}