{
  "controller/ItemMaster-dbg.controller.js": 1669727022117,
  "controller/CreateJob.controller.js": 1671713437427,
  "utils/locate-reuse-libs.js": 1665479929629,
  "model/models.js": 1665479929629,
  "controller/ItemMaster.controller.js": 1669727022117,
  "controller/ItemDetail.controller.js": 1671710777693,
  "controller/Home.controller.js": 1670241770456,
  "controller/Details.controller.js": 1669371048726,
  "manifest.json": 1671793073489,
  "controller/BaseController.js": 1665479929629,
  "controller/App.controller.js": 1665479929629,
  "Component.js": 1665479929629,
  "manifest-bundle.zip": 1671793073501,
  "Component-preload.js": 1671793074657,
  "controller/CreateJob-dbg.controller.js": 1671713437427,
  "model/models-dbg.js": 1665479929629,
  "i18n/i18n.properties": 1671700670331,
  "controller/ItemDetail-dbg.controller.js": 1671710777693,
  "controller/Home-dbg.controller.js": 1670241770456,
  "controller/Details-dbg.controller.js": 1669371048726,
  "utils/locate-reuse-libs-dbg.js": 1665479929629,
  "controller/BaseController-dbg.js": 1665479929629,
  "controller/App-dbg.controller.js": 1665479929629,
  "Component-dbg.js": 1665479929629,
  "view/VersionDialog.fragment.xml": 1665479929633,
  "view/UpdateJobDialog.fragment.xml": 1665479929633,
  "view/ScheLog.fragment.xml": 1665479929633,
  "view/ScenarioDialog.fragment.xml": 1665479929633,
  "view/RunLogData.fragment.xml": 1665479929633,
  "view/ProdDialog.fragment.xml": 1665479929629,
  "view/PredDialog.fragment.xml": 1665479929629,
  "view/ObjDepDialog.fragment.xml": 1665479929629,
  "view/LocDialog.fragment.xml": 1665479929629,
  "view/JobLink.fragment.xml": 1670241770456,
  "view/JobData.fragment.xml": 1669727022117,
  "view/ItemMaster.view.xml": 1669727022117,
  "view/ItemDetail.view.xml": 1669727022117,
  "view/Home.view.xml": 1670241770456,
  "view/Details.view.xml": 1669371048726,
  "view/CustomerDialog.fragment.xml": 1665479929629,
  "view/CreateJobDetails.fragment.xml": 1665479929629,
  "view/CreateJob.view.xml": 1671713097192,
  "view/ClassDialog.fragment.xml": 1665479929629,
  "view/App.view.xml": 1665479929629,
  "css/style.css": 1671713610429,
  "index.html": 1667910898098
}