{
  "view/CreateJob.view.xml": 1672937827244,
  "controller/CreateJob.controller.js": 1672913097760,
  "utils/locate-reuse-libs.js": 1669107428088,
  "model/models.js": 1669107428088,
  "controller/ItemMaster.controller.js": 1669722473016,
  "controller/ItemDetail.controller.js": 1672386398159,
  "controller/Details.controller.js": 1669195188074,
  "manifest.json": 1672939561540,
  "controller/BaseController.js": 1669107428084,
  "controller/App.controller.js": 1669107428084,
  "Component.js": 1669107428084,
  "manifest-bundle.zip": 1672939561554,
  "Component-preload.js": 1672939562920,
  "model/models-dbg.js": 1669107428088,
  "utils/locate-reuse-libs-dbg.js": 1669107428088,
  "controller/ItemMaster-dbg.controller.js": 1669722473016,
  "controller/ItemDetail-dbg.controller.js": 1672386398159,
  "controller/Details-dbg.controller.js": 1669195188074,
  "controller/CreateJob-dbg.controller.js": 1672913097760,
  "controller/BaseController-dbg.js": 1669107428084,
  "controller/App-dbg.controller.js": 1669107428084,
  "Component-dbg.js": 1669107428084,
  "view/VersionDialog.fragment.xml": 1672110724359,
  "view/UpdateJobDialog.fragment.xml": 1669107428088,
  "view/ScheLog.fragment.xml": 1669107428088,
  "view/ScenarioDialog.fragment.xml": 1669107428088,
  "view/RunLogData.fragment.xml": 1669107428088,
  "view/ProdDialog.fragment.xml": 1669107428088,
  "view/PredDialog.fragment.xml": 1669107428088,
  "view/ObjDepDialog.fragment.xml": 1669107428088,
  "view/LocDialog.fragment.xml": 1669107428088,
  "view/JobLink.fragment.xml": 1670250462010,
  "view/JobData.fragment.xml": 1669628322753,
  "view/ItemMaster.view.xml": 1669646258091,
  "view/ItemDetail.view.xml": 1669646500887,
  "view/Details.view.xml": 1669715346756,
  "view/CustomerDialog.fragment.xml": 1669107428088,
  "view/CreateJobDetails.fragment.xml": 1669107428088,
  "i18n/i18n.properties": 1672437424943,
  "view/ClassDialog.fragment.xml": 1669107428088,
  "view/App.view.xml": 1669107428088,
  "css/style.css": 1671713619211,
  "index.html": 1669107428088
}