{
  "Component-dbg.js": 1654852670000,
  "controller/Home.controller.js": 1654852670000,
  "utils/locate-reuse-libs.js": 1654852670000,
  "model/models.js": 1654852670000,
  "manifest.json": 1654871078825,
  "controller/CreateJob.controller.js": 1654867474921,
  "controller/BaseController.js": 1654852670000,
  "controller/App.controller.js": 1654852670000,
  "Component.js": 1654852670000,
  "manifest-bundle.zip": 1654871078838,
  "Component-preload.js": 1654871079665,
  "i18n/i18n.properties": 1654866252438,
  "model/models-dbg.js": 1654852670000,
  "controller/Home-dbg.controller.js": 1654852670000,
  "controller/CreateJob-dbg.controller.js": 1654867474921,
  "controller/BaseController-dbg.js": 1654852670000,
  "controller/App-dbg.controller.js": 1654852670000,
  "utils/locate-reuse-libs-dbg.js": 1654852670000,
  "view/VersionDialog.fragment.xml": 1654852670000,
  "view/UpdateJobDialog.fragment.xml": 1654852670000,
  "view/ScheLog.fragment.xml": 1654852670000,
  "view/ScenarioDialog.fragment.xml": 1654852670000,
  "view/ProdDialog.fragment.xml": 1654852670000,
  "view/PredDialog.fragment.xml": 1654852670000,
  "view/ObjDepDialog.fragment.xml": 1654852670000,
  "view/LocDialog.fragment.xml": 1654852670000,
  "view/JobData.fragment.xml": 1654852670000,
  "view/Home.view.xml": 1654852670000,
  "view/CustomerDialog.fragment.xml": 1654852670000,
  "view/CreateJobDetails.fragment.xml": 1654852670000,
  "view/CreateJob.view.xml": 1654866045104,
  "view/ClassDialog.fragment.xml": 1654852670000,
  "view/App.view.xml": 1654852670000,
  "css/style.css": 1654852670000,
  "index.html": 1654852670000
}