{
  "controller/BaseController.js": 1665563487146,
  "controller/App.controller.js": 1665563487146,
  "utils/locate-reuse-libs.js": 1661440197823,
  "model/models.js": 1661440197823,
  "controller/ItemMaster.controller.js": 1669877983969,
  "controller/ItemDetail.controller.js": 1669877983969,
  "controller/Details.controller.js": 1669290283425,
  "controller/CreateJob.controller.js": 1669877983969,
  "i18n/i18n.properties": 1669877983969,
  "manifest.json": 1669964916524,
  "Component.js": 1661440197823,
  "manifest-bundle.zip": 1669964916552,
  "Component-preload.js": 1669964917892,
  "utils/locate-reuse-libs-dbg.js": 1661440197823,
  "model/models-dbg.js": 1661440197823,
  "controller/ItemMaster-dbg.controller.js": 1669877983969,
  "controller/ItemDetail-dbg.controller.js": 1669877983969,
  "controller/Details-dbg.controller.js": 1669290283425,
  "controller/CreateJob-dbg.controller.js": 1669877983969,
  "controller/BaseController-dbg.js": 1665563487146,
  "controller/App-dbg.controller.js": 1665563487146,
  "Component-dbg.js": 1661440197823,
  "view/VersionDialog.fragment.xml": 1661440197823,
  "view/UpdateJobDialog.fragment.xml": 1661440197823,
  "view/ScheLog.fragment.xml": 1661440197823,
  "view/ScenarioDialog.fragment.xml": 1661440197823,
  "view/RunLogData.fragment.xml": 1661440197823,
  "view/ProdDialog.fragment.xml": 1661440197823,
  "view/PredDialog.fragment.xml": 1661440197823,
  "view/ObjDepDialog.fragment.xml": 1661440197823,
  "view/LocDialog.fragment.xml": 1661440197823,
  "view/JobData.fragment.xml": 1669877983969,
  "view/ItemMaster.view.xml": 1669877983969,
  "view/ItemDetail.view.xml": 1669877983969,
  "view/Details.view.xml": 1669290283601,
  "view/CustomerDialog.fragment.xml": 1661440197823,
  "view/CreateJobDetails.fragment.xml": 1662978440294,
  "view/CreateJob.view.xml": 1669290283425,
  "view/ClassDialog.fragment.xml": 1661440197823,
  "view/App.view.xml": 1665563487146,
  "css/style.css": 1669290283601,
  "index.html": 1667546655136
}