{
  "view/CreateJob.view.xml": 1651501295874,
  "utils/locate-reuse-libs.js": 1650269280769,
  "manifest.json": 1652106831697,
  "model/models.js": 1650269280769,
  "controller/OpenJob.controller.js": 1650269280769,
  "controller/Home.controller.js": 1651501295866,
  "controller/CreateJob.controller.js": 1651501295866,
  "controller/BaseController.js": 1650269280769,
  "controller/App.controller.js": 1650269280769,
  "Component.js": 1650269280769,
  "manifest-bundle.zip": 1652106831709,
  "Component-preload.js": 1652106832361,
  "controller/App-dbg.controller.js": 1650269280769,
  "model/models-dbg.js": 1650269280769,
  "controller/OpenJob-dbg.controller.js": 1650269280769,
  "controller/Home-dbg.controller.js": 1651501295866,
  "controller/CreateJob-dbg.controller.js": 1651501295866,
  "controller/BaseController-dbg.js": 1650269280769,
  "utils/locate-reuse-libs-dbg.js": 1650269280769,
  "Component-dbg.js": 1650269280769,
  "view/VersionDialog.fragment.xml": 1650269280773,
  "view/UpdateJobDialog.fragment.xml": 1651233120875,
  "view/ScenarioDialog.fragment.xml": 1650269280773,
  "view/ProdDialog.fragment.xml": 1650269280773,
  "view/PredDialog.fragment.xml": 1650269280773,
  "view/OpenJob.view.xml": 1650269280773,
  "view/ObjDepDialog.fragment.xml": 1650269280773,
  "view/LocDialog.fragment.xml": 1650269280773,
  "view/JobData.fragment.xml": 1650973103101,
  "view/Home.view.xml": 1651233120875,
  "view/CreateJobDetails.fragment.xml": 1651233120875,
  "i18n/i18n.properties": 1651501295870,
  "view/App.view.xml": 1650269280773,
  "css/style.css": 1651501295870,
  "index.html": 1651222099332
}