{
  "controller/Details.controller.js": 1665741041535,
  "controller/ItemDetail.controller.js": 1667554977918,
  "utils/locate-reuse-libs.js": 1665479929629,
  "model/models.js": 1665479929629,
  "controller/ItemMaster.controller.js": 1667480653229,
  "manifest.json": 1667555625248,
  "i18n/i18n.properties": 1667554977918,
  "controller/CreateJob.controller.js": 1667554977914,
  "controller/BaseController.js": 1665479929629,
  "controller/App.controller.js": 1665479929629,
  "Component.js": 1665479929629,
  "manifest-bundle.zip": 1667555625260,
  "Component-preload.js": 1667555626270,
  "model/models-dbg.js": 1665479929629,
  "utils/locate-reuse-libs-dbg.js": 1665479929629,
  "controller/ItemMaster-dbg.controller.js": 1667480653229,
  "controller/ItemDetail-dbg.controller.js": 1667554977918,
  "controller/Details-dbg.controller.js": 1665741041535,
  "controller/CreateJob-dbg.controller.js": 1667554977914,
  "controller/BaseController-dbg.js": 1665479929629,
  "controller/App-dbg.controller.js": 1665479929629,
  "Component-dbg.js": 1665479929629,
  "view/VersionDialog.fragment.xml": 1665479929633,
  "view/UpdateJobDialog.fragment.xml": 1665479929633,
  "view/ScheLog.fragment.xml": 1665479929633,
  "view/ScenarioDialog.fragment.xml": 1665479929633,
  "view/RunLogData.fragment.xml": 1665479929633,
  "view/ProdDialog.fragment.xml": 1665479929629,
  "view/PredDialog.fragment.xml": 1665479929629,
  "view/ObjDepDialog.fragment.xml": 1665479929629,
  "view/LocDialog.fragment.xml": 1665479929629,
  "view/JobData.fragment.xml": 1665479929629,
  "view/ItemMaster.view.xml": 1665741041539,
  "view/ItemDetail.view.xml": 1667294722135,
  "view/Details.view.xml": 1665479929629,
  "view/CustomerDialog.fragment.xml": 1665479929629,
  "view/CreateJobDetails.fragment.xml": 1665479929629,
  "view/CreateJob.view.xml": 1667554977918,
  "view/ClassDialog.fragment.xml": 1665479929629,
  "view/App.view.xml": 1665479929629,
  "css/style.css": 1667294722135,
  "index.html": 1665479929629
}