{
  "controller/App.controller.js": 1650269280769,
  "controller/Home.controller.js": 1650367328684,
  "utils/locate-reuse-libs.js": 1650269280769,
  "model/models.js": 1650269280769,
  "controller/OpenJob.controller.js": 1650269280769,
  "manifest.json": 1650634166490,
  "controller/CreateJob.controller.js": 1650367328680,
  "controller/BaseController.js": 1650269280769,
  "i18n/i18n.properties": 1650269280769,
  "Component.js": 1650269280769,
  "manifest-bundle.zip": 1650634166505,
  "Component-preload.js": 1650634167003,
  "controller/CreateJob-dbg.controller.js": 1650367328680,
  "model/models-dbg.js": 1650269280769,
  "controller/OpenJob-dbg.controller.js": 1650269280769,
  "controller/Home-dbg.controller.js": 1650367328684,
  "utils/locate-reuse-libs-dbg.js": 1650269280769,
  "controller/BaseController-dbg.js": 1650269280769,
  "controller/App-dbg.controller.js": 1650269280769,
  "Component-dbg.js": 1650269280769,
  "view/VersionDialog.fragment.xml": 1650269280773,
  "view/ScenarioDialog.fragment.xml": 1650269280773,
  "view/ProdDialog.fragment.xml": 1650269280773,
  "view/PredDialog.fragment.xml": 1650269280773,
  "view/OpenJob.view.xml": 1650269280773,
  "view/ObjDepDialog.fragment.xml": 1650269280773,
  "view/LocDialog.fragment.xml": 1650269280773,
  "view/Home.view.xml": 1650367328688,
  "view/CreateJob.view.xml": 1650367328684,
  "view/App.view.xml": 1650269280773,
  "css/style.css": 1650269280769,
  "index.html": 1650284381599
}