{
  "manifest.json": 1648641680980,
  "utils/locate-reuse-libs.js": 1648611174596,
  "i18n/i18n.properties": 1648611174592,
  "model/models.js": 1648611174596,
  "controller/Home.controller.js": 1648611174592,
  "controller/Detail.controller.js": 1648611174592,
  "controller/BaseController.js": 1648611174592,
  "controller/App.controller.js": 1648611174592,
  "Component.js": 1648611174592,
  "manifest-bundle.zip": 1648641681002,
  "Component-preload.js": 1648641681506,
  "controller/Detail-dbg.controller.js": 1648611174592,
  "model/models-dbg.js": 1648611174596,
  "controller/Home-dbg.controller.js": 1648611174592,
  "utils/locate-reuse-libs-dbg.js": 1648611174596,
  "controller/BaseController-dbg.js": 1648611174592,
  "controller/App-dbg.controller.js": 1648611174592,
  "Component-dbg.js": 1648611174592,
  "view/Parameter.fragment.xml": 1648611174596,
  "view/Home.view.xml": 1648611174596,
  "view/Detail.view.xml": 1648611174596,
  "view/App.view.xml": 1648611174596,
  "css/style.css": 1648611174592,
  "index.html": 1648611174592
}