{
  "controller/BaseController.js": 1644402231097,
  "controller/App.controller.js": 1644402231097,
  "utils/locate-reuse-libs.js": 1644402231101,
  "model/models.js": 1644402231101,
  "controller/Home.controller.js": 1644402231097,
  "controller/Detail.controller.js": 1644402231097,
  "i18n/i18n.properties": 1644402231097,
  "manifest.json": 1644418366349,
  "Component.js": 1644402231097,
  "manifest-bundle.zip": 1644418366362,
  "Component-preload.js": 1644418366787,
  "controller/App-dbg.controller.js": 1644402231097,
  "model/models-dbg.js": 1644402231101,
  "controller/Home-dbg.controller.js": 1644402231097,
  "controller/Detail-dbg.controller.js": 1644402231097,
  "controller/BaseController-dbg.js": 1644402231097,
  "utils/locate-reuse-libs-dbg.js": 1644402231101,
  "Component-dbg.js": 1644402231097,
  "view/Parameter.fragment.xml": 1644402231101,
  "view/Home.view.xml": 1644402231101,
  "view/Detail.view.xml": 1644402231101,
  "view/App.view.xml": 1644402231101,
  "css/style.css": 1644402231097,
  "index.html": 1644402231097
}