{
  "controller/Home.controller.js": 1667545556283,
  "controller/BaseController.js": 1661440197631,
  "utils/locate-reuse-libs.js": 1661440197735,
  "model/models.js": 1661440197735,
  "i18n/i18n.properties": 1661440197631,
  "controller/Detail.controller.js": 1661440197631,
  "manifest.json": 1668168303160,
  "controller/App.controller.js": 1661440197631,
  "Component.js": 1661440197631,
  "manifest-bundle.zip": 1668168303171,
  "Component-preload.js": 1668168303608,
  "controller/BaseController-dbg.js": 1661440197631,
  "model/models-dbg.js": 1661440197735,
  "controller/Home-dbg.controller.js": 1667545556283,
  "controller/Detail-dbg.controller.js": 1661440197631,
  "utils/locate-reuse-libs-dbg.js": 1661440197735,
  "controller/App-dbg.controller.js": 1661440197631,
  "Component-dbg.js": 1661440197631,
  "view/Parameter.fragment.xml": 1661440197735,
  "view/Home.view.xml": 1667557031981,
  "view/Detail.view.xml": 1661440197735,
  "view/App.view.xml": 1661440197735,
  "css/style.css": 1661440197631,
  "index.html": 1667545483475
}