{
  "view/Parameter.fragment.xml": 1644923555408,
  "controller/Home.controller.js": 1644923555404,
  "utils/locate-reuse-libs.js": 1644923555408,
  "model/models.js": 1644923555408,
  "manifest.json": 1645006081170,
  "controller/Detail.controller.js": 1644923555404,
  "controller/BaseController.js": 1644923555404,
  "controller/App.controller.js": 1644923555404,
  "Component.js": 1644923555404,
  "manifest-bundle.zip": 1645006081194,
  "Component-preload.js": 1645006081982,
  "controller/BaseController-dbg.js": 1644923555404,
  "model/models-dbg.js": 1644923555408,
  "controller/Home-dbg.controller.js": 1644923555404,
  "controller/Detail-dbg.controller.js": 1644923555404,
  "utils/locate-reuse-libs-dbg.js": 1644923555408,
  "controller/App-dbg.controller.js": 1644923555404,
  "Component-dbg.js": 1644923555404,
  "i18n/i18n.properties": 1644923555404,
  "view/Home.view.xml": 1644923555408,
  "view/Detail.view.xml": 1644923555408,
  "view/App.view.xml": 1644923555408,
  "css/style.css": 1644923555404,
  "index.html": 1644923555404
}