{
  "Component-preload.js": 1668070478484,
  "controller/App.controller.js": 1662042606429,
  "utils/locate-reuse-libs.js": 1662042606513,
  "model/models.js": 1662042606513,
  "controller/Home.controller.js": 1667911337017,
  "controller/Detail.controller.js": 1662042606429,
  "controller/BaseController.js": 1662042606429,
  "manifest.json": 1668070478057,
  "Component.js": 1662042606429,
  "manifest-bundle.zip": 1668070478069,
  "i18n/i18n.properties": 1662042606429,
  "Component-dbg.js": 1662042606429,
  "model/models-dbg.js": 1662042606513,
  "controller/Home-dbg.controller.js": 1667911337017,
  "controller/Detail-dbg.controller.js": 1662042606429,
  "controller/BaseController-dbg.js": 1662042606429,
  "controller/App-dbg.controller.js": 1662042606429,
  "utils/locate-reuse-libs-dbg.js": 1662042606513,
  "view/Parameter.fragment.xml": 1662042606513,
  "view/Home.view.xml": 1667911337017,
  "view/Detail.view.xml": 1662042606513,
  "view/App.view.xml": 1662042606513,
  "css/style.css": 1662042606429,
  "index.html": 1667911337017
}