{
  "view/Detail.view.xml": 1646556043588,
  "utils/locate-reuse-libs.js": 1642680143371,
  "manifest.json": 1648138284793,
  "model/models.js": 1642680143371,
  "controller/Home.controller.js": 1646650067993,
  "controller/Detail.controller.js": 1646650275954,
  "controller/BaseController.js": 1642680143363,
  "controller/App.controller.js": 1642680143363,
  "Component.js": 1642680143363,
  "manifest-bundle.zip": 1648138284806,
  "Component-preload.js": 1648138285250,
  "controller/Detail-dbg.controller.js": 1646650275954,
  "model/models-dbg.js": 1642680143371,
  "controller/Home-dbg.controller.js": 1646650067993,
  "utils/locate-reuse-libs-dbg.js": 1642680143371,
  "controller/BaseController-dbg.js": 1642680143363,
  "controller/App-dbg.controller.js": 1642680143363,
  "Component-dbg.js": 1642680143363,
  "view/Parameter.fragment.xml": 1642680143371,
  "view/Home.view.xml": 1646556043588,
  "i18n/i18n.properties": 1646610658807,
  "view/App.view.xml": 1642680143371,
  "css/style.css": 1646556043588,
  "index.html": 1642680143371
}