{
  "controller/BaseController.js": 1655901759458,
  "controller/Home.controller.js": 1655901759458,
  "utils/locate-reuse-libs.js": 1655901759586,
  "model/models.js": 1655901759586,
  "manifest.json": 1656097674594,
  "controller/Detail.controller.js": 1655901759458,
  "i18n/i18n.properties": 1655901759458,
  "controller/App.controller.js": 1655901759458,
  "Component.js": 1655901759458,
  "manifest-bundle.zip": 1656097674608,
  "Component-preload.js": 1656097675129,
  "controller/Home-dbg.controller.js": 1655901759458,
  "model/models-dbg.js": 1655901759586,
  "utils/locate-reuse-libs-dbg.js": 1655901759586,
  "controller/Detail-dbg.controller.js": 1655901759458,
  "controller/BaseController-dbg.js": 1655901759458,
  "controller/App-dbg.controller.js": 1655901759458,
  "Component-dbg.js": 1655901759458,
  "view/Parameter.fragment.xml": 1655901759586,
  "view/Home.view.xml": 1655901759586,
  "view/Detail.view.xml": 1655901759586,
  "view/App.view.xml": 1655901759586,
  "css/style.css": 1655901759458,
  "index.html": 1655901759458
}