{
  "i18n/i18n.properties": 1669729243847,
  "manifest.json": 1669732847967,
  "utils/locate-reuse-libs.js": 1669729243935,
  "model/models.js": 1669729243935,
  "controller/Home.controller.js": 1669729243847,
  "controller/Detail.controller.js": 1669729243847,
  "controller/BaseController.js": 1669729243847,
  "controller/App.controller.js": 1669729243847,
  "Component.js": 1669729243847,
  "manifest-bundle.zip": 1669732847979,
  "Component-preload.js": 1669732848440,
  "utils/locate-reuse-libs-dbg.js": 1669729243935,
  "model/models-dbg.js": 1669729243935,
  "controller/Home-dbg.controller.js": 1669729243847,
  "controller/Detail-dbg.controller.js": 1669729243847,
  "controller/BaseController-dbg.js": 1669729243847,
  "controller/App-dbg.controller.js": 1669729243847,
  "Component-dbg.js": 1669729243847,
  "view/Parameter.fragment.xml": 1669729243939,
  "view/Home.view.xml": 1669729243939,
  "view/Detail.view.xml": 1669729243939,
  "view/App.view.xml": 1669729243939,
  "css/style.css": 1669729243847,
  "index.html": 1669729243847
}