{
  "view/App.view.xml": 1669107427916,
  "model/models.js": 1669107427916,
  "utils/locate-reuse-libs.js": 1669107427916,
  "manifest.json": 1669804476718,
  "controller/Home.controller.js": 1669107427808,
  "controller/Detail.controller.js": 1669107427808,
  "controller/BaseController.js": 1669107427808,
  "controller/App.controller.js": 1669107427808,
  "Component.js": 1669107427808,
  "manifest-bundle.zip": 1669804476732,
  "Component-preload.js": 1669804477315,
  "Component-dbg.js": 1669107427808,
  "model/models-dbg.js": 1669107427916,
  "controller/Home-dbg.controller.js": 1669107427808,
  "controller/Detail-dbg.controller.js": 1669107427808,
  "controller/BaseController-dbg.js": 1669107427808,
  "controller/App-dbg.controller.js": 1669107427808,
  "utils/locate-reuse-libs-dbg.js": 1669107427916,
  "view/Parameter.fragment.xml": 1669107427916,
  "view/Home.view.xml": 1669715346688,
  "view/Detail.view.xml": 1669107427916,
  "i18n/i18n.properties": 1669107427808,
  "css/style.css": 1669715346688,
  "index.html": 1669107427808
}