{
  "Component-dbg.js": 1661440197631,
  "utils/locate-reuse-libs.js": 1661440197735,
  "manifest.json": 1672237770828,
  "model/models.js": 1661440197735,
  "controller/Home.controller.js": 1671716021665,
  "controller/Detail.controller.js": 1661440197631,
  "controller/BaseController.js": 1661440197631,
  "controller/App.controller.js": 1661440197631,
  "Component.js": 1661440197631,
  "manifest-bundle.zip": 1672237770840,
  "Component-preload.js": 1672237771239,
  "utils/locate-reuse-libs-dbg.js": 1661440197735,
  "model/models-dbg.js": 1661440197735,
  "controller/Home-dbg.controller.js": 1671716021665,
  "controller/Detail-dbg.controller.js": 1661440197631,
  "controller/BaseController-dbg.js": 1661440197631,
  "controller/App-dbg.controller.js": 1661440197631,
  "i18n/i18n.properties": 1661440197631,
  "view/Parameter.fragment.xml": 1661440197735,
  "view/Home.view.xml": 1669284404470,
  "view/Detail.view.xml": 1661440197735,
  "view/App.view.xml": 1661440197735,
  "css/style.css": 1669273922918,
  "index.html": 1667545483475
}