{
  "controller/BaseController-dbg.js": 1643343456637,
  "Component.js": 1643343456637,
  "utils/locate-reuse-libs.js": 1643343456637,
  "model/models.js": 1643343456637,
  "controller/Home.controller.js": 1643343456637,
  "controller/Detail.controller.js": 1643883260943,
  "controller/BaseController.js": 1643343456637,
  "controller/App.controller.js": 1643343456637,
  "manifest.json": 1644241132777,
  "manifest-bundle.zip": 1644241132789,
  "Component-preload.js": 1644241133204,
  "model/models-dbg.js": 1643343456637,
  "utils/locate-reuse-libs-dbg.js": 1643343456637,
  "controller/Home-dbg.controller.js": 1643343456637,
  "controller/Detail-dbg.controller.js": 1643883260943,
  "i18n/i18n.properties": 1643343456637,
  "controller/App-dbg.controller.js": 1643343456637,
  "Component-dbg.js": 1643343456637,
  "view/Parameter.fragment.xml": 1643343456637,
  "view/Home.view.xml": 1643343456637,
  "view/Detail.view.xml": 1643343456637,
  "view/App.view.xml": 1643343456637,
  "css/style.css": 1643343456637,
  "index.html": 1643343456637
}