{
  "view/charName.fragment.xml": 1659447417382,
  "model/models.js": 1659447417382,
  "utils/locate-reuse-libs.js": 1659447417382,
  "manifest.json": 1659954721140,
  "controller/Home.controller.js": 1659447417382,
  "controller/Detail.controller.js": 1659447417382,
  "controller/BaseController.js": 1659447417378,
  "controller/App.controller.js": 1659447417378,
  "Component.js": 1659447417378,
  "manifest-bundle.zip": 1659954721153,
  "Component-preload.js": 1659954721747,
  "controller/App-dbg.controller.js": 1659447417378,
  "model/models-dbg.js": 1659447417382,
  "controller/Home-dbg.controller.js": 1659447417382,
  "controller/Detail-dbg.controller.js": 1659447417382,
  "controller/BaseController-dbg.js": 1659447417378,
  "utils/locate-reuse-libs-dbg.js": 1659447417382,
  "Component-dbg.js": 1659447417378,
  "view/className.fragment.xml": 1659447417382,
  "view/charValue.fragment.xml": 1659447417382,
  "i18n/i18n.properties": 1659447417382,
  "view/ProdDialog.fragment.xml": 1659447417382,
  "view/LocDialog.fragment.xml": 1659447417382,
  "view/Home.view.xml": 1659447417382,
  "view/Detail.view.xml": 1659447417382,
  "view/CreateProduct.fragment.xml": 1659447417382,
  "view/CharDetails.fragment.xml": 1659447417382,
  "view/App.view.xml": 1659447417382,
  "css/style.css": 1659447417382,
  "index.html": 1659447417382
}