{
  "Component-dbg.js": 1649758051726,
  "controller/App.controller.js": 1649758051726,
  "utils/locate-reuse-libs.js": 1649758051730,
  "model/models.js": 1649758051730,
  "controller/Home.controller.js": 1649758051726,
  "controller/BaseController.js": 1649758051726,
  "manifest.json": 1650287007143,
  "Component.js": 1649758051726,
  "manifest-bundle.zip": 1650287007155,
  "Component-preload.js": 1650287007497,
  "controller/Home-dbg.controller.js": 1649758051726,
  "model/models-dbg.js": 1649758051730,
  "utils/locate-reuse-libs-dbg.js": 1649758051730,
  "controller/BaseController-dbg.js": 1649758051726,
  "controller/App-dbg.controller.js": 1649758051726,
  "i18n/i18n.properties": 1649758051726,
  "view/ProdDialog.fragment.xml": 1649758051730,
  "view/LocDialog.fragment.xml": 1649758051730,
  "view/Home.view.xml": 1649758051730,
  "view/CreateProduct.fragment.xml": 1649758051730,
  "view/App.view.xml": 1649758051730,
  "css/style.css": 1649758051726,
  "index.html": 1649858349121
}