{
  "model/models.js": 1649758051730,
  "controller/App.controller.js": 1649758051726,
  "utils/locate-reuse-libs.js": 1649758051730,
  "i18n/i18n.properties": 1649758051726,
  "controller/Home.controller.js": 1650392373609,
  "controller/Detail.controller.js": 1650367328688,
  "controller/BaseController.js": 1649758051726,
  "manifest.json": 1650883097465,
  "Component.js": 1649758051726,
  "manifest-bundle.zip": 1650883097485,
  "Component-preload.js": 1650883097998,
  "utils/locate-reuse-libs-dbg.js": 1649758051730,
  "model/models-dbg.js": 1649758051730,
  "controller/Home-dbg.controller.js": 1650392373609,
  "controller/Detail-dbg.controller.js": 1650367328688,
  "controller/BaseController-dbg.js": 1649758051726,
  "controller/App-dbg.controller.js": 1649758051726,
  "Component-dbg.js": 1649758051726,
  "view/ProdDialog.fragment.xml": 1649758051730,
  "view/LocDialog.fragment.xml": 1649758051730,
  "view/Home.view.xml": 1649758051730,
  "view/Detail.view.xml": 1650377730955,
  "view/CreateProduct.fragment.xml": 1650451273300,
  "view/App.view.xml": 1649758051730,
  "css/style.css": 1649758051726,
  "index.html": 1650377730947
}