{
  "utils/locate-reuse-libs-dbg.js": 1649758051730,
  "controller/Detail.controller.js": 1653379439789,
  "utils/locate-reuse-libs.js": 1649758051730,
  "model/models.js": 1649758051730,
  "controller/Home.controller.js": 1653379439789,
  "manifest.json": 1653384536664,
  "controller/BaseController.js": 1649758051726,
  "controller/App.controller.js": 1649758051726,
  "Component.js": 1649758051726,
  "manifest-bundle.zip": 1653384536676,
  "Component-preload.js": 1653384537160,
  "controller/BaseController-dbg.js": 1649758051726,
  "model/models-dbg.js": 1649758051730,
  "controller/Home-dbg.controller.js": 1653379439789,
  "controller/Detail-dbg.controller.js": 1653379439789,
  "i18n/i18n.properties": 1652952126404,
  "controller/App-dbg.controller.js": 1649758051726,
  "Component-dbg.js": 1649758051726,
  "view/className.fragment.xml": 1652952126420,
  "view/charValue.fragment.xml": 1652952126416,
  "view/charName.fragment.xml": 1652952126412,
  "view/ProdDialog.fragment.xml": 1649758051730,
  "view/LocDialog.fragment.xml": 1649758051730,
  "view/Home.view.xml": 1652952126408,
  "view/Detail.view.xml": 1653379439789,
  "view/CreateProduct.fragment.xml": 1650451273300,
  "view/CharDetails.fragment.xml": 1653379439789,
  "view/App.view.xml": 1649758051730,
  "css/style.css": 1649758051726,
  "index.html": 1650377730947
}