{
  "view/CreateProduct.fragment.xml": 1669789252841,
  "utils/locate-reuse-libs.js": 1669789252841,
  "manifest.json": 1670237068607,
  "model/models.js": 1669789252841,
  "controller/Home.controller.js": 1669789252837,
  "controller/Detail.controller.js": 1669789252837,
  "controller/BaseController.js": 1669789252837,
  "controller/App.controller.js": 1669789252837,
  "Component.js": 1669789252837,
  "manifest-bundle.zip": 1670237068620,
  "Component-preload.js": 1670237069135,
  "controller/Home-dbg.controller.js": 1669789252837,
  "model/models-dbg.js": 1669789252841,
  "utils/locate-reuse-libs-dbg.js": 1669789252841,
  "controller/Detail-dbg.controller.js": 1669789252837,
  "controller/BaseController-dbg.js": 1669789252837,
  "controller/App-dbg.controller.js": 1669789252837,
  "Component-dbg.js": 1669789252837,
  "view/className.fragment.xml": 1669789252841,
  "view/charValue.fragment.xml": 1669789252841,
  "view/charName.fragment.xml": 1669789252841,
  "view/ProdDialog.fragment.xml": 1669789252841,
  "view/LocDialog.fragment.xml": 1669789252841,
  "view/Home.view.xml": 1669789349674,
  "view/Detail.view.xml": 1669789252841,
  "i18n/i18n.properties": 1669789252837,
  "view/CharDetails.fragment.xml": 1669789252841,
  "view/App.view.xml": 1669789252841,
  "css/style.css": 1669789349670,
  "index.html": 1669789252837
}