{
  "manifest-bundle.zip": 1671200687677,
  "controller/BaseController.js": 1671100323906,
  "utils/locate-reuse-libs.js": 1671100323910,
  "model/models.js": 1671100323910,
  "controller/Home.controller.js": 1671100323906,
  "controller/Detail.controller.js": 1671100323906,
  "manifest.json": 1671200687666,
  "controller/App.controller.js": 1671100323906,
  "Component.js": 1671100323906,
  "i18n/i18n.properties": 1671100323906,
  "Component-preload.js": 1671200688166,
  "Component-dbg.js": 1671100323906,
  "model/models-dbg.js": 1671100323910,
  "controller/Home-dbg.controller.js": 1671100323906,
  "controller/Detail-dbg.controller.js": 1671100323906,
  "controller/BaseController-dbg.js": 1671100323906,
  "controller/App-dbg.controller.js": 1671100323906,
  "utils/locate-reuse-libs-dbg.js": 1671100323910,
  "view/className.fragment.xml": 1671100323910,
  "view/charValue.fragment.xml": 1671100323910,
  "view/charName.fragment.xml": 1671100323910,
  "view/ProdDialog.fragment.xml": 1671100323910,
  "view/LocDialog.fragment.xml": 1671100323910,
  "view/Home.view.xml": 1671100323910,
  "view/Detail.view.xml": 1671100323910,
  "view/CreateProduct.fragment.xml": 1671100323910,
  "view/CharDetails.fragment.xml": 1671100323910,
  "view/App.view.xml": 1671100323910,
  "css/style.css": 1671100323906,
  "index.html": 1671100323906
}