{
  "controller/Home-dbg.controller.js": 1648611174628,
  "controller/Home.controller.js": 1648611174628,
  "utils/locate-reuse-libs.js": 1648611174632,
  "model/models.js": 1648611174632,
  "manifest.json": 1648641838558,
  "controller/Detail.controller.js": 1648611174628,
  "controller/BaseController.js": 1648611174628,
  "controller/App.controller.js": 1648611174628,
  "Component.js": 1648611174628,
  "manifest-bundle.zip": 1648641838576,
  "Component-preload.js": 1648641839076,
  "model/models-dbg.js": 1648611174632,
  "utils/locate-reuse-libs-dbg.js": 1648611174632,
  "i18n/i18n.properties": 1648611174628,
  "controller/Detail-dbg.controller.js": 1648611174628,
  "controller/BaseController-dbg.js": 1648611174628,
  "controller/App-dbg.controller.js": 1648611174628,
  "Component-dbg.js": 1648611174628,
  "view/VersionDialog.fragment.xml": 1648611174632,
  "view/ScenarioDialog.fragment.xml": 1648611174632,
  "view/ProdDialog.fragment.xml": 1648611174632,
  "view/LocDialog.fragment.xml": 1648611174632,
  "view/Home.view.xml": 1648611174632,
  "view/Detail.view.xml": 1648611174632,
  "view/App.view.xml": 1648611174632,
  "css/style.css": 1648611174628,
  "index.html": 1648611174628
}