{
  "controller/Detail-dbg.controller.js": 1669107427952,
  "controller/Detail.controller.js": 1669107427952,
  "utils/locate-reuse-libs.js": 1669107427952,
  "model/models.js": 1669107427952,
  "controller/Home.controller.js": 1669107427952,
  "manifest.json": 1669879160896,
  "controller/BaseController.js": 1669107427952,
  "controller/App.controller.js": 1669107427952,
  "Component.js": 1669107427948,
  "manifest-bundle.zip": 1669879160908,
  "Component-preload.js": 1669879161312,
  "Component-dbg.js": 1669107427948,
  "model/models-dbg.js": 1669107427952,
  "controller/Home-dbg.controller.js": 1669107427952,
  "i18n/i18n.properties": 1669107427952,
  "controller/BaseController-dbg.js": 1669107427952,
  "controller/App-dbg.controller.js": 1669107427952,
  "utils/locate-reuse-libs-dbg.js": 1669107427952,
  "view/VersionDialog.fragment.xml": 1669107427952,
  "view/ScenarioDialog.fragment.xml": 1669107427952,
  "view/ProdDialog.fragment.xml": 1669107427952,
  "view/LocDialog.fragment.xml": 1669107427952,
  "view/Home.view.xml": 1669715346692,
  "view/Detail.view.xml": 1669107427952,
  "view/App.view.xml": 1669107427952,
  "css/style.css": 1669715346692,
  "index.html": 1669107427952
}