{
  "utils/locate-reuse-libs.js": 1669729243971,
  "Component.js": 1669729243967,
  "i18n/i18n.properties": 1669729243967,
  "model/models.js": 1669729243971,
  "controller/Home.controller.js": 1669729243967,
  "controller/Detail.controller.js": 1669729243967,
  "controller/BaseController.js": 1669729243967,
  "controller/App.controller.js": 1669729243967,
  "manifest.json": 1669732959761,
  "manifest-bundle.zip": 1669732959774,
  "Component-preload.js": 1669732960264,
  "controller/BaseController-dbg.js": 1669729243967,
  "model/models-dbg.js": 1669729243971,
  "controller/Home-dbg.controller.js": 1669729243967,
  "controller/Detail-dbg.controller.js": 1669729243967,
  "utils/locate-reuse-libs-dbg.js": 1669729243971,
  "controller/App-dbg.controller.js": 1669729243967,
  "Component-dbg.js": 1669729243967,
  "view/VersionDialog.fragment.xml": 1669729243971,
  "view/ScenarioDialog.fragment.xml": 1669729243971,
  "view/ProdDialog.fragment.xml": 1669729243971,
  "view/LocDialog.fragment.xml": 1669729243971,
  "view/Home.view.xml": 1669729243971,
  "view/Detail.view.xml": 1669729243971,
  "view/App.view.xml": 1669729243971,
  "css/style.css": 1669729243967,
  "index.html": 1669729243967
}