{
  "Component-dbg.js": 1662042606525,
  "controller/BaseController.js": 1662042606525,
  "utils/locate-reuse-libs.js": 1662042606525,
  "model/models.js": 1662042606525,
  "controller/Home.controller.js": 1667911337057,
  "controller/Detail.controller.js": 1662042606525,
  "manifest.json": 1668070668719,
  "controller/App.controller.js": 1662042606525,
  "Component.js": 1662042606525,
  "manifest-bundle.zip": 1668070668739,
  "Component-preload.js": 1668070669243,
  "model/models-dbg.js": 1662042606525,
  "utils/locate-reuse-libs-dbg.js": 1662042606525,
  "controller/Home-dbg.controller.js": 1667911337057,
  "controller/Detail-dbg.controller.js": 1662042606525,
  "controller/BaseController-dbg.js": 1662042606525,
  "controller/App-dbg.controller.js": 1662042606525,
  "i18n/i18n.properties": 1662042606525,
  "view/VersionDialog.fragment.xml": 1662042606525,
  "view/ScenarioDialog.fragment.xml": 1662042606525,
  "view/ProdDialog.fragment.xml": 1662042606525,
  "view/LocDialog.fragment.xml": 1662042606525,
  "view/Home.view.xml": 1667911337057,
  "view/Detail.view.xml": 1662042606525,
  "view/App.view.xml": 1662042606525,
  "css/style.css": 1667911337057,
  "index.html": 1667911337057
}