{
  "view/VersionDialog.fragment.xml": 1649758051722,
  "utils/locate-reuse-libs.js": 1649242316990,
  "manifest.json": 1652106791937,
  "model/models.js": 1649242316990,
  "controller/Home.controller.js": 1649758051722,
  "controller/Detail.controller.js": 1649242316990,
  "controller/BaseController.js": 1649242316990,
  "controller/App.controller.js": 1649242316990,
  "Component.js": 1649242316990,
  "manifest-bundle.zip": 1652106791951,
  "Component-preload.js": 1652106792414,
  "controller/Home-dbg.controller.js": 1649758051722,
  "model/models-dbg.js": 1649242316990,
  "utils/locate-reuse-libs-dbg.js": 1649242316990,
  "controller/Detail-dbg.controller.js": 1649242316990,
  "controller/BaseController-dbg.js": 1649242316990,
  "controller/App-dbg.controller.js": 1649242316990,
  "Component-dbg.js": 1649242316990,
  "i18n/i18n.properties": 1651133956746,
  "view/ScenarioDialog.fragment.xml": 1649758051722,
  "view/ProdDialog.fragment.xml": 1649758051722,
  "view/LocDialog.fragment.xml": 1649242316990,
  "view/Home.view.xml": 1649758051722,
  "view/Detail.view.xml": 1649758051722,
  "view/App.view.xml": 1649758051722,
  "css/style.css": 1649242316990,
  "index.html": 1649242316990
}