{
  "utils/locate-reuse-libs.js": 1669789252561,
  "i18n/i18n.properties": 1669789252557,
  "manifest.json": 1671619951865,
  "model/models.js": 1669789252561,
  "controller/Home.controller.js": 1669789252557,
  "controller/Detail.controller.js": 1669789252557,
  "controller/BaseController.js": 1669789252557,
  "controller/App.controller.js": 1669789252557,
  "Component.js": 1669789252557,
  "manifest-bundle.zip": 1671619951885,
  "Component-preload.js": 1671619952383,
  "model/models-dbg.js": 1669789252561,
  "utils/locate-reuse-libs-dbg.js": 1669789252561,
  "controller/Home-dbg.controller.js": 1669789252557,
  "controller/Detail-dbg.controller.js": 1669789252557,
  "controller/BaseController-dbg.js": 1669789252557,
  "controller/App-dbg.controller.js": 1669789252557,
  "Component-dbg.js": 1669789252557,
  "view/VersionDialog.fragment.xml": 1669789252561,
  "view/ScenarioDialog.fragment.xml": 1669789252561,
  "view/ProdDialog.fragment.xml": 1669789252561,
  "view/LocDialog.fragment.xml": 1669789252561,
  "view/Home.view.xml": 1669789349494,
  "view/Detail.view.xml": 1669789252561,
  "view/App.view.xml": 1669789252561,
  "css/style.css": 1669789349490,
  "index.html": 1669789252557
}