{
  "utils/locate-reuse-libs-dbg.js": 1654686738876,
  "model/models.js": 1654686738876,
  "utils/locate-reuse-libs.js": 1654686738876,
  "manifest.json": 1655731062742,
  "controller/Home.controller.js": 1654686738872,
  "controller/Detail.controller.js": 1655722815040,
  "controller/BaseController.js": 1654686738872,
  "controller/App.controller.js": 1654686738872,
  "Component.js": 1654686738872,
  "manifest-bundle.zip": 1655731062759,
  "Component-preload.js": 1655731063397,
  "model/models-dbg.js": 1654686738876,
  "i18n/i18n.properties": 1654686738872,
  "controller/Home-dbg.controller.js": 1654686738872,
  "controller/Detail-dbg.controller.js": 1655722815040,
  "controller/BaseController-dbg.js": 1654686738872,
  "controller/App-dbg.controller.js": 1654686738872,
  "Component-dbg.js": 1654686738872,
  "view/VersionDialog.fragment.xml": 1654686738876,
  "view/ScenarioDialog.fragment.xml": 1654686738876,
  "view/ProdDialog.fragment.xml": 1654686738876,
  "view/LocDialog.fragment.xml": 1654686738876,
  "view/Home.view.xml": 1654852682688,
  "view/Detail.view.xml": 1655722243912,
  "view/App.view.xml": 1654686738876,
  "css/style.css": 1654686738872,
  "index.html": 1654686738872
}