{
  "Component-preload.js": 1654681695308,
  "model/models.js": 1646735649351,
  "utils/locate-reuse-libs.js": 1646735649347,
  "manifest.json": 1654681694833,
  "controller/Home.controller.js": 1653592716536,
  "controller/Detail.controller.js": 1649055612037,
  "controller/BaseController.js": 1646736016896,
  "controller/App.controller.js": 1646735996440,
  "Component.js": 1646735649343,
  "manifest-bundle.zip": 1654681694847,
  "i18n/i18n.properties": 1651231504329,
  "controller/Home-dbg.controller.js": 1653592716536,
  "model/models-dbg.js": 1646735649351,
  "utils/locate-reuse-libs-dbg.js": 1646735649347,
  "controller/Detail-dbg.controller.js": 1649055612037,
  "controller/BaseController-dbg.js": 1646736016896,
  "controller/App-dbg.controller.js": 1646735996440,
  "Component-dbg.js": 1646735649343,
  "view/VersionDialog.fragment.xml": 1649319029008,
  "view/ScenarioDialog.fragment.xml": 1649319022096,
  "view/ProdDialog.fragment.xml": 1649319014132,
  "view/LocDialog.fragment.xml": 1646735853288,
  "view/Home.view.xml": 1654015802047,
  "view/Detail.view.xml": 1654006268467,
  "view/App.view.xml": 1649318935947,
  "css/style.css": 1653996491027,
  "index.html": 1654445610365
}