{
  "i18n/i18n.properties": 1653838835443,
  "controller/Detail.controller.js": 1653838835443,
  "utils/locate-reuse-libs.js": 1653838835531,
  "model/models.js": 1653838835531,
  "controller/Home.controller.js": 1653838835443,
  "manifest.json": 1654514192005,
  "controller/BaseController.js": 1653838835443,
  "controller/App.controller.js": 1653838835443,
  "Component.js": 1653838835443,
  "manifest-bundle.zip": 1654514192018,
  "Component-preload.js": 1654514192399,
  "controller/BaseController-dbg.js": 1653838835443,
  "model/models-dbg.js": 1653838835531,
  "controller/Home-dbg.controller.js": 1653838835443,
  "controller/Detail-dbg.controller.js": 1653838835443,
  "utils/locate-reuse-libs-dbg.js": 1653838835531,
  "controller/App-dbg.controller.js": 1653838835443,
  "Component-dbg.js": 1653838835443,
  "view/VersionDialog.fragment.xml": 1653838835531,
  "view/ScenarioDialog.fragment.xml": 1653838835531,
  "view/ProdDialog.fragment.xml": 1653838835531,
  "view/LocDialog.fragment.xml": 1653838835531,
  "view/Home.view.xml": 1654509516033,
  "view/Detail.view.xml": 1654509516033,
  "view/App.view.xml": 1653838835531,
  "css/style.css": 1654509516029,
  "index.html": 1654509516029
}