{
  "utils/locate-reuse-libs.js": 1649242316990,
  "i18n/i18n.properties": 1649242316990,
  "manifest.json": 1649621969367,
  "model/models.js": 1649242316990,
  "controller/Home.controller.js": 1649242316990,
  "controller/Detail.controller.js": 1649242316990,
  "controller/BaseController.js": 1649242316990,
  "controller/App.controller.js": 1649242316990,
  "Component.js": 1649242316990,
  "manifest-bundle.zip": 1649621969381,
  "Component-preload.js": 1649621969899,
  "controller/BaseController-dbg.js": 1649242316990,
  "model/models-dbg.js": 1649242316990,
  "controller/Home-dbg.controller.js": 1649242316990,
  "controller/Detail-dbg.controller.js": 1649242316990,
  "utils/locate-reuse-libs-dbg.js": 1649242316990,
  "controller/App-dbg.controller.js": 1649242316990,
  "Component-dbg.js": 1649242316990,
  "view/VersionDialog.fragment.xml": 1649242316990,
  "view/ScenarioDialog.fragment.xml": 1649242316990,
  "view/ProdDialog.fragment.xml": 1649242316990,
  "view/LocDialog.fragment.xml": 1649242316990,
  "view/Home.view.xml": 1649242316990,
  "view/Detail.view.xml": 1649242316990,
  "view/App.view.xml": 1649242316990,
  "css/style.css": 1649242316990,
  "index.html": 1649242316990
}