{
  "controller/App-dbg.controller.js": 1671100323662,
  "controller/Home.controller.js": 1671100323662,
  "utils/locate-reuse-libs.js": 1671100323666,
  "model/models.js": 1671100323666,
  "manifest.json": 1671200579172,
  "controller/Detail.controller.js": 1671100323662,
  "controller/BaseController.js": 1671100323662,
  "controller/App.controller.js": 1671100323662,
  "Component.js": 1671100323662,
  "manifest-bundle.zip": 1671200579188,
  "Component-preload.js": 1671200579771,
  "Component-dbg.js": 1671100323662,
  "model/models-dbg.js": 1671100323666,
  "controller/Home-dbg.controller.js": 1671100323662,
  "controller/Detail-dbg.controller.js": 1671100323662,
  "controller/BaseController-dbg.js": 1671100323662,
  "i18n/i18n.properties": 1671100323662,
  "utils/locate-reuse-libs-dbg.js": 1671100323666,
  "view/VersionDialog.fragment.xml": 1671100323666,
  "view/ScenarioDialog.fragment.xml": 1671100323666,
  "view/ProdDialog.fragment.xml": 1671100323666,
  "view/LocDialog.fragment.xml": 1671100323666,
  "view/Home.view.xml": 1671100323666,
  "view/Detail.view.xml": 1671100323666,
  "view/App.view.xml": 1671100323666,
  "css/style.css": 1671100323662,
  "index.html": 1671100323662
}