{
  "css/style.css": 1655901760591,
  "manifest.json": 1655970227866,
  "utils/locate-reuse-libs.js": 1655901760591,
  "model/models.js": 1655901760591,
  "controller/Home.controller.js": 1655901760591,
  "controller/Detail.controller.js": 1655901760591,
  "controller/BaseController.js": 1655901760591,
  "controller/App.controller.js": 1655901760591,
  "Component.js": 1655901760591,
  "manifest-bundle.zip": 1655970227878,
  "Component-preload.js": 1655970228297,
  "controller/Detail-dbg.controller.js": 1655901760591,
  "model/models-dbg.js": 1655901760591,
  "controller/Home-dbg.controller.js": 1655901760591,
  "utils/locate-reuse-libs-dbg.js": 1655901760591,
  "controller/BaseController-dbg.js": 1655901760591,
  "controller/App-dbg.controller.js": 1655901760591,
  "Component-dbg.js": 1655901760591,
  "view/VersionDialog.fragment.xml": 1655901760591,
  "view/ScenarioDialog.fragment.xml": 1655901760591,
  "view/ProdDialog.fragment.xml": 1655901760591,
  "view/LocDialog.fragment.xml": 1655901760591,
  "view/Home.view.xml": 1655901760591,
  "view/Detail.view.xml": 1655901760591,
  "view/App.view.xml": 1655901760591,
  "i18n/i18n.properties": 1655901760591,
  "index.html": 1655901760591
}