{
  "model/models.js": 1655901770491,
  "controller/App.controller.js": 1655901770259,
  "utils/locate-reuse-libs.js": 1655901770491,
  "i18n/i18n.properties": 1655901770259,
  "controller/Home.controller.js": 1655901770259,
  "controller/CreateJob.controller.js": 1655939733437,
  "controller/BaseController.js": 1655901770259,
  "manifest.json": 1656097759978,
  "Component.js": 1655901770259,
  "manifest-bundle.zip": 1656097759992,
  "Component-preload.js": 1656097760837,
  "controller/Home-dbg.controller.js": 1655901770259,
  "model/models-dbg.js": 1655901770491,
  "utils/locate-reuse-libs-dbg.js": 1655901770491,
  "controller/CreateJob-dbg.controller.js": 1655939733437,
  "controller/BaseController-dbg.js": 1655901770259,
  "controller/App-dbg.controller.js": 1655901770259,
  "Component-dbg.js": 1655901770259,
  "view/VersionDialog.fragment.xml": 1655901770491,
  "view/UpdateJobDialog.fragment.xml": 1655901770491,
  "view/ScheLog.fragment.xml": 1655901770491,
  "view/ScenarioDialog.fragment.xml": 1655901770491,
  "view/ProdDialog.fragment.xml": 1655901770491,
  "view/PredDialog.fragment.xml": 1655901770491,
  "view/ObjDepDialog.fragment.xml": 1655901770491,
  "view/LocDialog.fragment.xml": 1655901770491,
  "view/JobData.fragment.xml": 1655901770491,
  "view/Home.view.xml": 1655901770491,
  "view/CustomerDialog.fragment.xml": 1655901770491,
  "view/CreateJobDetails.fragment.xml": 1655901770491,
  "view/CreateJob.view.xml": 1655901770491,
  "view/ClassDialog.fragment.xml": 1655901770491,
  "view/App.view.xml": 1655901770491,
  "css/style.css": 1655901770259,
  "index.html": 1655901770259
}