{
  "view/CreateJobDetails.fragment.xml": 1659447417358,
  "model/models.js": 1659447417358,
  "utils/locate-reuse-libs.js": 1659447417358,
  "manifest.json": 1662421218141,
  "controller/Home.controller.js": 1659447417358,
  "controller/CreateJob.controller.js": 1661517422851,
  "controller/BaseController.js": 1659447417358,
  "controller/App.controller.js": 1659447417358,
  "Component.js": 1659447417358,
  "manifest-bundle.zip": 1662421218156,
  "Component-preload.js": 1662421219027,
  "utils/locate-reuse-libs-dbg.js": 1659447417358,
  "model/models-dbg.js": 1659447417358,
  "controller/Home-dbg.controller.js": 1659447417358,
  "controller/CreateJob-dbg.controller.js": 1661517422851,
  "controller/BaseController-dbg.js": 1659447417358,
  "controller/App-dbg.controller.js": 1659447417358,
  "Component-dbg.js": 1659447417358,
  "view/VersionDialog.fragment.xml": 1659447417362,
  "view/UpdateJobDialog.fragment.xml": 1659447417358,
  "view/ScheLog.fragment.xml": 1659447417358,
  "view/ScenarioDialog.fragment.xml": 1659447417358,
  "view/RunLogData.fragment.xml": 1659447417358,
  "view/ProdDialog.fragment.xml": 1659447417358,
  "view/PredDialog.fragment.xml": 1659447417358,
  "view/ObjDepDialog.fragment.xml": 1659447417358,
  "view/LocDialog.fragment.xml": 1659447417358,
  "view/JobData.fragment.xml": 1659447417358,
  "view/Home.view.xml": 1659447417358,
  "view/CustomerDialog.fragment.xml": 1659447417358,
  "i18n/i18n.properties": 1659447417358,
  "view/CreateJob.view.xml": 1661517422855,
  "view/ClassDialog.fragment.xml": 1659447417358,
  "view/App.view.xml": 1659447417358,
  "css/style.css": 1659447417358,
  "index.html": 1659447417358
}