{
  "view/JobData.fragment.xml": 1669628322753,
  "model/models.js": 1669107428088,
  "utils/locate-reuse-libs.js": 1669107428088,
  "manifest.json": 1669804699330,
  "controller/ItemMaster.controller.js": 1669722473016,
  "controller/ItemDetail.controller.js": 1669722512817,
  "controller/Details.controller.js": 1669195188074,
  "controller/CreateJob.controller.js": 1669722967700,
  "controller/BaseController.js": 1669107428084,
  "controller/App.controller.js": 1669107428084,
  "Component.js": 1669107428084,
  "manifest-bundle.zip": 1669804699341,
  "Component-preload.js": 1669804700381,
  "controller/Details-dbg.controller.js": 1669195188074,
  "model/models-dbg.js": 1669107428088,
  "controller/ItemMaster-dbg.controller.js": 1669722473016,
  "controller/ItemDetail-dbg.controller.js": 1669722512817,
  "utils/locate-reuse-libs-dbg.js": 1669107428088,
  "controller/CreateJob-dbg.controller.js": 1669722967700,
  "controller/BaseController-dbg.js": 1669107428084,
  "controller/App-dbg.controller.js": 1669107428084,
  "Component-dbg.js": 1669107428084,
  "view/VersionDialog.fragment.xml": 1669107428088,
  "view/UpdateJobDialog.fragment.xml": 1669107428088,
  "view/ScheLog.fragment.xml": 1669107428088,
  "view/ScenarioDialog.fragment.xml": 1669107428088,
  "view/RunLogData.fragment.xml": 1669107428088,
  "view/ProdDialog.fragment.xml": 1669107428088,
  "view/PredDialog.fragment.xml": 1669107428088,
  "view/ObjDepDialog.fragment.xml": 1669107428088,
  "view/LocDialog.fragment.xml": 1669107428088,
  "i18n/i18n.properties": 1669706632091,
  "view/ItemMaster.view.xml": 1669646258091,
  "view/ItemDetail.view.xml": 1669646500887,
  "view/Details.view.xml": 1669715346756,
  "view/CustomerDialog.fragment.xml": 1669107428088,
  "view/CreateJobDetails.fragment.xml": 1669107428088,
  "view/CreateJob.view.xml": 1669383705679,
  "view/ClassDialog.fragment.xml": 1669107428088,
  "view/App.view.xml": 1669107428088,
  "css/style.css": 1669715346756,
  "index.html": 1669107428088
}