{
  "controller/App.controller.js": 1665415123027,
  "controller/Details.controller.js": 1669283431930,
  "utils/locate-reuse-libs.js": 1661869074995,
  "model/models.js": 1661869074995,
  "controller/ItemMaster.controller.js": 1669790145443,
  "controller/ItemDetail.controller.js": 1672621403065,
  "manifest.json": 1673351659388,
  "controller/CreateJob.controller.js": 1673272720967,
  "controller/BaseController.js": 1665415123027,
  "i18n/i18n.properties": 1672621403065,
  "Component.js": 1661869074991,
  "manifest-bundle.zip": 1673351659401,
  "Component-preload.js": 1673351660660,
  "controller/CreateJob-dbg.controller.js": 1673272720967,
  "model/models-dbg.js": 1661869074995,
  "controller/ItemMaster-dbg.controller.js": 1669790145443,
  "controller/ItemDetail-dbg.controller.js": 1672621403065,
  "controller/Details-dbg.controller.js": 1669283431930,
  "utils/locate-reuse-libs-dbg.js": 1661869074995,
  "controller/BaseController-dbg.js": 1665415123027,
  "controller/App-dbg.controller.js": 1665415123027,
  "Component-dbg.js": 1661869074991,
  "view/VersionDialog.fragment.xml": 1672621403065,
  "view/UpdateJobDialog.fragment.xml": 1661869074995,
  "view/ScheLog.fragment.xml": 1661869074995,
  "view/ScenarioDialog.fragment.xml": 1661869074995,
  "view/RunLogData.fragment.xml": 1661869074995,
  "view/ProdDialog.fragment.xml": 1661869074995,
  "view/PredDialog.fragment.xml": 1661869074995,
  "view/ObjDepDialog.fragment.xml": 1661869074995,
  "view/LocDialog.fragment.xml": 1673017061475,
  "view/JobLink.fragment.xml": 1671438122024,
  "view/JobData.fragment.xml": 1669790145443,
  "view/ItemMaster.view.xml": 1669790145443,
  "view/ItemDetail.view.xml": 1669790145443,
  "view/Details.view.xml": 1669364937917,
  "view/CustomerDialog.fragment.xml": 1661869074995,
  "view/CreateJobDetails.fragment.xml": 1662969900283,
  "view/CreateJob.view.xml": 1673017061475,
  "view/ClassDialog.fragment.xml": 1661869074995,
  "view/App.view.xml": 1665415123031,
  "css/style.css": 1671801127100,
  "index.html": 1668670306193
}