{
  "controller/Home-dbg.controller.js": 1665479929629,
  "Component.js": 1665479929629,
  "utils/locate-reuse-libs.js": 1665479929629,
  "model/models.js": 1665479929629,
  "controller/ItemMaster.controller.js": 1665557514254,
  "controller/ItemDetail.controller.js": 1665479929629,
  "controller/Home.controller.js": 1665479929629,
  "controller/Details.controller.js": 1665479929629,
  "controller/CreateJob.controller.js": 1665485304339,
  "controller/BaseController.js": 1665479929629,
  "controller/App.controller.js": 1665479929629,
  "manifest.json": 1665566974651,
  "manifest-bundle.zip": 1665566974664,
  "Component-preload.js": 1665566975722,
  "controller/Details-dbg.controller.js": 1665479929629,
  "model/models-dbg.js": 1665479929629,
  "controller/ItemMaster-dbg.controller.js": 1665557514254,
  "controller/ItemDetail-dbg.controller.js": 1665479929629,
  "i18n/i18n.properties": 1665556727796,
  "utils/locate-reuse-libs-dbg.js": 1665479929629,
  "controller/CreateJob-dbg.controller.js": 1665485304339,
  "controller/BaseController-dbg.js": 1665479929629,
  "controller/App-dbg.controller.js": 1665479929629,
  "Component-dbg.js": 1665479929629,
  "view/VersionDialog.fragment.xml": 1665479929633,
  "view/UpdateJobDialog.fragment.xml": 1665479929633,
  "view/ScheLog.fragment.xml": 1665479929633,
  "view/ScenarioDialog.fragment.xml": 1665479929633,
  "view/RunLogData.fragment.xml": 1665479929633,
  "view/ProdDialog.fragment.xml": 1665479929629,
  "view/PredDialog.fragment.xml": 1665479929629,
  "view/ObjDepDialog.fragment.xml": 1665479929629,
  "view/LocDialog.fragment.xml": 1665479929629,
  "view/JobLink.fragment.xml": 1665557514254,
  "view/JobData.fragment.xml": 1665479929629,
  "view/ItemMaster.view.xml": 1665556793233,
  "view/ItemDetail.view.xml": 1665496792848,
  "view/Home.view.xml": 1665479929629,
  "view/Details.view.xml": 1665479929629,
  "view/CustomerDialog.fragment.xml": 1665479929629,
  "view/CreateJobDetails.fragment.xml": 1665479929629,
  "view/CreateJob.view.xml": 1665496067039,
  "view/ClassDialog.fragment.xml": 1665479929629,
  "view/App.view.xml": 1665479929629,
  "css/style.css": 1665566657747,
  "index.html": 1665479929629
}