{
  "view/ScenarioDialog.fragment.xml": 1661869074995,
  "controller/App.controller.js": 1661869074991,
  "utils/locate-reuse-libs.js": 1661869074995,
  "model/models.js": 1661869074995,
  "controller/Home.controller.js": 1661869074991,
  "controller/CreateJob.controller.js": 1663325350054,
  "controller/BaseController.js": 1661869074991,
  "manifest.json": 1663330695583,
  "Component.js": 1661869074991,
  "manifest-bundle.zip": 1663330695596,
  "Component-preload.js": 1663330696585,
  "controller/CreateJob-dbg.controller.js": 1663325350054,
  "model/models-dbg.js": 1661869074995,
  "controller/Home-dbg.controller.js": 1661869074991,
  "utils/locate-reuse-libs-dbg.js": 1661869074995,
  "controller/BaseController-dbg.js": 1661869074991,
  "controller/App-dbg.controller.js": 1661869074991,
  "Component-dbg.js": 1661869074991,
  "view/VersionDialog.fragment.xml": 1661869074995,
  "view/UpdateJobDialog.fragment.xml": 1661869074995,
  "view/ScheLog.fragment.xml": 1661869074995,
  "i18n/i18n.properties": 1662628674128,
  "view/RunLogData.fragment.xml": 1661869074995,
  "view/ProdDialog.fragment.xml": 1661869074995,
  "view/PredDialog.fragment.xml": 1661869074995,
  "view/ObjDepDialog.fragment.xml": 1661869074995,
  "view/LocDialog.fragment.xml": 1661869074995,
  "view/JobData.fragment.xml": 1661869074995,
  "view/Home.view.xml": 1662969900283,
  "view/CustomerDialog.fragment.xml": 1661869074995,
  "view/CreateJobDetails.fragment.xml": 1662969900283,
  "view/CreateJob.view.xml": 1663061997154,
  "view/ClassDialog.fragment.xml": 1661869074995,
  "view/App.view.xml": 1661869074995,
  "css/style.css": 1661869074991,
  "index.html": 1661869074991
}