{
  "view/Home.view.xml": 1662968577733,
  "Component.js": 1659447417358,
  "utils/locate-reuse-libs.js": 1659447417358,
  "model/models.js": 1659447417358,
  "controller/ItemMaster.controller.js": 1665415436851,
  "controller/ItemDetail.controller.js": 1665477151671,
  "controller/Home.controller.js": 1665415436851,
  "controller/Details.controller.js": 1665415436851,
  "controller/CreateJob.controller.js": 1665415436851,
  "controller/BaseController.js": 1665415436847,
  "controller/App.controller.js": 1665415436847,
  "manifest.json": 1665477585840,
  "manifest-bundle.zip": 1665477585851,
  "Component-preload.js": 1665477586952,
  "Component-dbg.js": 1659447417358,
  "model/models-dbg.js": 1659447417358,
  "controller/ItemMaster-dbg.controller.js": 1665415436851,
  "controller/ItemDetail-dbg.controller.js": 1665477151671,
  "controller/Home-dbg.controller.js": 1665415436851,
  "controller/Details-dbg.controller.js": 1665415436851,
  "controller/CreateJob-dbg.controller.js": 1665415436851,
  "controller/BaseController-dbg.js": 1665415436847,
  "controller/App-dbg.controller.js": 1665415436847,
  "utils/locate-reuse-libs-dbg.js": 1659447417358,
  "view/VersionDialog.fragment.xml": 1659447417362,
  "view/UpdateJobDialog.fragment.xml": 1659447417358,
  "view/ScheLog.fragment.xml": 1659447417358,
  "view/ScenarioDialog.fragment.xml": 1659447417358,
  "view/RunLogData.fragment.xml": 1659447417358,
  "view/ProdDialog.fragment.xml": 1659447417358,
  "view/PredDialog.fragment.xml": 1659447417358,
  "view/ObjDepDialog.fragment.xml": 1659447417358,
  "view/LocDialog.fragment.xml": 1659447417358,
  "view/JobData.fragment.xml": 1659447417358,
  "view/ItemMaster.view.xml": 1665415436859,
  "view/ItemDetail.view.xml": 1665477151671,
  "i18n/i18n.properties": 1664887594335,
  "view/Details.view.xml": 1665415436859,
  "view/CustomerDialog.fragment.xml": 1659447417358,
  "view/CreateJobDetails.fragment.xml": 1662838028531,
  "view/CreateJob.view.xml": 1665415436859,
  "view/ClassDialog.fragment.xml": 1659447417358,
  "view/App.view.xml": 1665415436859,
  "css/style.css": 1665477151671,
  "index.html": 1664900665133
}