{
  "view/ItemDetail.view.xml": 1666691498543,
  "controller/App.controller.js": 1665154748103,
  "utils/locate-reuse-libs.js": 1662042606625,
  "model/models.js": 1662042606625,
  "controller/ItemMaster.controller.js": 1667986342287,
  "controller/ItemDetail.controller.js": 1667903600718,
  "controller/Details.controller.js": 1667911337133,
  "controller/CreateJob.controller.js": 1667990916271,
  "controller/BaseController.js": 1665154756839,
  "manifest.json": 1668070728697,
  "Component.js": 1662042606625,
  "manifest-bundle.zip": 1668070728711,
  "Component-preload.js": 1668070730088,
  "model/models-dbg.js": 1662042606625,
  "utils/locate-reuse-libs-dbg.js": 1662042606625,
  "controller/ItemMaster-dbg.controller.js": 1667986342287,
  "controller/ItemDetail-dbg.controller.js": 1667903600718,
  "controller/Details-dbg.controller.js": 1667911337133,
  "controller/CreateJob-dbg.controller.js": 1667990916271,
  "controller/BaseController-dbg.js": 1665154756839,
  "controller/App-dbg.controller.js": 1665154748103,
  "Component-dbg.js": 1662042606625,
  "view/VersionDialog.fragment.xml": 1662042606629,
  "view/UpdateJobDialog.fragment.xml": 1662042606629,
  "view/ScheLog.fragment.xml": 1662042606625,
  "view/ScenarioDialog.fragment.xml": 1662042606625,
  "view/RunLogData.fragment.xml": 1662042606625,
  "view/ProdDialog.fragment.xml": 1662042606625,
  "view/PredDialog.fragment.xml": 1662042606625,
  "view/ObjDepDialog.fragment.xml": 1662042606625,
  "view/LocDialog.fragment.xml": 1662042606625,
  "view/JobData.fragment.xml": 1662042606625,
  "view/ItemMaster.view.xml": 1665665098063,
  "i18n/i18n.properties": 1667896440417,
  "view/Details.view.xml": 1667911337133,
  "view/CustomerDialog.fragment.xml": 1662042606625,
  "view/CreateJobDetails.fragment.xml": 1666692052950,
  "view/CreateJob.view.xml": 1667990282181,
  "view/ClassDialog.fragment.xml": 1662042606625,
  "view/App.view.xml": 1665154734878,
  "css/style.css": 1666693540648,
  "index.html": 1667911337133
}