{
  "view/Home.view.xml": 1662968577733,
  "controller/Home.controller.js": 1664884912536,
  "utils/locate-reuse-libs.js": 1659447417358,
  "model/models.js": 1659447417358,
  "manifest.json": 1665401280450,
  "controller/CreateJob.controller.js": 1665034690297,
  "controller/BaseController.js": 1659447417358,
  "controller/App.controller.js": 1659447417358,
  "Component.js": 1659447417358,
  "manifest-bundle.zip": 1665401280462,
  "Component-preload.js": 1665401281621,
  "controller/CreateJob-dbg.controller.js": 1665034690297,
  "model/models-dbg.js": 1659447417358,
  "controller/Home-dbg.controller.js": 1664884912536,
  "utils/locate-reuse-libs-dbg.js": 1659447417358,
  "controller/BaseController-dbg.js": 1659447417358,
  "controller/App-dbg.controller.js": 1659447417358,
  "Component-dbg.js": 1659447417358,
  "view/VersionDialog.fragment.xml": 1659447417362,
  "view/UpdateJobDialog.fragment.xml": 1659447417358,
  "view/ScheLog.fragment.xml": 1659447417358,
  "view/ScenarioDialog.fragment.xml": 1659447417358,
  "view/RunLogData.fragment.xml": 1659447417358,
  "view/ProdDialog.fragment.xml": 1659447417358,
  "view/PredDialog.fragment.xml": 1659447417358,
  "view/ObjDepDialog.fragment.xml": 1659447417358,
  "view/LocDialog.fragment.xml": 1659447417358,
  "view/JobData.fragment.xml": 1659447417358,
  "i18n/i18n.properties": 1664887594335,
  "view/CustomerDialog.fragment.xml": 1659447417358,
  "view/CreateJobDetails.fragment.xml": 1662838028531,
  "view/CreateJob.view.xml": 1665034777786,
  "view/ClassDialog.fragment.xml": 1659447417358,
  "view/App.view.xml": 1659447417358,
  "css/style.css": 1659447417358,
  "index.html": 1664900665133
}