{
  "i18n/i18n.properties": 1664371893086,
  "controller/BaseController.js": 1664368748465,
  "utils/locate-reuse-libs.js": 1664361649582,
  "model/models.js": 1664361649582,
  "controller/Home.controller.js": 1664371419527,
  "manifest.json": 1664373804306,
  "controller/App.controller.js": 1664368748465,
  "Component.js": 1664361649582,
  "manifest-bundle.zip": 1664373804315,
  "Component-preload.js": 1664373804602,
  "controller/BaseController-dbg.js": 1664368748465,
  "model/models-dbg.js": 1664361649582,
  "controller/Home-dbg.controller.js": 1664371419527,
  "utils/locate-reuse-libs-dbg.js": 1664361649582,
  "controller/App-dbg.controller.js": 1664368748465,
  "Component-dbg.js": 1664361649582,
  "view/ProdDialog.fragment.xml": 1664368748473,
  "view/LocDialog.fragment.xml": 1664368748469,
  "view/Home.view.xml": 1664372876203,
  "view/App.view.xml": 1664368748469,
  "css/style.css": 1664368748465,
  "index.html": 1664361649582
}