{
  "Component-dbg.js": 1664362544789,
  "utils/locate-reuse-libs.js": 1664362544793,
  "manifest.json": 1673351848140,
  "model/models.js": 1664362544793,
  "controller/Home.controller.js": 1668670306181,
  "controller/BaseController.js": 1664374795065,
  "controller/App.controller.js": 1664374795065,
  "Component.js": 1664362544789,
  "manifest-bundle.zip": 1673351848160,
  "Component-preload.js": 1673351848655,
  "controller/BaseController-dbg.js": 1664374795065,
  "model/models-dbg.js": 1664362544793,
  "controller/Home-dbg.controller.js": 1668670306181,
  "utils/locate-reuse-libs-dbg.js": 1664362544793,
  "controller/App-dbg.controller.js": 1664374795065,
  "i18n/i18n.properties": 1666149544525,
  "view/ProdDialog.fragment.xml": 1664783004692,
  "view/LocDialog.fragment.xml": 1664783004692,
  "view/Home.view.xml": 1669364937913,
  "view/App.view.xml": 1664374795077,
  "css/style.css": 1669364937913,
  "index.html": 1668670306181
}