{
  "model/models.js": 1665563487110,
  "Component.js": 1665563487502,
  "utils/locate-reuse-libs.js": 1665563487110,
  "i18n/i18n.properties": 1666183218968,
  "controller/Home.controller.js": 1665563487110,
  "controller/BaseController.js": 1665563487110,
  "controller/App.controller.js": 1665563487110,
  "manifest.json": 1666941331837,
  "manifest-bundle.zip": 1666941331850,
  "Component-preload.js": 1666941332239,
  "utils/locate-reuse-libs-dbg.js": 1665563487110,
  "model/models-dbg.js": 1665563487110,
  "controller/Home-dbg.controller.js": 1665563487110,
  "controller/BaseController-dbg.js": 1665563487110,
  "controller/App-dbg.controller.js": 1665563487110,
  "Component-dbg.js": 1665563487502,
  "view/ProdDialog.fragment.xml": 1665563487110,
  "view/LocDialog.fragment.xml": 1665563487110,
  "view/Home.view.xml": 1666183218968,
  "view/App.view.xml": 1665563487110,
  "css/style.css": 1665563487110,
  "index.html": 1665563487110
}