{
  "index.html": 1664532539005,
  "controller/App.controller.js": 1664362029631,
  "utils/locate-reuse-libs.js": 1664360555007,
  "model/models.js": 1664360555007,
  "controller/Home.controller.js": 1664542459590,
  "controller/BaseController.js": 1664362037407,
  "manifest.json": 1667566290334,
  "Component.js": 1664360554999,
  "manifest-bundle.zip": 1667566290349,
  "Component-preload.js": 1667566290837,
  "controller/App-dbg.controller.js": 1664362029631,
  "model/models-dbg.js": 1664360555007,
  "controller/Home-dbg.controller.js": 1664542459590,
  "controller/BaseController-dbg.js": 1664362037407,
  "utils/locate-reuse-libs-dbg.js": 1664360555007,
  "Component-dbg.js": 1664360554999,
  "view/ProdDialog.fragment.xml": 1664540977008,
  "view/LocDialog.fragment.xml": 1664540946500,
  "view/Home.view.xml": 1666101727087,
  "view/App.view.xml": 1664361095956,
  "css/style.css": 1664361945667,
  "i18n/i18n.properties": 1666101727087
}