{
  "controller/BaseController-dbg.js": 1669789252677,
  "controller/Home.controller.js": 1669789252677,
  "utils/locate-reuse-libs.js": 1669789252681,
  "model/models.js": 1669789252681,
  "manifest.json": 1671620230856,
  "controller/BaseController.js": 1669789252677,
  "controller/App.controller.js": 1669789252677,
  "Component.js": 1669789252677,
  "manifest-bundle.zip": 1671620230875,
  "Component-preload.js": 1671620231295,
  "i18n/i18n.properties": 1669789252681,
  "model/models-dbg.js": 1669789252681,
  "controller/Home-dbg.controller.js": 1669789252677,
  "utils/locate-reuse-libs-dbg.js": 1669789252681,
  "controller/App-dbg.controller.js": 1669789252677,
  "Component-dbg.js": 1669789252677,
  "view/ProdDialog.fragment.xml": 1669789252681,
  "view/LocDialog.fragment.xml": 1669789252681,
  "view/Home.view.xml": 1669789349578,
  "view/App.view.xml": 1669789252681,
  "css/style.css": 1669789349574,
  "index.html": 1669789252681
}