{
  "view/Home.view.xml": 1669276915934,
  "controller/Home.controller.js": 1667546536339,
  "utils/locate-reuse-libs.js": 1665563487110,
  "model/models.js": 1665563487110,
  "manifest.json": 1672238449767,
  "controller/BaseController.js": 1665563487110,
  "controller/App.controller.js": 1665563487110,
  "Component.js": 1665563487502,
  "manifest-bundle.zip": 1672238449792,
  "Component-preload.js": 1672238450635,
  "model/models-dbg.js": 1665563487110,
  "utils/locate-reuse-libs-dbg.js": 1665563487110,
  "controller/Home-dbg.controller.js": 1667546536339,
  "controller/BaseController-dbg.js": 1665563487110,
  "controller/App-dbg.controller.js": 1665563487110,
  "Component-dbg.js": 1665563487502,
  "view/ProdDialog.fragment.xml": 1665563487110,
  "view/LocDialog.fragment.xml": 1665563487110,
  "i18n/i18n.properties": 1666183218968,
  "view/App.view.xml": 1665563487110,
  "css/style.css": 1669276884209,
  "index.html": 1667827198965
}