{
  "css/style.css": 1665479929581,
  "controller/App.controller.js": 1665479929581,
  "utils/locate-reuse-libs.js": 1665479929585,
  "model/models.js": 1665479929585,
  "controller/Home.controller.js": 1666942658124,
  "manifest.json": 1667302930221,
  "Component.js": 1665479929581,
  "manifest-bundle.zip": 1667302930237,
  "Component-preload.js": 1667302930689,
  "controller/Home-dbg.controller.js": 1666942658124,
  "model/models-dbg.js": 1665479929585,
  "utils/locate-reuse-libs-dbg.js": 1665479929585,
  "controller/App-dbg.controller.js": 1665479929581,
  "Component-dbg.js": 1665479929581,
  "view/VersionDialog.fragment.xml": 1665479929585,
  "view/ScenarioDialog.fragment.xml": 1665479929585,
  "view/ProdDialog.fragment.xml": 1665479929585,
  "view/LocDialog.fragment.xml": 1665479929585,
  "view/Home.view.xml": 1665733609807,
  "view/App.view.xml": 1665479929585,
  "i18n/i18n.properties": 1665479929581,
  "index.html": 1665479929581
}