{
  "model/models.js": 1661869074979,
  "i18n/i18n.properties": 1662969900279,
  "utils/locate-reuse-libs.js": 1661869074979,
  "manifest.json": 1663921089749,
  "controller/Home.controller.js": 1663770914226,
  "controller/App.controller.js": 1661869074979,
  "Component.js": 1661869074979,
  "manifest-bundle.zip": 1663921089766,
  "Component-preload.js": 1663921090206,
  "utils/locate-reuse-libs-dbg.js": 1661869074979,
  "model/models-dbg.js": 1661869074979,
  "controller/Home-dbg.controller.js": 1663770914226,
  "controller/App-dbg.controller.js": 1661869074979,
  "Component-dbg.js": 1661869074979,
  "view/VersionDialog.fragment.xml": 1661869074979,
  "view/ScenarioDialog.fragment.xml": 1661869074979,
  "view/ProdDialog.fragment.xml": 1663061997146,
  "view/LocDialog.fragment.xml": 1663061997146,
  "view/Home.view.xml": 1663920355387,
  "view/App.view.xml": 1661869074979,
  "css/style.css": 1661869074979,
  "index.html": 1661869074979
}