{
  "Component-dbg.js": 1662042606597,
  "utils/locate-reuse-libs.js": 1662042606601,
  "manifest.json": 1667296933161,
  "model/models.js": 1662042606601,
  "controller/Home.controller.js": 1667221308849,
  "controller/App.controller.js": 1662042606597,
  "Component.js": 1662042606597,
  "manifest-bundle.zip": 1667296933177,
  "Component-preload.js": 1667296933666,
  "controller/Home-dbg.controller.js": 1667221308849,
  "model/models-dbg.js": 1662042606601,
  "utils/locate-reuse-libs-dbg.js": 1662042606601,
  "controller/App-dbg.controller.js": 1662042606597,
  "i18n/i18n.properties": 1662788377708,
  "view/VersionDialog.fragment.xml": 1662042606601,
  "view/ScenarioDialog.fragment.xml": 1662042606601,
  "view/ProdDialog.fragment.xml": 1663060722159,
  "view/LocDialog.fragment.xml": 1663060722159,
  "view/Home.view.xml": 1665742718614,
  "view/App.view.xml": 1662042606601,
  "css/style.css": 1662042606597,
  "index.html": 1662042606597
}