{
  "view/Home.view.xml": 1669715346712,
  "manifest.json": 1669794613445,
  "utils/locate-reuse-libs.js": 1669107428040,
  "model/models.js": 1669107428040,
  "controller/Home.controller.js": 1669715346712,
  "controller/App.controller.js": 1669107428040,
  "Component.js": 1669107428040,
  "manifest-bundle.zip": 1669794613459,
  "Component-preload.js": 1669794613967,
  "model/models-dbg.js": 1669107428040,
  "utils/locate-reuse-libs-dbg.js": 1669107428040,
  "controller/Home-dbg.controller.js": 1669715346712,
  "controller/App-dbg.controller.js": 1669107428040,
  "Component-dbg.js": 1669107428040,
  "view/VersionDialog.fragment.xml": 1669107428040,
  "view/ScenarioDialog.fragment.xml": 1669107428040,
  "view/ProdDialog.fragment.xml": 1669107428040,
  "view/LocDialog.fragment.xml": 1669107428040,
  "i18n/i18n.properties": 1669107428040,
  "view/App.view.xml": 1669107428040,
  "css/style.css": 1669715346712,
  "index.html": 1669715346712
}