{
  "controller/Home.controller.js": 1667542489143,
  "controller/App.controller.js": 1661440197807,
  "utils/locate-reuse-libs.js": 1661440197807,
  "model/models.js": 1661440197807,
  "i18n/i18n.properties": 1662978440286,
  "manifest.json": 1667543625700,
  "Component.js": 1661440197807,
  "manifest-bundle.zip": 1667543625747,
  "Component-preload.js": 1667543626747,
  "controller/Home-dbg.controller.js": 1667542489143,
  "model/models-dbg.js": 1661440197807,
  "utils/locate-reuse-libs-dbg.js": 1661440197807,
  "controller/App-dbg.controller.js": 1661440197807,
  "Component-dbg.js": 1661440197807,
  "view/VersionDialog.fragment.xml": 1661495460392,
  "view/ScenarioDialog.fragment.xml": 1661495480864,
  "view/ProdDialog.fragment.xml": 1662975542310,
  "view/LocDialog.fragment.xml": 1662975539522,
  "view/Home.view.xml": 1667541806802,
  "view/App.view.xml": 1661440197807,
  "css/style.css": 1667541576884,
  "index.html": 1667542293358
}