{
  "Component.js": 1669729244043,
  "model/models.js": 1669729244047,
  "utils/locate-reuse-libs.js": 1669729244047,
  "manifest.json": 1669733088716,
  "controller/Home.controller.js": 1669729244043,
  "controller/App.controller.js": 1669729244043,
  "i18n/i18n.properties": 1669729244043,
  "manifest-bundle.zip": 1669733088725,
  "Component-preload.js": 1669733089024,
  "controller/Home-dbg.controller.js": 1669729244043,
  "model/models-dbg.js": 1669729244047,
  "utils/locate-reuse-libs-dbg.js": 1669729244047,
  "controller/App-dbg.controller.js": 1669729244043,
  "Component-dbg.js": 1669729244043,
  "view/VersionDialog.fragment.xml": 1669729244047,
  "view/ScenarioDialog.fragment.xml": 1669729244047,
  "view/ProdDialog.fragment.xml": 1669729244047,
  "view/LocDialog.fragment.xml": 1669729244047,
  "view/Home.view.xml": 1669729244047,
  "view/App.view.xml": 1669729244047,
  "css/style.css": 1669729244043,
  "index.html": 1669729244043
}