{
  "i18n/i18n.properties": 1665479929581,
  "Component.js": 1665479929581,
  "utils/locate-reuse-libs.js": 1665479929585,
  "model/models.js": 1665479929585,
  "controller/Home.controller.js": 1671700670219,
  "controller/App.controller.js": 1665479929581,
  "manifest.json": 1672492812443,
  "manifest-bundle.zip": 1672492812460,
  "Component-preload.js": 1672492812914,
  "controller/App-dbg.controller.js": 1665479929581,
  "model/models-dbg.js": 1665479929585,
  "controller/Home-dbg.controller.js": 1671700670219,
  "utils/locate-reuse-libs-dbg.js": 1665479929585,
  "Component-dbg.js": 1665479929581,
  "view/VersionDialog.fragment.xml": 1665479929585,
  "view/ScenarioDialog.fragment.xml": 1665479929585,
  "view/ProdDialog.fragment.xml": 1665479929585,
  "view/LocDialog.fragment.xml": 1665479929585,
  "view/Home.view.xml": 1670241770372,
  "view/App.view.xml": 1665479929585,
  "css/style.css": 1669712774030,
  "index.html": 1669712774030
}