{
  "controller/App.controller.js": 1662042606597,
  "controller/Home.controller.js": 1667549811542,
  "utils/locate-reuse-libs.js": 1662042606601,
  "model/models.js": 1662042606601,
  "manifest.json": 1668070851381,
  "i18n/i18n.properties": 1662788377708,
  "Component.js": 1662042606597,
  "manifest-bundle.zip": 1668070851405,
  "Component-preload.js": 1668070852009,
  "model/models-dbg.js": 1662042606601,
  "utils/locate-reuse-libs-dbg.js": 1662042606601,
  "controller/Home-dbg.controller.js": 1667549811542,
  "controller/App-dbg.controller.js": 1662042606597,
  "Component-dbg.js": 1662042606597,
  "view/VersionDialog.fragment.xml": 1662042606601,
  "view/ScenarioDialog.fragment.xml": 1662042606601,
  "view/ProdDialog.fragment.xml": 1663060722159,
  "view/LocDialog.fragment.xml": 1663060722159,
  "view/Home.view.xml": 1667911337105,
  "view/App.view.xml": 1662042606601,
  "css/style.css": 1667911337105,
  "index.html": 1667549811542
}