{
  "manifest-bundle.zip": 1663582997521,
  "controller/Home.controller.js": 1663581790238,
  "utils/locate-reuse-libs.js": 1661517422851,
  "model/models.js": 1661517422851,
  "manifest.json": 1663582997502,
  "controller/App.controller.js": 1661517422843,
  "Component.js": 1661517422843,
  "i18n/i18n.properties": 1662742106057,
  "Component-preload.js": 1663582997982,
  "controller/Home-dbg.controller.js": 1663581790238,
  "model/models-dbg.js": 1661517422851,
  "utils/locate-reuse-libs-dbg.js": 1661517422851,
  "controller/App-dbg.controller.js": 1661517422843,
  "Component-dbg.js": 1661517422843,
  "view/VersionDialog.fragment.xml": 1661865456729,
  "view/ScenarioDialog.fragment.xml": 1661865456729,
  "view/ProdDialog.fragment.xml": 1662982085321,
  "view/LocDialog.fragment.xml": 1662982085321,
  "view/Home.view.xml": 1663246564079,
  "view/App.view.xml": 1661517422851,
  "css/style.css": 1661517422843,
  "index.html": 1661865456725
}