{
  "controller/Home-dbg.controller.js": 1668670306173,
  "controller/Home.controller.js": 1668670306173,
  "utils/locate-reuse-libs.js": 1661869074979,
  "model/models.js": 1661869074979,
  "manifest.json": 1669363801409,
  "controller/App.controller.js": 1661869074979,
  "Component.js": 1661869074979,
  "manifest-bundle.zip": 1669363801418,
  "Component-preload.js": 1669363801701,
  "controller/App-dbg.controller.js": 1661869074979,
  "model/models-dbg.js": 1661869074979,
  "i18n/i18n.properties": 1662969900279,
  "utils/locate-reuse-libs-dbg.js": 1661869074979,
  "Component-dbg.js": 1661869074979,
  "view/VersionDialog.fragment.xml": 1661869074979,
  "view/ScenarioDialog.fragment.xml": 1661869074979,
  "view/ProdDialog.fragment.xml": 1663061997146,
  "view/LocDialog.fragment.xml": 1663061997146,
  "view/Home.view.xml": 1669283431870,
  "view/App.view.xml": 1661869074979,
  "css/style.css": 1668670306173,
  "index.html": 1668670306173
}