{
  "controller/App.controller.js": 1661869074911,
  "i18n/i18n.properties": 1661869074911,
  "utils/locate-reuse-libs.js": 1661869074911,
  "model/models.js": 1661869074911,
  "controller/ItemMaster.controller.js": 1661869074911,
  "controller/ItemDetail.controller.js": 1661869074911,
  "controller/Details.controller.js": 1661869074911,
  "controller/BaseController.js": 1661869074911,
  "manifest.json": 1663667967655,
  "Component.js": 1661869074911,
  "manifest-bundle.zip": 1663667967666,
  "Component-preload.js": 1663667968037,
  "controller/App-dbg.controller.js": 1661869074911,
  "model/models-dbg.js": 1661869074911,
  "controller/ItemMaster-dbg.controller.js": 1661869074911,
  "controller/ItemDetail-dbg.controller.js": 1661869074911,
  "controller/Details-dbg.controller.js": 1661869074911,
  "controller/BaseController-dbg.js": 1661869074911,
  "utils/locate-reuse-libs-dbg.js": 1661869074911,
  "Component-dbg.js": 1661869074911,
  "view/ItemMaster.view.xml": 1661869074911,
  "view/ItemDetail.view.xml": 1662628674108,
  "view/Details.view.xml": 1661869074911,
  "view/App.view.xml": 1661869074911,
  "css/style.css": 1661869074911,
  "index.html": 1661869074911
}