{
  "controller/BaseController-dbg.js": 1659447417290,
  "controller/ItemMaster.controller.js": 1659447417290,
  "utils/locate-reuse-libs.js": 1659447417294,
  "model/models.js": 1659447417294,
  "manifest.json": 1663253305671,
  "controller/ItemDetail.controller.js": 1662549505875,
  "controller/Details.controller.js": 1659447417290,
  "controller/BaseController.js": 1659447417290,
  "controller/App.controller.js": 1659447417290,
  "Component.js": 1659447417290,
  "manifest-bundle.zip": 1663253305694,
  "Component-preload.js": 1663253306203,
  "Component-dbg.js": 1659447417290,
  "model/models-dbg.js": 1659447417294,
  "controller/ItemMaster-dbg.controller.js": 1659447417290,
  "controller/ItemDetail-dbg.controller.js": 1662549505875,
  "controller/Details-dbg.controller.js": 1659447417290,
  "i18n/i18n.properties": 1659447417290,
  "controller/App-dbg.controller.js": 1659447417290,
  "utils/locate-reuse-libs-dbg.js": 1659447417294,
  "view/ItemMaster.view.xml": 1659447417294,
  "view/ItemDetail.view.xml": 1662549565452,
  "view/Details.view.xml": 1659447417294,
  "view/App.view.xml": 1659447417294,
  "css/style.css": 1659447417290,
  "index.html": 1659447417290
}