{
  "view/Details.view.xml": 1659447417294,
  "controller/ItemDetail.controller.js": 1662545104500,
  "utils/locate-reuse-libs.js": 1659447417294,
  "model/models.js": 1659447417294,
  "controller/ItemMaster.controller.js": 1659447417290,
  "manifest.json": 1662545494650,
  "controller/Details.controller.js": 1659447417290,
  "controller/BaseController.js": 1659447417290,
  "controller/App.controller.js": 1659447417290,
  "Component.js": 1659447417290,
  "manifest-bundle.zip": 1662545494666,
  "Component-preload.js": 1662545495061,
  "model/models-dbg.js": 1659447417294,
  "utils/locate-reuse-libs-dbg.js": 1659447417294,
  "controller/ItemMaster-dbg.controller.js": 1659447417290,
  "controller/ItemDetail-dbg.controller.js": 1662545104500,
  "controller/Details-dbg.controller.js": 1659447417290,
  "controller/BaseController-dbg.js": 1659447417290,
  "controller/App-dbg.controller.js": 1659447417290,
  "Component-dbg.js": 1659447417290,
  "view/ItemMaster.view.xml": 1659447417294,
  "view/ItemDetail.view.xml": 1662545112504,
  "i18n/i18n.properties": 1659447417290,
  "view/App.view.xml": 1659447417294,
  "css/style.css": 1659447417290,
  "index.html": 1659447417290
}