{
  "controller/Details.controller.js": 1653838828843,
  "utils/locate-reuse-libs.js": 1653838828847,
  "manifest.json": 1654507204735,
  "model/models.js": 1653838828847,
  "controller/ItemMaster.controller.js": 1653838828847,
  "controller/ItemDetail.controller.js": 1653838828847,
  "i18n/i18n.properties": 1653838828847,
  "controller/BaseController.js": 1653838828843,
  "controller/App.controller.js": 1653838828843,
  "Component.js": 1653838828843,
  "manifest-bundle.zip": 1654507204748,
  "Component-preload.js": 1654507205134,
  "controller/BaseController-dbg.js": 1653838828843,
  "model/models-dbg.js": 1653838828847,
  "controller/ItemMaster-dbg.controller.js": 1653838828847,
  "controller/ItemDetail-dbg.controller.js": 1653838828847,
  "controller/Details-dbg.controller.js": 1653838828843,
  "utils/locate-reuse-libs-dbg.js": 1653838828847,
  "controller/App-dbg.controller.js": 1653838828843,
  "Component-dbg.js": 1653838828843,
  "view/ItemMaster.view.xml": 1653838828847,
  "view/ItemDetail.view.xml": 1653838828847,
  "view/Details.view.xml": 1653838828847,
  "view/App.view.xml": 1653838828847,
  "css/style.css": 1653838828847,
  "index.html": 1653838828847
}