{
  "Component.js": 1649242316966,
  "controller/Details.controller.js": 1649758051722,
  "utils/locate-reuse-libs.js": 1649242316966,
  "model/models.js": 1649242316966,
  "controller/ItemMaster.controller.js": 1649242316966,
  "controller/ItemDetail.controller.js": 1649758051722,
  "manifest.json": 1652363671995,
  "controller/BaseController.js": 1649242316966,
  "controller/App.controller.js": 1649242316966,
  "i18n/i18n.properties": 1652181815481,
  "manifest-bundle.zip": 1652363672094,
  "Component-preload.js": 1652363672520,
  "utils/locate-reuse-libs-dbg.js": 1649242316966,
  "model/models-dbg.js": 1649242316966,
  "controller/ItemMaster-dbg.controller.js": 1649242316966,
  "controller/ItemDetail-dbg.controller.js": 1649758051722,
  "controller/Details-dbg.controller.js": 1649758051722,
  "controller/BaseController-dbg.js": 1649242316966,
  "controller/App-dbg.controller.js": 1649242316966,
  "Component-dbg.js": 1649242316966,
  "view/ItemMaster.view.xml": 1649758051722,
  "view/ItemDetail.view.xml": 1649758051722,
  "view/Details.view.xml": 1652182194709,
  "view/App.view.xml": 1649758051722,
  "css/style.css": 1649242316966,
  "index.html": 1650284306168
}