{
  "model/models-dbg.js": 1661440197739,
  "utils/locate-reuse-libs.js": 1661440197739,
  "manifest.json": 1667411547682,
  "model/models.js": 1661440197739,
  "controller/ItemMaster.controller.js": 1666693187654,
  "controller/ItemDetail.controller.js": 1661440197739,
  "controller/Details.controller.js": 1661440197739,
  "controller/BaseController.js": 1661440197739,
  "controller/App.controller.js": 1661440197739,
  "Component.js": 1661440197739,
  "manifest-bundle.zip": 1667411547695,
  "Component-preload.js": 1667411548098,
  "controller/ItemDetail-dbg.controller.js": 1661440197739,
  "i18n/i18n.properties": 1666693187654,
  "controller/ItemMaster-dbg.controller.js": 1666693187654,
  "utils/locate-reuse-libs-dbg.js": 1661440197739,
  "controller/Details-dbg.controller.js": 1661440197739,
  "controller/BaseController-dbg.js": 1661440197739,
  "controller/App-dbg.controller.js": 1661440197739,
  "Component-dbg.js": 1661440197739,
  "view/ItemMaster.view.xml": 1666693187654,
  "view/ItemDetail.view.xml": 1666693187654,
  "view/Details.view.xml": 1661440197739,
  "view/App.view.xml": 1661440197739,
  "css/style.css": 1661440197739,
  "index.html": 1661440197739
}