{
  "view/ItemMaster.view.xml": 1644402231105,
  "controller/App.controller.js": 1644402231101,
  "utils/locate-reuse-libs.js": 1644402231105,
  "model/models.js": 1644402231105,
  "controller/ItemMaster.controller.js": 1644402231101,
  "controller/ItemDetail.controller.js": 1644402231101,
  "controller/Details.controller.js": 1644402231101,
  "controller/BaseController.js": 1644402231101,
  "manifest.json": 1644418393972,
  "Component.js": 1644402231101,
  "manifest-bundle.zip": 1644418393985,
  "Component-preload.js": 1644418394451,
  "controller/ItemDetail-dbg.controller.js": 1644402231101,
  "model/models-dbg.js": 1644402231105,
  "controller/ItemMaster-dbg.controller.js": 1644402231101,
  "utils/locate-reuse-libs-dbg.js": 1644402231105,
  "controller/Details-dbg.controller.js": 1644402231101,
  "controller/BaseController-dbg.js": 1644402231101,
  "controller/App-dbg.controller.js": 1644402231101,
  "Component-dbg.js": 1644402231101,
  "i18n/i18n.properties": 1644402231101,
  "view/ItemDetail.view.xml": 1644402231105,
  "view/Details.view.xml": 1644402231105,
  "view/App.view.xml": 1644402231105,
  "css/style.css": 1644402231101,
  "index.html": 1644402231101
}