{
  "model/models-dbg.js": 1671100323642,
  "Component.js": 1671100323642,
  "utils/locate-reuse-libs.js": 1671100323642,
  "model/models.js": 1671100323642,
  "controller/ItemMaster.controller.js": 1671100323642,
  "controller/ItemDetail.controller.js": 1671100323642,
  "controller/Details.controller.js": 1671100323642,
  "controller/BaseController.js": 1671100323642,
  "controller/App.controller.js": 1671100323642,
  "manifest.json": 1671200444715,
  "manifest-bundle.zip": 1671200444727,
  "Component-preload.js": 1671200445118,
  "controller/App-dbg.controller.js": 1671100323642,
  "i18n/i18n.properties": 1671100323642,
  "controller/ItemMaster-dbg.controller.js": 1671100323642,
  "controller/ItemDetail-dbg.controller.js": 1671100323642,
  "controller/Details-dbg.controller.js": 1671100323642,
  "controller/BaseController-dbg.js": 1671100323642,
  "utils/locate-reuse-libs-dbg.js": 1671100323642,
  "Component-dbg.js": 1671100323642,
  "view/ItemMaster.view.xml": 1671100323642,
  "view/ItemDetail.view.xml": 1671100323642,
  "view/Details.view.xml": 1671100323642,
  "view/App.view.xml": 1671100323642,
  "css/style.css": 1671100323642,
  "index.html": 1671100323642
}