{
  "index.html": 1667910898054,
  "controller/ItemMaster.controller.js": 1667910898054,
  "utils/locate-reuse-libs.js": 1665479929489,
  "model/models.js": 1665479929489,
  "manifest.json": 1669015922300,
  "controller/ItemDetail.controller.js": 1665479929485,
  "controller/Details.controller.js": 1667910898054,
  "controller/BaseController.js": 1665479929485,
  "controller/App.controller.js": 1665479929485,
  "Component.js": 1665479929485,
  "manifest-bundle.zip": 1669015922312,
  "Component-preload.js": 1669015922667,
  "controller/BaseController-dbg.js": 1665479929485,
  "model/models-dbg.js": 1665479929489,
  "controller/ItemMaster-dbg.controller.js": 1667910898054,
  "controller/ItemDetail-dbg.controller.js": 1665479929485,
  "controller/Details-dbg.controller.js": 1667910898054,
  "utils/locate-reuse-libs-dbg.js": 1665479929489,
  "controller/App-dbg.controller.js": 1665479929485,
  "Component-dbg.js": 1665479929485,
  "view/ItemMaster.view.xml": 1667910898054,
  "view/ItemDetail.view.xml": 1666258684104,
  "view/Details.view.xml": 1667910898054,
  "view/App.view.xml": 1667910898054,
  "css/style.css": 1665479929485,
  "i18n/i18n.properties": 1667896915789
}