{
  "view/Details.view.xml": 1654124321190,
  "model/models.js": 1654124321190,
  "utils/locate-reuse-libs.js": 1654124321190,
  "manifest.json": 1654127146701,
  "controller/ItemMaster.controller.js": 1654124321190,
  "controller/ItemDetail.controller.js": 1654124321190,
  "controller/Details.controller.js": 1654124321190,
  "controller/BaseController.js": 1654124321190,
  "controller/App.controller.js": 1654124321190,
  "Component.js": 1654124321190,
  "manifest-bundle.zip": 1654127146713,
  "Component-preload.js": 1654127147112,
  "Component-dbg.js": 1654124321190,
  "model/models-dbg.js": 1654124321190,
  "controller/ItemMaster-dbg.controller.js": 1654124321190,
  "controller/ItemDetail-dbg.controller.js": 1654124321190,
  "controller/Details-dbg.controller.js": 1654124321190,
  "controller/BaseController-dbg.js": 1654124321190,
  "controller/App-dbg.controller.js": 1654124321190,
  "utils/locate-reuse-libs-dbg.js": 1654124321190,
  "view/ItemMaster.view.xml": 1654124321190,
  "view/ItemDetail.view.xml": 1654124321190,
  "i18n/i18n.properties": 1654124321190,
  "view/App.view.xml": 1654124321190,
  "css/style.css": 1654124321190,
  "index.html": 1654124321190
}