{
  "css/style.css": 1668774907496,
  "controller/BaseController.js": 1668774907496,
  "utils/locate-reuse-libs.js": 1668774907496,
  "model/models.js": 1668774907496,
  "controller/ItemMaster.controller.js": 1668774907496,
  "controller/ItemDetail.controller.js": 1668774907496,
  "controller/Details.controller.js": 1668774907496,
  "manifest.json": 1668776449828,
  "controller/App.controller.js": 1668774907496,
  "Component.js": 1668774907496,
  "manifest-bundle.zip": 1668776449843,
  "Component-preload.js": 1668776450235,
  "utils/locate-reuse-libs-dbg.js": 1668774907496,
  "model/models-dbg.js": 1668774907496,
  "controller/ItemMaster-dbg.controller.js": 1668774907496,
  "controller/ItemDetail-dbg.controller.js": 1668774907496,
  "controller/Details-dbg.controller.js": 1668774907496,
  "controller/BaseController-dbg.js": 1668774907496,
  "controller/App-dbg.controller.js": 1668774907496,
  "Component-dbg.js": 1668774907496,
  "view/ItemMaster.view.xml": 1668774907496,
  "view/ItemDetail.view.xml": 1668774907496,
  "view/Details.view.xml": 1668774907496,
  "view/App.view.xml": 1668774907496,
  "i18n/i18n.properties": 1668774907496,
  "index.html": 1668774907496
}