{
  "Component-dbg.js": 1661440197739,
  "model/models.js": 1661440197739,
  "utils/locate-reuse-libs.js": 1661440197739,
  "manifest.json": 1672237826206,
  "controller/ItemMaster.controller.js": 1667562102164,
  "controller/ItemDetail.controller.js": 1661440197739,
  "controller/Details.controller.js": 1667562127764,
  "controller/BaseController.js": 1661440197739,
  "controller/App.controller.js": 1661440197739,
  "Component.js": 1661440197739,
  "manifest-bundle.zip": 1672237826219,
  "Component-preload.js": 1672237826605,
  "model/models-dbg.js": 1661440197739,
  "utils/locate-reuse-libs-dbg.js": 1661440197739,
  "controller/ItemMaster-dbg.controller.js": 1667562102164,
  "controller/ItemDetail-dbg.controller.js": 1661440197739,
  "controller/Details-dbg.controller.js": 1667562127764,
  "controller/BaseController-dbg.js": 1661440197739,
  "controller/App-dbg.controller.js": 1661440197739,
  "i18n/i18n.properties": 1667906485046,
  "view/ItemMaster.view.xml": 1667562076432,
  "view/ItemDetail.view.xml": 1666693187654,
  "view/Details.view.xml": 1669284708832,
  "view/App.view.xml": 1667550694947,
  "css/style.css": 1669284679540,
  "index.html": 1667545606443
}