{
  "utils/locate-reuse-libs-dbg.js": 1648611174604,
  "utils/locate-reuse-libs.js": 1648611174604,
  "manifest.json": 1648805414503,
  "model/models.js": 1648611174604,
  "controller/ItemMaster.controller.js": 1648611174600,
  "controller/ItemDetail.controller.js": 1648611174600,
  "controller/Details.controller.js": 1648611174600,
  "controller/BaseController.js": 1648611174600,
  "controller/App.controller.js": 1648611174600,
  "Component.js": 1648611174600,
  "manifest-bundle.zip": 1648805414526,
  "Component-preload.js": 1648805415129,
  "controller/BaseController-dbg.js": 1648611174600,
  "model/models-dbg.js": 1648611174604,
  "controller/ItemMaster-dbg.controller.js": 1648611174600,
  "controller/ItemDetail-dbg.controller.js": 1648611174600,
  "controller/Details-dbg.controller.js": 1648611174600,
  "i18n/i18n.properties": 1648611174600,
  "controller/App-dbg.controller.js": 1648611174600,
  "Component-dbg.js": 1648611174600,
  "view/ItemMaster.view.xml": 1648611174604,
  "view/ItemDetail.view.xml": 1648611174604,
  "view/Details.view.xml": 1648611174604,
  "view/App.view.xml": 1648611174604,
  "css/style.css": 1648611174600,
  "index.html": 1648611174600
}