{
  "view/ItemMaster.view.xml": 1654686738244,
  "Component.js": 1654686738240,
  "utils/locate-reuse-libs.js": 1654686738244,
  "model/models.js": 1654686738244,
  "controller/ItemMaster.controller.js": 1654686738244,
  "controller/ItemDetail.controller.js": 1654686738244,
  "controller/Details.controller.js": 1654686738244,
  "controller/BaseController.js": 1654686738240,
  "controller/App.controller.js": 1654686738240,
  "manifest.json": 1654763581682,
  "manifest-bundle.zip": 1654763581694,
  "Component-preload.js": 1654763582144,
  "controller/Details-dbg.controller.js": 1654686738244,
  "model/models-dbg.js": 1654686738244,
  "controller/ItemMaster-dbg.controller.js": 1654686738244,
  "controller/ItemDetail-dbg.controller.js": 1654686738244,
  "utils/locate-reuse-libs-dbg.js": 1654686738244,
  "controller/BaseController-dbg.js": 1654686738240,
  "controller/App-dbg.controller.js": 1654686738240,
  "Component-dbg.js": 1654686738240,
  "i18n/i18n.properties": 1654686738244,
  "view/ItemDetail.view.xml": 1654686738244,
  "view/Details.view.xml": 1654686738244,
  "view/App.view.xml": 1654686738244,
  "css/style.css": 1654686738244,
  "index.html": 1654686738244
}