{
  "manifest.json": 1656600836235,
  "model/models.js": 1655901760103,
  "utils/locate-reuse-libs.js": 1655901760103,
  "i18n/i18n.properties": 1655901760103,
  "controller/ItemMaster.controller.js": 1655901760103,
  "controller/ItemDetail.controller.js": 1655901760103,
  "controller/Details.controller.js": 1655901760103,
  "controller/BaseController.js": 1655901760103,
  "controller/App.controller.js": 1655901760103,
  "Component.js": 1655901760103,
  "manifest-bundle.zip": 1656600836253,
  "Component-preload.js": 1656600836710,
  "controller/ItemDetail-dbg.controller.js": 1655901760103,
  "model/models-dbg.js": 1655901760103,
  "controller/ItemMaster-dbg.controller.js": 1655901760103,
  "utils/locate-reuse-libs-dbg.js": 1655901760103,
  "controller/Details-dbg.controller.js": 1655901760103,
  "controller/BaseController-dbg.js": 1655901760103,
  "controller/App-dbg.controller.js": 1655901760103,
  "Component-dbg.js": 1655901760103,
  "view/ItemMaster.view.xml": 1655901760103,
  "view/ItemDetail.view.xml": 1655901760103,
  "view/Details.view.xml": 1655901760103,
  "view/App.view.xml": 1655901760103,
  "css/style.css": 1655901760103,
  "index.html": 1655901760103
}