{
  "view/App.view.xml": 1649317172700,
  "manifest.json": 1654681354258,
  "utils/locate-reuse-libs.js": 1643345040831,
  "model/models.js": 1643345040835,
  "controller/ItemMaster.controller.js": 1649055033748,
  "controller/ItemDetail.controller.js": 1653588475465,
  "controller/Details.controller.js": 1649316514609,
  "controller/BaseController.js": 1643346015437,
  "controller/App.controller.js": 1643345848619,
  "Component.js": 1643345040811,
  "manifest-bundle.zip": 1654681354271,
  "Component-preload.js": 1654681354687,
  "controller/ItemMaster-dbg.controller.js": 1649055033748,
  "model/models-dbg.js": 1643345040835,
  "utils/locate-reuse-libs-dbg.js": 1643345040831,
  "controller/ItemDetail-dbg.controller.js": 1653588475465,
  "controller/Details-dbg.controller.js": 1649316514609,
  "controller/BaseController-dbg.js": 1643346015437,
  "controller/App-dbg.controller.js": 1643345848619,
  "Component-dbg.js": 1643345040811,
  "view/ItemMaster.view.xml": 1649316645070,
  "view/ItemDetail.view.xml": 1649316613234,
  "view/Details.view.xml": 1652376012642,
  "i18n/i18n.properties": 1652376012642,
  "css/style.css": 1653588671605,
  "index.html": 1650361891303
}