{
  "controller/Details.controller.js": 1667911337021,
  "utils/locate-reuse-libs.js": 1662042606521,
  "manifest.json": 1667995540049,
  "model/models.js": 1662042606521,
  "controller/ItemMaster.controller.js": 1667911337021,
  "controller/ItemDetail.controller.js": 1662042606521,
  "i18n/i18n.properties": 1667904861042,
  "controller/BaseController.js": 1662042606521,
  "controller/App.controller.js": 1662042606517,
  "Component.js": 1662042606517,
  "manifest-bundle.zip": 1667995540063,
  "Component-preload.js": 1667995540525,
  "Component-dbg.js": 1662042606517,
  "model/models-dbg.js": 1662042606521,
  "controller/ItemMaster-dbg.controller.js": 1667911337021,
  "controller/ItemDetail-dbg.controller.js": 1662042606521,
  "controller/Details-dbg.controller.js": 1667911337021,
  "controller/BaseController-dbg.js": 1662042606521,
  "controller/App-dbg.controller.js": 1662042606517,
  "utils/locate-reuse-libs-dbg.js": 1662042606521,
  "view/ItemMaster.view.xml": 1667911337025,
  "view/ItemDetail.view.xml": 1666250927814,
  "view/Details.view.xml": 1667911337025,
  "view/App.view.xml": 1667911337025,
  "css/style.css": 1662042606521,
  "index.html": 1667911337025
}