{
  "css/style.css": 1661869074911,
  "controller/Details.controller.js": 1668670306117,
  "utils/locate-reuse-libs.js": 1661869074911,
  "model/models.js": 1661869074911,
  "controller/ItemMaster.controller.js": 1668670306117,
  "controller/ItemDetail.controller.js": 1661869074911,
  "manifest.json": 1668712575661,
  "controller/BaseController.js": 1661869074911,
  "controller/App.controller.js": 1661869074911,
  "Component.js": 1661869074911,
  "manifest-bundle.zip": 1668712575673,
  "Component-preload.js": 1668712576057,
  "controller/App-dbg.controller.js": 1661869074911,
  "model/models-dbg.js": 1661869074911,
  "controller/ItemMaster-dbg.controller.js": 1668670306117,
  "controller/ItemDetail-dbg.controller.js": 1661869074911,
  "controller/Details-dbg.controller.js": 1668670306117,
  "controller/BaseController-dbg.js": 1661869074911,
  "utils/locate-reuse-libs-dbg.js": 1661869074911,
  "Component-dbg.js": 1661869074911,
  "view/ItemMaster.view.xml": 1668670306117,
  "view/ItemDetail.view.xml": 1666177982440,
  "view/Details.view.xml": 1668670306117,
  "view/App.view.xml": 1668670306117,
  "i18n/i18n.properties": 1668670306117,
  "index.html": 1668670306117
}