{
  "controller/Home-dbg.controller.js": 1671785672845,
  "model/models.js": 1669107428204,
  "utils/locate-reuse-libs.js": 1669107428204,
  "manifest.json": 1672939807819,
  "controller/Home.controller.js": 1671785672845,
  "controller/App.controller.js": 1669107428204,
  "Component.js": 1669107428204,
  "Component-preload.js": 1672939808411,
  "model/models-dbg.js": 1669107428204,
  "utils/locate-reuse-libs-dbg.js": 1669107428204,
  "i18n/i18n.properties": 1669107428204,
  "controller/App-dbg.controller.js": 1669107428204,
  "Component-dbg.js": 1669107428204,
  "view/VersionDialog.fragment.xml": 1669107428204,
  "view/ScenarioDialog.fragment.xml": 1669107428204,
  "view/ProdDialog.fragment.xml": 1669107428204,
  "view/LocDialog.fragment.xml": 1669107428204,
  "view/Home.view.xml": 1669715346776,
  "view/App.view.xml": 1669107428204,
  "css/style.css": 1669715346776,
  "index.html": 1669715346776
}