{
  "controller/App.controller.js": 1653838837719,
  "manifest.json": 1654000959035,
  "utils/locate-reuse-libs.js": 1653838838015,
  "model/models.js": 1653838838011,
  "controller/ItemMaster.controller.js": 1653838837723,
  "controller/ItemDetail.controller.js": 1653838837719,
  "controller/Details.controller.js": 1653838837719,
  "controller/BaseController.js": 1653838837719,
  "i18n/i18n.properties": 1653838837723,
  "Component.js": 1653838837719,
  "manifest-bundle.zip": 1654000959050,
  "Component-preload.js": 1654000959619,
  "controller/Details-dbg.controller.js": 1653838837719,
  "model/models-dbg.js": 1653838838011,
  "controller/ItemMaster-dbg.controller.js": 1653838837723,
  "controller/ItemDetail-dbg.controller.js": 1653838837719,
  "utils/locate-reuse-libs-dbg.js": 1653838838015,
  "controller/BaseController-dbg.js": 1653838837719,
  "controller/App-dbg.controller.js": 1653838837719,
  "Component-dbg.js": 1653838837719,
  "view/ViewNodesCreation.fragment.xml": 1653838838015,
  "view/ViewNodes.fragment.xml": 1653838838015,
  "view/StructureNodes.fragment.xml": 1653838838015,
  "view/ItemMaster.view.xml": 1653838838015,
  "view/ItemDetail.view.xml": 1653838838015,
  "view/Details.view.xml": 1653838838015,
  "view/App.view.xml": 1653838838015,
  "view/AccesNodes.fragment.xml": 1653838838015,
  "css/style.css": 1653838837723,
  "index.html": 1653838837723
}