{
  "view/AccesNodes.fragment.xml": 1665479929525,
  "utils/locate-reuse-libs.js": 1665479929525,
  "manifest.json": 1667486930188,
  "model/models.js": 1665479929525,
  "controller/ItemMaster.controller.js": 1665479929525,
  "controller/ItemDetail.controller.js": 1665479929525,
  "controller/Details.controller.js": 1665479929525,
  "controller/BaseController.js": 1665479929525,
  "controller/App.controller.js": 1665479929525,
  "Component.js": 1665479929525,
  "manifest-bundle.zip": 1667486930204,
  "Component-preload.js": 1667486930832,
  "controller/ItemDetail-dbg.controller.js": 1665479929525,
  "model/models-dbg.js": 1665479929525,
  "controller/ItemMaster-dbg.controller.js": 1665479929525,
  "utils/locate-reuse-libs-dbg.js": 1665479929525,
  "controller/Details-dbg.controller.js": 1665479929525,
  "controller/BaseController-dbg.js": 1665479929525,
  "controller/App-dbg.controller.js": 1665479929525,
  "Component-dbg.js": 1665479929525,
  "view/ViewNodesCreation.fragment.xml": 1665479929529,
  "view/ViewNodes.fragment.xml": 1665479929529,
  "view/StructureNodes.fragment.xml": 1665479929529,
  "view/ItemMaster.view.xml": 1665479929529,
  "view/ItemDetail.view.xml": 1665479929529,
  "view/Details.view.xml": 1665479929525,
  "view/App.view.xml": 1665479929525,
  "i18n/i18n.properties": 1665479929525,
  "css/style.css": 1665479929525,
  "index.html": 1665479929525
}