{
  "view/App.view.xml": 1644927279570,
  "controller/App.controller.js": 1644927279558,
  "utils/locate-reuse-libs.js": 1644913665040,
  "model/models.js": 1644913665040,
  "controller/ItemMaster.controller.js": 1645527818989,
  "controller/ItemDetail.controller.js": 1646761921027,
  "controller/Details.controller.js": 1644927279562,
  "controller/BaseController.js": 1644927279562,
  "manifest.json": 1648138353682,
  "Component.js": 1644913665020,
  "manifest-bundle.zip": 1648138353695,
  "Component-preload.js": 1648138354200,
  "controller/App-dbg.controller.js": 1644927279558,
  "model/models-dbg.js": 1644913665040,
  "controller/ItemMaster-dbg.controller.js": 1645527818989,
  "controller/ItemDetail-dbg.controller.js": 1646761921027,
  "controller/Details-dbg.controller.js": 1644927279562,
  "controller/BaseController-dbg.js": 1644927279562,
  "utils/locate-reuse-libs-dbg.js": 1644913665040,
  "Component-dbg.js": 1644913665020,
  "view/ViewNodesCreation.fragment.xml": 1645016818543,
  "view/ViewNodes.fragment.xml": 1645431799025,
  "view/StructureNodes.fragment.xml": 1645431799025,
  "view/ItemMaster.view.xml": 1645431799025,
  "view/ItemDetail.view.xml": 1645527818989,
  "view/Details.view.xml": 1644927279574,
  "i18n/i18n.properties": 1645431799017,
  "view/AccesNodes.fragment.xml": 1646556043596,
  "css/style.css": 1646556043596,
  "index.html": 1644913665028
}