{
  "controller/ItemDetail.controller.js": 1649242316998,
  "model/models.js": 1649242316998,
  "utils/locate-reuse-libs.js": 1649242316998,
  "manifest.json": 1653568587153,
  "controller/ItemMaster.controller.js": 1649758051722,
  "i18n/i18n.properties": 1649242316998,
  "controller/Details.controller.js": 1649758051722,
  "controller/BaseController.js": 1649242316998,
  "controller/App.controller.js": 1649242316998,
  "Component.js": 1649242316998,
  "manifest-bundle.zip": 1653568587171,
  "Component-preload.js": 1653568587690,
  "controller/ItemMaster-dbg.controller.js": 1649758051722,
  "model/models-dbg.js": 1649242316998,
  "utils/locate-reuse-libs-dbg.js": 1649242316998,
  "controller/ItemDetail-dbg.controller.js": 1649242316998,
  "controller/Details-dbg.controller.js": 1649758051722,
  "controller/BaseController-dbg.js": 1649242316998,
  "controller/App-dbg.controller.js": 1649242316998,
  "Component-dbg.js": 1649242316998,
  "view/ViewNodesCreation.fragment.xml": 1649758051722,
  "view/ViewNodes.fragment.xml": 1649758051722,
  "view/StructureNodes.fragment.xml": 1649758051722,
  "view/ItemMaster.view.xml": 1649758051722,
  "view/ItemDetail.view.xml": 1649758051722,
  "view/Details.view.xml": 1649242316998,
  "view/App.view.xml": 1649758051722,
  "view/AccesNodes.fragment.xml": 1649758051722,
  "css/style.css": 1649242316998,
  "index.html": 1650284545999
}