{
  "manifest-bundle.zip": 1645006162000,
  "manifest.json": 1645006161988,
  "utils/locate-reuse-libs.js": 1644923555436,
  "model/models.js": 1644923555436,
  "controller/ItemMaster.controller.js": 1644923555436,
  "controller/ItemDetail.controller.js": 1644923555436,
  "controller/Details.controller.js": 1644923555436,
  "controller/BaseController.js": 1644923555436,
  "controller/App.controller.js": 1644923555432,
  "Component.js": 1644923555432,
  "i18n/i18n.properties": 1644923555436,
  "Component-preload.js": 1645006162376,
  "controller/BaseController-dbg.js": 1644923555436,
  "model/models-dbg.js": 1644923555436,
  "controller/ItemMaster-dbg.controller.js": 1644923555436,
  "controller/ItemDetail-dbg.controller.js": 1644923555436,
  "controller/Details-dbg.controller.js": 1644923555436,
  "utils/locate-reuse-libs-dbg.js": 1644923555436,
  "controller/App-dbg.controller.js": 1644923555432,
  "Component-dbg.js": 1644923555432,
  "view/ViewNodes.fragment.xml": 1644923555436,
  "view/StructureNodes.fragment.xml": 1644923555436,
  "view/ItemMaster.view.xml": 1644923555436,
  "view/ItemDetail.view.xml": 1644923555436,
  "view/Details.view.xml": 1644923555436,
  "view/App.view.xml": 1644923555436,
  "view/AccesNodes.fragment.xml": 1644923555436,
  "css/style.css": 1644923555436,
  "index.html": 1644923555436
}