{
  "index.html": 1650361918631,
  "controller/ItemMaster.controller.js": 1649319534390,
  "utils/locate-reuse-libs.js": 1644828683765,
  "model/models.js": 1644828683761,
  "manifest.json": 1654681498267,
  "controller/ItemDetail.controller.js": 1654368315774,
  "controller/Details.controller.js": 1649319287253,
  "controller/BaseController.js": 1644908039443,
  "controller/App.controller.js": 1644907958179,
  "Component.js": 1644828683753,
  "manifest-bundle.zip": 1654681498282,
  "Component-preload.js": 1654681498870,
  "controller/ItemDetail-dbg.controller.js": 1654368315774,
  "model/models-dbg.js": 1644828683761,
  "controller/ItemMaster-dbg.controller.js": 1649319534390,
  "utils/locate-reuse-libs-dbg.js": 1644828683765,
  "controller/Details-dbg.controller.js": 1649319287253,
  "controller/BaseController-dbg.js": 1644908039443,
  "controller/App-dbg.controller.js": 1644907958179,
  "Component-dbg.js": 1644828683753,
  "view/ViewNodesCreation.fragment.xml": 1649319653806,
  "view/ViewNodes.fragment.xml": 1649319641174,
  "view/StructureNodes.fragment.xml": 1649319626794,
  "view/ItemMaster.view.xml": 1649319617274,
  "view/ItemDetail.view.xml": 1653588999218,
  "view/Details.view.xml": 1644908645113,
  "view/App.view.xml": 1649319581158,
  "view/AccesNodes.fragment.xml": 1649319566926,
  "css/style.css": 1653588980818,
  "i18n/i18n.properties": 1645205898640
}