{
  "Component-dbg.js": 1654686741428,
  "utils/locate-reuse-libs.js": 1654686741540,
  "model/models.js": 1654686741540,
  "manifest.json": 1655731020438,
  "controller/ItemMaster.controller.js": 1654686741432,
  "controller/ItemDetail.controller.js": 1654686741428,
  "controller/Details.controller.js": 1654686741428,
  "controller/BaseController.js": 1654686741428,
  "controller/App.controller.js": 1654686741428,
  "Component.js": 1654686741428,
  "manifest-bundle.zip": 1655731020456,
  "Component-preload.js": 1655731021068,
  "controller/ItemDetail-dbg.controller.js": 1654686741428,
  "model/models-dbg.js": 1654686741540,
  "controller/ItemMaster-dbg.controller.js": 1654686741432,
  "utils/locate-reuse-libs-dbg.js": 1654686741540,
  "controller/Details-dbg.controller.js": 1654686741428,
  "controller/BaseController-dbg.js": 1654686741428,
  "controller/App-dbg.controller.js": 1654686741428,
  "i18n/i18n.properties": 1654686741432,
  "view/ViewNodesCreation.fragment.xml": 1654686741540,
  "view/ViewNodes.fragment.xml": 1654686741540,
  "view/StructureNodes.fragment.xml": 1654686741540,
  "view/ItemMaster.view.xml": 1654686741540,
  "view/ItemDetail.view.xml": 1654870733336,
  "view/Details.view.xml": 1654686741540,
  "view/App.view.xml": 1654686741540,
  "view/AccesNodes.fragment.xml": 1654686741540,
  "css/style.css": 1654686741432,
  "index.html": 1654686741432
}