{
  "controller/App-dbg.controller.js": 1640934800472,
  "Component.js": 1640933325171,
  "model/models.js": 1640933325175,
  "controller/Home.controller.js": 1640937743500,
  "controller/BaseController.js": 1640933896527,
  "controller/App.controller.js": 1640934800472,
  "manifest.json": 1640937960774,
  "manifest-bundle.zip": 1640937960788,
  "Component-preload.js": 1640937961198,
  "controller/BaseController-dbg.js": 1640933896527,
  "controller/Home-dbg.controller.js": 1640937743500,
  "model/models-dbg.js": 1640933325175,
  "i18n/i18n.properties": 1640933363307,
  "Component-dbg.js": 1640933325171,
  "view/ProdDialog.fragment.xml": 1640934073862,
  "view/PredProfileDialog.fragment.xml": 1640934048181,
  "view/ObjDepDialog.fragment.xml": 1640934031101,
  "view/LocDialog.fragment.xml": 1640934007629,
  "view/Home.view.xml": 1640933524826,
  "view/App.view.xml": 1640933496173,
  "css/style.css": 1640933325171,
  "index.html": 1640933325171
}