{
  "manifest-bundle.zip": 1640958197697,
  "controller/App.controller.js": 1640953104335,
  "model/models.js": 1640953104335,
  "controller/Home.controller.js": 1640953104335,
  "controller/BaseController.js": 1640953104335,
  "manifest.json": 1640958197678,
  "Component.js": 1640953104335,
  "i18n/i18n.properties": 1640953104335,
  "Component-preload.js": 1640958198141,
  "controller/Home-dbg.controller.js": 1640953104335,
  "model/models-dbg.js": 1640953104335,
  "controller/BaseController-dbg.js": 1640953104335,
  "controller/App-dbg.controller.js": 1640953104335,
  "Component-dbg.js": 1640953104335,
  "view/ProdDialog.fragment.xml": 1640953104339,
  "view/PredProfileDialog.fragment.xml": 1640953104339,
  "view/ObjDepDialog.fragment.xml": 1640953104339,
  "view/LocDialog.fragment.xml": 1640953104339,
  "view/Home.view.xml": 1640953104339,
  "view/App.view.xml": 1640953104339,
  "css/style.css": 1640953104335,
  "index.html": 1640953104335
}