{
  "model/models.js": 1662729348592,
  "Component.js": 1662729348584,
  "utils/locate-reuse-libs.js": 1662729348588,
  "i18n/i18n.properties": 1662729545995,
  "controller/Home.controller.js": 1665692303707,
  "controller/App.controller.js": 1662729348596,
  "manifest.json": 1666089402884,
  "manifest-bundle.zip": 1666089402901,
  "Component-preload.js": 1666089403333,
  "controller/App-dbg.controller.js": 1662729348596,
  "model/models-dbg.js": 1662729348592,
  "controller/Home-dbg.controller.js": 1665692303707,
  "utils/locate-reuse-libs-dbg.js": 1662729348588,
  "Component-dbg.js": 1662729348584,
  "view/MethodTyp.fragment.xml": 1665400627083,
  "view/Home.view.xml": 1665691074269,
  "view/App.view.xml": 1662729608640,
  "css/style.css": 1662729348596,
  "index.html": 1662729670268
}