{
  "Component-preload.js": 1672238380208,
  "controller/Master.controller.js": 1667199444432,
  "utils/locate-reuse-libs.js": 1662978440274,
  "model/models.js": 1662978440274,
  "manifest.json": 1672238379082,
  "controller/Main.controller.js": 1667570214687,
  "controller/Home.controller.js": 1671779536604,
  "controller/BaseController.js": 1667199444428,
  "controller/App.controller.js": 1662978440274,
  "Component.js": 1667199444428,
  "manifest-bundle.zip": 1672238379162,
  "i18n/i18n.properties": 1667199444432,
  "model/models-dbg.js": 1662978440274,
  "utils/locate-reuse-libs-dbg.js": 1662978440274,
  "controller/Master-dbg.controller.js": 1667199444432,
  "controller/Main-dbg.controller.js": 1667570214687,
  "controller/Home-dbg.controller.js": 1671779536604,
  "controller/BaseController-dbg.js": 1667199444428,
  "controller/App-dbg.controller.js": 1662978440274,
  "Component-dbg.js": 1667199444428,
  "view/MethodTyp.fragment.xml": 1667199444432,
  "view/Master.view.xml": 1667199444432,
  "view/Main.view.xml": 1669284974194,
  "view/Home.view.xml": 1667199444432,
  "view/App.view.xml": 1662978440274,
  "css/style.css": 1669284938986,
  "index.html": 1667546050095
}