{
  "model/models.js": 1668774907556,
  "controller/Main.controller.js": 1668774907552,
  "utils/locate-reuse-libs.js": 1668774907556,
  "i18n/i18n.properties": 1668774907556,
  "controller/Master.controller.js": 1668774907556,
  "manifest.json": 1668776760032,
  "controller/Home.controller.js": 1668774907552,
  "controller/BaseController.js": 1668774907552,
  "controller/App.controller.js": 1668774907552,
  "Component.js": 1668774907552,
  "manifest-bundle.zip": 1668776760041,
  "Component-preload.js": 1668776760371,
  "controller/App-dbg.controller.js": 1668774907552,
  "model/models-dbg.js": 1668774907556,
  "controller/Master-dbg.controller.js": 1668774907556,
  "controller/Main-dbg.controller.js": 1668774907552,
  "controller/Home-dbg.controller.js": 1668774907552,
  "controller/BaseController-dbg.js": 1668774907552,
  "utils/locate-reuse-libs-dbg.js": 1668774907556,
  "Component-dbg.js": 1668774907552,
  "view/MethodTyp.fragment.xml": 1668774907556,
  "view/Master.view.xml": 1668774907556,
  "view/Main.view.xml": 1668774907556,
  "view/Home.view.xml": 1668774907556,
  "view/App.view.xml": 1668774907556,
  "css/style.css": 1668774907556,
  "index.html": 1668774907556
}