{
  "view/App.view.xml": 1662738661026,
  "controller/App.controller.js": 1662738661022,
  "utils/locate-reuse-libs.js": 1662738661022,
  "model/models.js": 1662738661022,
  "controller/Home.controller.js": 1662738661022,
  "manifest.json": 1663061675466,
  "Component.js": 1662738661022,
  "manifest-bundle.zip": 1663061675484,
  "Component-preload.js": 1663061675901,
  "Component-dbg.js": 1662738661022,
  "model/models-dbg.js": 1662738661022,
  "controller/Home-dbg.controller.js": 1662738661022,
  "controller/App-dbg.controller.js": 1662738661022,
  "utils/locate-reuse-libs-dbg.js": 1662738661022,
  "view/MethodTyp.fragment.xml": 1662738661026,
  "view/Home.view.xml": 1662738661026,
  "i18n/i18n.properties": 1662738661022,
  "css/style.css": 1662738661022,
  "index.html": 1662738661022
}