{
  "view/Master.view.xml": 1669789252581,
  "utils/locate-reuse-libs.js": 1669789252581,
  "manifest.json": 1671620201245,
  "model/models.js": 1669789252581,
  "controller/Master.controller.js": 1669789252581,
  "controller/Main.controller.js": 1669789252581,
  "controller/Home.controller.js": 1670317170644,
  "controller/BaseController.js": 1669789252581,
  "controller/App.controller.js": 1669789252581,
  "Component.js": 1669789252581,
  "manifest-bundle.zip": 1671620201270,
  "Component-preload.js": 1671620201814,
  "controller/App-dbg.controller.js": 1669789252581,
  "model/models-dbg.js": 1669789252581,
  "controller/Master-dbg.controller.js": 1669789252581,
  "controller/Main-dbg.controller.js": 1669789252581,
  "controller/Home-dbg.controller.js": 1670317170644,
  "controller/BaseController-dbg.js": 1669789252581,
  "utils/locate-reuse-libs-dbg.js": 1669789252581,
  "Component-dbg.js": 1669789252581,
  "view/MethodTyp.fragment.xml": 1669789252581,
  "i18n/i18n.properties": 1669789252581,
  "view/Main.view.xml": 1669789349518,
  "view/Home.view.xml": 1669789252581,
  "view/App.view.xml": 1669789252581,
  "css/style.css": 1669789349518,
  "index.html": 1669789252581
}