{
  "Component-preload.js": 1666279042057,
  "controller/Home.controller.js": 1665743062045,
  "utils/locate-reuse-libs.js": 1665479929537,
  "model/models.js": 1665479929537,
  "controller/Master.controller.js": 1666258684120,
  "controller/Main.controller.js": 1666258684120,
  "manifest.json": 1666279041642,
  "controller/App.controller.js": 1665479929537,
  "Component.js": 1665479929537,
  "manifest-bundle.zip": 1666279041658,
  "i18n/i18n.properties": 1665479929537,
  "model/models-dbg.js": 1665479929537,
  "utils/locate-reuse-libs-dbg.js": 1665479929537,
  "controller/Master-dbg.controller.js": 1666258684120,
  "controller/Main-dbg.controller.js": 1666258684120,
  "controller/Home-dbg.controller.js": 1665743062045,
  "controller/App-dbg.controller.js": 1665479929537,
  "Component-dbg.js": 1665479929537,
  "view/MethodTyp.fragment.xml": 1665479929537,
  "view/Master.view.xml": 1666258684120,
  "view/Main.view.xml": 1666258684120,
  "view/Home.view.xml": 1665743062045,
  "view/App.view.xml": 1665479929537,
  "css/style.css": 1665479929537,
  "index.html": 1665479929537
}