{
  "controller/App.controller.js": 1669729243999,
  "manifest.json": 1669733120452,
  "utils/locate-reuse-libs.js": 1669729243999,
  "model/models.js": 1669729243999,
  "controller/Master.controller.js": 1669729243999,
  "controller/Main.controller.js": 1669729243999,
  "controller/Home.controller.js": 1669729243999,
  "controller/BaseController.js": 1669729243999,
  "i18n/i18n.properties": 1669729243999,
  "Component.js": 1669729243999,
  "manifest-bundle.zip": 1669733120462,
  "Component-preload.js": 1669733120763,
  "controller/Master-dbg.controller.js": 1669729243999,
  "model/models-dbg.js": 1669729243999,
  "utils/locate-reuse-libs-dbg.js": 1669729243999,
  "controller/Main-dbg.controller.js": 1669729243999,
  "controller/Home-dbg.controller.js": 1669729243999,
  "controller/BaseController-dbg.js": 1669729243999,
  "controller/App-dbg.controller.js": 1669729243999,
  "Component-dbg.js": 1669729243999,
  "view/MethodTyp.fragment.xml": 1669729243999,
  "view/Master.view.xml": 1669729243999,
  "view/Main.view.xml": 1669729243999,
  "view/Home.view.xml": 1669729243999,
  "view/App.view.xml": 1669729243999,
  "css/style.css": 1669729243999,
  "index.html": 1669729243999
}