{
  "Component-preload.js": 1663669736660,
  "controller/App.controller.js": 1662729348596,
  "utils/locate-reuse-libs.js": 1662729348588,
  "model/models.js": 1662729348592,
  "controller/Home.controller.js": 1662729805850,
  "manifest.json": 1663669736270,
  "Component.js": 1662729348584,
  "manifest-bundle.zip": 1663669736288,
  "i18n/i18n.properties": 1662729545995,
  "utils/locate-reuse-libs-dbg.js": 1662729348588,
  "model/models-dbg.js": 1662729348592,
  "controller/Home-dbg.controller.js": 1662729805850,
  "controller/App-dbg.controller.js": 1662729348596,
  "Component-dbg.js": 1662729348584,
  "view/MethodTyp.fragment.xml": 1662729633348,
  "view/Home.view.xml": 1662972116490,
  "view/App.view.xml": 1662729608640,
  "css/style.css": 1662729348596,
  "index.html": 1662729670268
}