{
  "controller/Master.controller.js": 1667221308801,
  "utils/locate-reuse-libs.js": 1662742447867,
  "manifest.json": 1667566245107,
  "model/models.js": 1662742447867,
  "i18n/i18n.properties": 1667221308801,
  "controller/Main.controller.js": 1667221308801,
  "controller/Home.controller.js": 1667221308801,
  "controller/BaseController.js": 1667221308801,
  "controller/App.controller.js": 1662742447867,
  "Component.js": 1667221308801,
  "manifest-bundle.zip": 1667566245158,
  "Component-preload.js": 1667566245716,
  "controller/Master-dbg.controller.js": 1667221308801,
  "model/models-dbg.js": 1662742447867,
  "utils/locate-reuse-libs-dbg.js": 1662742447867,
  "controller/Main-dbg.controller.js": 1667221308801,
  "controller/Home-dbg.controller.js": 1667221308801,
  "controller/BaseController-dbg.js": 1667221308801,
  "controller/App-dbg.controller.js": 1662742447867,
  "Component-dbg.js": 1667221308801,
  "view/MethodTyp.fragment.xml": 1667221308801,
  "view/Master.view.xml": 1667221308801,
  "view/Main.view.xml": 1667221308801,
  "view/Home.view.xml": 1667221308801,
  "view/App.view.xml": 1662742447867,
  "css/style.css": 1667221308801,
  "index.html": 1662742447867
}