{
  "model/models.js": 1661869074967,
  "utils/locate-reuse-libs.js": 1661869074967,
  "manifest.json": 1666189513082,
  "i18n/i18n.properties": 1661869074967,
  "controller/Home.controller.js": 1661869074967,
  "controller/BaseController.js": 1661869074967,
  "controller/App.controller.js": 1661869074967,
  "Component.js": 1661869074967,
  "manifest-bundle.zip": 1666189513096,
  "Component-preload.js": 1666189513385,
  "controller/BaseController-dbg.js": 1661869074967,
  "model/models-dbg.js": 1661869074967,
  "controller/Home-dbg.controller.js": 1661869074967,
  "utils/locate-reuse-libs-dbg.js": 1661869074967,
  "controller/App-dbg.controller.js": 1661869074967,
  "Component-dbg.js": 1661869074967,
  "view/Home.view.xml": 1661869074967,
  "view/App.view.xml": 1661869074967,
  "css/style.css": 1661869074967,
  "index.html": 1661869074967
}