{
  "model/models-dbg.js": 1661440197795,
  "Component.js": 1661440197795,
  "utils/locate-reuse-libs.js": 1661440197795,
  "model/models.js": 1661440197795,
  "controller/Home.controller.js": 1668162762789,
  "controller/BaseController.js": 1661440197795,
  "controller/App.controller.js": 1661440197795,
  "manifest.json": 1668168601001,
  "manifest-bundle.zip": 1668168601017,
  "Component-preload.js": 1668168601393,
  "Component-dbg.js": 1661440197795,
  "i18n/i18n.properties": 1661440197795,
  "controller/Home-dbg.controller.js": 1668162762789,
  "controller/BaseController-dbg.js": 1661440197795,
  "controller/App-dbg.controller.js": 1661440197795,
  "utils/locate-reuse-libs-dbg.js": 1661440197795,
  "view/Home.view.xml": 1667805050987,
  "view/App.view.xml": 1661440197795,
  "css/style.css": 1661440197795,
  "index.html": 1667546325017
}