{
  "controller/BaseController.js": 1665479929561,
  "model/models.js": 1665479929561,
  "utils/locate-reuse-libs.js": 1665479929561,
  "manifest.json": 1671793151436,
  "controller/Home.controller.js": 1668768211732,
  "i18n/i18n.properties": 1665479929561,
  "controller/App.controller.js": 1665479929561,
  "Component.js": 1665479929561,
  "manifest-bundle.zip": 1671793151451,
  "Component-preload.js": 1671793151781,
  "controller/Home-dbg.controller.js": 1668768211732,
  "model/models-dbg.js": 1665479929561,
  "utils/locate-reuse-libs-dbg.js": 1665479929561,
  "controller/BaseController-dbg.js": 1665479929561,
  "controller/App-dbg.controller.js": 1665479929561,
  "Component-dbg.js": 1665479929561,
  "view/Home.view.xml": 1669371048690,
  "view/App.view.xml": 1665479929561,
  "css/style.css": 1669371048690,
  "index.html": 1667910898078
}