{
  "controller/App.controller.js": 1671100323718,
  "model/models.js": 1671100323718,
  "utils/locate-reuse-libs.js": 1671100323718,
  "manifest.json": 1671200744048,
  "controller/Home.controller.js": 1671100323718,
  "controller/BaseController.js": 1671100323718,
  "i18n/i18n.properties": 1671100323718,
  "Component.js": 1671100323718,
  "manifest-bundle.zip": 1671200744066,
  "Component-preload.js": 1671200744443,
  "controller/App-dbg.controller.js": 1671100323718,
  "model/models-dbg.js": 1671100323718,
  "controller/Home-dbg.controller.js": 1671100323718,
  "controller/BaseController-dbg.js": 1671100323718,
  "utils/locate-reuse-libs-dbg.js": 1671100323718,
  "Component-dbg.js": 1671100323718,
  "view/Home.view.xml": 1671100323718,
  "view/App.view.xml": 1671100323718,
  "css/style.css": 1671100323718,
  "index.html": 1671100323718
}