{
  "model/models-dbg.js": 1669729244027,
  "Component.js": 1669729244027,
  "utils/locate-reuse-libs.js": 1669729244027,
  "model/models.js": 1669729244027,
  "controller/Home.controller.js": 1669729244027,
  "controller/BaseController.js": 1669729244027,
  "controller/App.controller.js": 1669729244027,
  "manifest.json": 1669733058889,
  "manifest-bundle.zip": 1669733058897,
  "Component-preload.js": 1669733059090,
  "controller/App-dbg.controller.js": 1669729244027,
  "i18n/i18n.properties": 1669729244027,
  "controller/Home-dbg.controller.js": 1669729244027,
  "controller/BaseController-dbg.js": 1669729244027,
  "utils/locate-reuse-libs-dbg.js": 1669729244027,
  "Component-dbg.js": 1669729244027,
  "view/Home.view.xml": 1669729244027,
  "view/App.view.xml": 1669729244027,
  "css/style.css": 1669729244027,
  "index.html": 1669729244027
}