{
  "utils/locate-reuse-libs.js": 1660899873852,
  "controller/BaseController.js": 1660900696526,
  "i18n/i18n.properties": 1660899931684,
  "model/models.js": 1660899873852,
  "controller/Home.controller.js": 1661767125672,
  "manifest.json": 1663665138380,
  "controller/App.controller.js": 1660902081255,
  "Component.js": 1660899873844,
  "manifest-bundle.zip": 1663665138390,
  "Component-preload.js": 1663665138597,
  "utils/locate-reuse-libs-dbg.js": 1660899873852,
  "model/models-dbg.js": 1660899873852,
  "controller/Home-dbg.controller.js": 1661767125672,
  "controller/BaseController-dbg.js": 1660900696526,
  "controller/App-dbg.controller.js": 1660902081255,
  "Component-dbg.js": 1660899873844,
  "view/Home.view.xml": 1660911313350,
  "view/App.view.xml": 1660899873856,
  "css/style.css": 1660899873852,
  "index.html": 1660899873844
}