{
  "utils/locate-reuse-libs-dbg.js": 1669789252629,
  "model/models.js": 1669789252629,
  "utils/locate-reuse-libs.js": 1669789252629,
  "manifest.json": 1670237112836,
  "controller/Home.controller.js": 1669789349550,
  "controller/BaseController.js": 1669789252629,
  "controller/App.controller.js": 1669789252629,
  "Component.js": 1669789252629,
  "manifest-bundle.zip": 1670237112851,
  "Component-preload.js": 1670237113201,
  "i18n/i18n.properties": 1669789252629,
  "model/models-dbg.js": 1669789252629,
  "controller/Home-dbg.controller.js": 1669789349550,
  "controller/BaseController-dbg.js": 1669789252629,
  "controller/App-dbg.controller.js": 1669789252629,
  "Component-dbg.js": 1669789252629,
  "view/Home.view.xml": 1669789349550,
  "view/App.view.xml": 1669789252629,
  "css/style.css": 1669789349550,
  "index.html": 1669789252629
}