{
  "view/LocDialog.fragment.xml": 1665479929645,
  "controller/Home.controller.js": 1665479929641,
  "utils/locate-reuse-libs.js": 1665479929645,
  "model/models.js": 1665479929645,
  "manifest.json": 1667377290320,
  "controller/CreateJob.controller.js": 1665479929641,
  "controller/BaseController.js": 1665479929641,
  "controller/App.controller.js": 1665479929641,
  "Component.js": 1665479929641,
  "manifest-bundle.zip": 1667377290339,
  "Component-preload.js": 1667377291515,
  "controller/CreateJob-dbg.controller.js": 1665479929641,
  "model/models-dbg.js": 1665479929645,
  "controller/Home-dbg.controller.js": 1665479929641,
  "utils/locate-reuse-libs-dbg.js": 1665479929645,
  "controller/BaseController-dbg.js": 1665479929641,
  "controller/App-dbg.controller.js": 1665479929641,
  "Component-dbg.js": 1665479929641,
  "view/VersionDialog.fragment.xml": 1665479929645,
  "view/UpdateJobDialog.fragment.xml": 1665479929645,
  "view/ScheLog.fragment.xml": 1665479929645,
  "view/ScenarioDialog.fragment.xml": 1665479929645,
  "view/RunLogData.fragment.xml": 1665479929645,
  "view/ProdDialog.fragment.xml": 1665479929645,
  "view/PredDialog.fragment.xml": 1665479929645,
  "view/ObjDepDialog.fragment.xml": 1665479929645,
  "i18n/i18n.properties": 1665479929641,
  "view/JobData.fragment.xml": 1665479929645,
  "view/Home.view.xml": 1665479929645,
  "view/CustomerDialog.fragment.xml": 1665479929645,
  "view/CreateJobDetails.fragment.xml": 1665479929645,
  "view/CreateJob.view.xml": 1665479929645,
  "view/ClassDialog.fragment.xml": 1665479929645,
  "view/App.view.xml": 1665479929645,
  "css/style.css": 1665479929641,
  "index.html": 1665479929641
}