{
  "view/ObjDepDialog.fragment.xml": 1663154678737,
  "model/models.js": 1663149985508,
  "utils/locate-reuse-libs.js": 1663149985508,
  "manifest.json": 1667399793429,
  "controller/Home.controller.js": 1664884474734,
  "controller/CreateJob.controller.js": 1664906069286,
  "controller/BaseController.js": 1663154939905,
  "controller/App.controller.js": 1663154924833,
  "Component.js": 1663149985504,
  "manifest-bundle.zip": 1667399793455,
  "Component-preload.js": 1667399794466,
  "controller/Home-dbg.controller.js": 1664884474734,
  "model/models-dbg.js": 1663149985508,
  "utils/locate-reuse-libs-dbg.js": 1663149985508,
  "controller/CreateJob-dbg.controller.js": 1664906069286,
  "controller/BaseController-dbg.js": 1663154939905,
  "controller/App-dbg.controller.js": 1663154924833,
  "Component-dbg.js": 1663149985504,
  "view/VersionDialog.fragment.xml": 1663154678729,
  "view/UpdateJobDialog.fragment.xml": 1663154678729,
  "view/ScheLog.fragment.xml": 1663154678729,
  "view/ScenarioDialog.fragment.xml": 1663154678733,
  "view/RunLogData.fragment.xml": 1663154678733,
  "view/ProdDialog.fragment.xml": 1663154678733,
  "view/PredDialog.fragment.xml": 1663154678733,
  "i18n/i18n.properties": 1664887631624,
  "view/LocDialog.fragment.xml": 1663154678737,
  "view/JobData.fragment.xml": 1663154678741,
  "view/Home.view.xml": 1663154997253,
  "view/CustomerDialog.fragment.xml": 1663154678949,
  "view/CreateJobDetails.fragment.xml": 1663154678953,
  "view/CreateJob.view.xml": 1664908011697,
  "view/ClassDialog.fragment.xml": 1663154678953,
  "view/App.view.xml": 1663154979621,
  "css/style.css": 1664904119520,
  "index.html": 1664907685314
}