{
  "controller/CreateJob.controller.js": 1663325350066,
  "model/models.js": 1663325350070,
  "utils/locate-reuse-libs.js": 1663325350070,
  "manifest.json": 1663679401909,
  "controller/Home.controller.js": 1663325350066,
  "i18n/i18n.properties": 1663325350070,
  "controller/BaseController.js": 1663325350066,
  "controller/App.controller.js": 1663325350066,
  "Component.js": 1663325350066,
  "manifest-bundle.zip": 1663679401928,
  "Component-preload.js": 1663679402759,
  "controller/BaseController-dbg.js": 1663325350066,
  "model/models-dbg.js": 1663325350070,
  "controller/Home-dbg.controller.js": 1663325350066,
  "controller/CreateJob-dbg.controller.js": 1663325350066,
  "utils/locate-reuse-libs-dbg.js": 1663325350070,
  "controller/App-dbg.controller.js": 1663325350066,
  "Component-dbg.js": 1663325350066,
  "view/VersionDialog.fragment.xml": 1663325350070,
  "view/UpdateJobDialog.fragment.xml": 1663325350070,
  "view/ScheLog.fragment.xml": 1663325350070,
  "view/ScenarioDialog.fragment.xml": 1663325350070,
  "view/RunLogData.fragment.xml": 1663325350070,
  "view/ProdDialog.fragment.xml": 1663325350070,
  "view/PredDialog.fragment.xml": 1663325350070,
  "view/ObjDepDialog.fragment.xml": 1663325350070,
  "view/LocDialog.fragment.xml": 1663325350070,
  "view/JobData.fragment.xml": 1663325350070,
  "view/Home.view.xml": 1663325350070,
  "view/CustomerDialog.fragment.xml": 1663325350070,
  "view/CreateJobDetails.fragment.xml": 1663325350070,
  "view/CreateJob.view.xml": 1663325350070,
  "view/ClassDialog.fragment.xml": 1663325350070,
  "view/App.view.xml": 1663325350070,
  "css/style.css": 1663325350066,
  "index.html": 1663325350070
}