{
  "manifest-bundle.zip": 1667566218357,
  "utils/locate-reuse-libs.js": 1662742447851,
  "manifest.json": 1667566218339,
  "model/models.js": 1662742447851,
  "controller/Home.controller.js": 1667221308777,
  "controller/BaseController.js": 1662742447851,
  "controller/App.controller.js": 1663143576968,
  "Component.js": 1662742447851,
  "i18n/i18n.properties": 1667221308777,
  "Component-preload.js": 1667566219085,
  "controller/Home-dbg.controller.js": 1667221308777,
  "model/models-dbg.js": 1662742447851,
  "utils/locate-reuse-libs-dbg.js": 1662742447851,
  "controller/BaseController-dbg.js": 1662742447851,
  "controller/App-dbg.controller.js": 1663143576968,
  "Component-dbg.js": 1662742447851,
  "view/VersionDialog.fragment.xml": 1662742447855,
  "view/ScenarioDialog.fragment.xml": 1662742447855,
  "view/ProdDialog.fragment.xml": 1662742447855,
  "view/LocDialog.fragment.xml": 1662742447851,
  "view/Home.view.xml": 1667221308777,
  "view/CharDetails.fragment.xml": 1663828197768,
  "view/App.view.xml": 1662742447851,
  "css/style.css": 1667221308777,
  "index.html": 1662742447851
}