{
  "controller/Home-dbg.controller.js": 1667545653024,
  "Component.js": 1662978440262,
  "utils/locate-reuse-libs.js": 1662978440266,
  "model/models.js": 1662978440266,
  "controller/Home.controller.js": 1667545653024,
  "controller/BaseController.js": 1662978440262,
  "controller/App.controller.js": 1663229251978,
  "manifest.json": 1668168684392,
  "manifest-bundle.zip": 1668168684410,
  "Component-preload.js": 1668168684924,
  "controller/BaseController-dbg.js": 1662978440262,
  "model/models-dbg.js": 1662978440266,
  "i18n/i18n.properties": 1666941714811,
  "utils/locate-reuse-libs-dbg.js": 1662978440266,
  "controller/App-dbg.controller.js": 1663229251978,
  "Component-dbg.js": 1662978440262,
  "view/VersionDialog.fragment.xml": 1662978440266,
  "view/ScenarioDialog.fragment.xml": 1662978440266,
  "view/ProdDialog.fragment.xml": 1662978440266,
  "view/LocDialog.fragment.xml": 1662978440266,
  "view/Home.view.xml": 1667809777310,
  "view/CharDetails.fragment.xml": 1663749091069,
  "view/App.view.xml": 1662978440266,
  "css/style.css": 1667809925431,
  "index.html": 1667545626976
}