{
  "utils/locate-reuse-libs.js": 1662738661018,
  "manifest.json": 1664897347512,
  "i18n/i18n.properties": 1663760714444,
  "model/models.js": 1662738661014,
  "controller/Home.controller.js": 1664461053772,
  "controller/BaseController.js": 1662738661010,
  "controller/App.controller.js": 1663062425248,
  "Component.js": 1662738661006,
  "manifest-bundle.zip": 1664897347541,
  "Component-preload.js": 1664897348078,
  "controller/Home-dbg.controller.js": 1664461053772,
  "model/models-dbg.js": 1662738661014,
  "utils/locate-reuse-libs-dbg.js": 1662738661018,
  "controller/BaseController-dbg.js": 1662738661010,
  "controller/App-dbg.controller.js": 1663062425248,
  "Component-dbg.js": 1662738661006,
  "view/VersionDialog.fragment.xml": 1662738661018,
  "view/ScenarioDialog.fragment.xml": 1662738661018,
  "view/ProdDialog.fragment.xml": 1662738661018,
  "view/LocDialog.fragment.xml": 1662738661018,
  "view/Home.view.xml": 1664545914665,
  "view/CharDetails.fragment.xml": 1663760714444,
  "view/App.view.xml": 1662738661018,
  "css/style.css": 1664440126846,
  "index.html": 1662738661010
}