{
  "Component.js": 1662738661006,
  "controller/BaseController.js": 1662738661010,
  "utils/locate-reuse-libs.js": 1662738661018,
  "model/models.js": 1662738661014,
  "controller/Home.controller.js": 1663596369248,
  "manifest.json": 1663598252148,
  "controller/App.controller.js": 1663062425248,
  "i18n/i18n.properties": 1662741840228,
  "manifest-bundle.zip": 1663598252161,
  "Component-preload.js": 1663598252695,
  "model/models-dbg.js": 1662738661014,
  "utils/locate-reuse-libs-dbg.js": 1662738661018,
  "controller/Home-dbg.controller.js": 1663596369248,
  "controller/BaseController-dbg.js": 1662738661010,
  "controller/App-dbg.controller.js": 1663062425248,
  "Component-dbg.js": 1662738661006,
  "view/VersionDialog.fragment.xml": 1662738661018,
  "view/ScenarioDialog.fragment.xml": 1662738661018,
  "view/ProdDialog.fragment.xml": 1662738661018,
  "view/LocDialog.fragment.xml": 1662738661018,
  "view/Home.view.xml": 1663159953329,
  "view/CharDetails.fragment.xml": 1662738661018,
  "view/App.view.xml": 1662738661018,
  "css/style.css": 1662738661010,
  "index.html": 1662738661010
}