{
  "controller/Home.controller.js": 1673348375231,
  "manifest.json": 1673351804068,
  "utils/locate-reuse-libs.js": 1662662017073,
  "model/models.js": 1662662017077,
  "controller/UniqueCharDetails.controller.js": 1672797281794,
  "i18n/i18n.properties": 1672666550770,
  "controller/BaseController.js": 1672324069121,
  "controller/App.controller.js": 1662994029038,
  "Component.js": 1662662017069,
  "manifest-bundle.zip": 1673351804091,
  "Component-preload.js": 1673351804943,
  "model/models-dbg.js": 1662662017077,
  "utils/locate-reuse-libs-dbg.js": 1662662017073,
  "controller/UniqueCharDetails-dbg.controller.js": 1672797281794,
  "controller/Home-dbg.controller.js": 1673348375231,
  "controller/BaseController-dbg.js": 1672324069121,
  "controller/App-dbg.controller.js": 1662994029038,
  "Component-dbg.js": 1662662017069,
  "view/VersionDialog.fragment.xml": 1662663989838,
  "view/UniqueChars.fragment.xml": 1670242314507,
  "view/UniqueCharDetails.view.xml": 1672757536879,
  "view/ScenarioDialog.fragment.xml": 1662663979098,
  "view/ProdDialog.fragment.xml": 1672976596950,
  "view/LocDialog.fragment.xml": 1672669904047,
  "view/Home.view.xml": 1673011592360,
  "view/DemandLocDialog.fragment.xml": 1672671762101,
  "view/CharDetails.fragment.xml": 1663748826516,
  "view/App.view.xml": 1662663298963,
  "css/style.css": 1672931702037,
  "index.html": 1668670306137
}