{
  "controller/App-dbg.controller.js": 1665479929505,
  "controller/BaseController.js": 1665479929505,
  "utils/locate-reuse-libs.js": 1665479929509,
  "model/models.js": 1665479929509,
  "controller/Home.controller.js": 1666959728477,
  "manifest.json": 1667062996677,
  "controller/App.controller.js": 1665479929505,
  "Component.js": 1665479929505,
  "manifest-bundle.zip": 1667062996708,
  "Component-preload.js": 1667062997757,
  "utils/locate-reuse-libs-dbg.js": 1665479929509,
  "controller/Home-dbg.controller.js": 1666959728477,
  "controller/BaseController-dbg.js": 1665479929505,
  "i18n/i18n.properties": 1666945287986,
  "model/models-dbg.js": 1665479929509,
  "Component-dbg.js": 1665479929505,
  "view/VersionDialog.fragment.xml": 1665479929509,
  "view/ScenarioDialog.fragment.xml": 1665479929509,
  "view/ProdDialog.fragment.xml": 1665479929509,
  "view/LocDialog.fragment.xml": 1665479929509,
  "view/Home.view.xml": 1666958506992,
  "view/CharDetails.fragment.xml": 1665479929509,
  "view/App.view.xml": 1665479929509,
  "css/style.css": 1666959728477,
  "index.html": 1665479929509
}