{
  "Component-preload.js": 1669733108768,
  "utils/locate-reuse-libs.js": 1669729243963,
  "manifest.json": 1669733108186,
  "model/models.js": 1669729243963,
  "controller/Home.controller.js": 1669729243963,
  "controller/BaseController.js": 1669729243963,
  "controller/App.controller.js": 1669729243963,
  "Component.js": 1669729243959,
  "manifest-bundle.zip": 1669733108202,
  "i18n/i18n.properties": 1669729243963,
  "controller/BaseController-dbg.js": 1669729243963,
  "model/models-dbg.js": 1669729243963,
  "controller/Home-dbg.controller.js": 1669729243963,
  "utils/locate-reuse-libs-dbg.js": 1669729243963,
  "controller/App-dbg.controller.js": 1669729243963,
  "Component-dbg.js": 1669729243959,
  "view/VersionDialog.fragment.xml": 1669729243963,
  "view/ScenarioDialog.fragment.xml": 1669729243963,
  "view/ProdDialog.fragment.xml": 1669729243963,
  "view/LocDialog.fragment.xml": 1669729243963,
  "view/Home.view.xml": 1669732520926,
  "view/CharDetails.fragment.xml": 1669729243963,
  "view/App.view.xml": 1669729243963,
  "css/style.css": 1669732739823,
  "index.html": 1669729243963
}