{
  "controller/BaseController-dbg.js": 1669107427940,
  "utils/locate-reuse-libs.js": 1669107427944,
  "manifest.json": 1669894740819,
  "model/models.js": 1669107427944,
  "controller/Home.controller.js": 1669793886118,
  "controller/BaseController.js": 1669107427940,
  "controller/App.controller.js": 1669107427940,
  "Component.js": 1669107427940,
  "manifest-bundle.zip": 1669894740836,
  "Component-preload.js": 1669894741468,
  "controller/App-dbg.controller.js": 1669107427940,
  "model/models-dbg.js": 1669107427944,
  "controller/Home-dbg.controller.js": 1669793886118,
  "i18n/i18n.properties": 1669715346692,
  "utils/locate-reuse-libs-dbg.js": 1669107427944,
  "Component-dbg.js": 1669107427940,
  "view/VersionDialog.fragment.xml": 1669107427944,
  "view/ScenarioDialog.fragment.xml": 1669107427944,
  "view/ProdDialog.fragment.xml": 1669107427944,
  "view/LocDialog.fragment.xml": 1669107427944,
  "view/Home.view.xml": 1669793886118,
  "view/CharDetails.fragment.xml": 1669107427944,
  "view/App.view.xml": 1669107427944,
  "css/style.css": 1669793886118,
  "index.html": 1669107427940
}