{
  "view/App.view.xml": 1662978440266,
  "manifest.json": 1667289699931,
  "utils/locate-reuse-libs.js": 1662978440266,
  "model/models.js": 1662978440266,
  "controller/Home.controller.js": 1667199444392,
  "controller/BaseController.js": 1662978440262,
  "controller/App.controller.js": 1663229251978,
  "Component.js": 1662978440262,
  "manifest-bundle.zip": 1667289699950,
  "Component-preload.js": 1667289700511,
  "Component-dbg.js": 1662978440262,
  "model/models-dbg.js": 1662978440266,
  "controller/Home-dbg.controller.js": 1667199444392,
  "controller/BaseController-dbg.js": 1662978440262,
  "controller/App-dbg.controller.js": 1663229251978,
  "utils/locate-reuse-libs-dbg.js": 1662978440266,
  "view/VersionDialog.fragment.xml": 1662978440266,
  "view/ScenarioDialog.fragment.xml": 1662978440266,
  "view/ProdDialog.fragment.xml": 1662978440266,
  "view/LocDialog.fragment.xml": 1662978440266,
  "view/Home.view.xml": 1667199444396,
  "view/CharDetails.fragment.xml": 1663749091069,
  "i18n/i18n.properties": 1666941714811,
  "css/style.css": 1667199444392,
  "index.html": 1662978440262
}