{
  "controller/BaseController-dbg.js": 1645039971856,
  "model/models.js": 1645038155043,
  "manifest.json": 1645101990344,
  "controller/ItemMaster.controller.js": 1645039781912,
  "controller/ItemDetail.controller.js": 1645100961145,
  "controller/Details.controller.js": 1645039880552,
  "controller/BaseController.js": 1645039971856,
  "controller/App.controller.js": 1645039946972,
  "Component.js": 1645038155035,
  "manifest-bundle.zip": 1645101990359,
  "Component-preload.js": 1645101990963,
  "controller/Details-dbg.controller.js": 1645039880552,
  "controller/ItemMaster-dbg.controller.js": 1645039781912,
  "controller/ItemDetail-dbg.controller.js": 1645100961145,
  "model/models-dbg.js": 1645038155043,
  "i18n/i18n.properties": 1645043124191,
  "controller/App-dbg.controller.js": 1645039946972,
  "Component-dbg.js": 1645038155035,
  "view/ViewNodes.fragment.xml": 1645039579824,
  "view/StructureNodes.fragment.xml": 1645039579572,
  "view/ProdDialog.fragment.xml": 1645039579320,
  "view/LocDialog.fragment.xml": 1645039579072,
  "view/ItemMaster.view.xml": 1645100961153,
  "view/ItemDetail.view.xml": 1645100961153,
  "view/Details.view.xml": 1645039679256,
  "view/App.view.xml": 1645039648152,
  "view/AccessNodesList.fragment.xml": 1645039577852,
  "view/AccesNodes.fragment.xml": 1645039577616,
  "css/style.css": 1645100961149,
  "index.html": 1645038155039
}