{
  "controller/BaseController-dbg.js": 1661869075011,
  "controller/App.controller.js": 1661869075011,
  "utils/locate-reuse-libs.js": 1661869075015,
  "model/models.js": 1661869075015,
  "controller/Home.controller.js": 1661869075011,
  "controller/Detail.controller.js": 1661869075011,
  "controller/BaseController.js": 1661869075011,
  "manifest.json": 1663772791704,
  "Component.js": 1661869075011,
  "manifest-bundle.zip": 1663772791716,
  "Component-preload.js": 1663772792200,
  "i18n/i18n.properties": 1661869075011,
  "model/models-dbg.js": 1661869075015,
  "controller/Home-dbg.controller.js": 1661869075011,
  "controller/Detail-dbg.controller.js": 1661869075011,
  "utils/locate-reuse-libs-dbg.js": 1661869075015,
  "controller/App-dbg.controller.js": 1661869075011,
  "Component-dbg.js": 1661869075011,
  "view/className.fragment.xml": 1661869075015,
  "view/charValue.fragment.xml": 1661869075015,
  "view/charName.fragment.xml": 1661869075015,
  "view/ProdDialog.fragment.xml": 1661869075015,
  "view/LocDialog.fragment.xml": 1661869075015,
  "view/Home.view.xml": 1661869075015,
  "view/Detail.view.xml": 1661869075015,
  "view/CreateProduct.fragment.xml": 1661869075015,
  "view/CharDetails.fragment.xml": 1661869075015,
  "view/App.view.xml": 1661869075015,
  "css/style.css": 1661869075011,
  "index.html": 1661869075011
}