{
  "controller/App.controller.js": 1661440197843,
  "model/models.js": 1661440197847,
  "utils/locate-reuse-libs.js": 1661440197847,
  "manifest.json": 1669964963310,
  "controller/Home.controller.js": 1667547016198,
  "controller/Detail.controller.js": 1661440197843,
  "controller/BaseController.js": 1661440197843,
  "i18n/i18n.properties": 1666693187782,
  "Component.js": 1661440197843,
  "manifest-bundle.zip": 1669964963322,
  "Component-preload.js": 1669964963780,
  "controller/Home-dbg.controller.js": 1667547016198,
  "model/models-dbg.js": 1661440197847,
  "utils/locate-reuse-libs-dbg.js": 1661440197847,
  "controller/Detail-dbg.controller.js": 1661440197843,
  "controller/BaseController-dbg.js": 1661440197843,
  "controller/App-dbg.controller.js": 1661440197843,
  "Component-dbg.js": 1661440197843,
  "view/className.fragment.xml": 1661440197847,
  "view/charValue.fragment.xml": 1661440197847,
  "view/charName.fragment.xml": 1661440197847,
  "view/ProdDialog.fragment.xml": 1661440197847,
  "view/LocDialog.fragment.xml": 1661440197847,
  "view/Home.view.xml": 1669285651022,
  "view/Detail.view.xml": 1666693187782,
  "view/CreateProduct.fragment.xml": 1666693187782,
  "view/CharDetails.fragment.xml": 1661440197847,
  "view/App.view.xml": 1661440197847,
  "css/style.css": 1669285669199,
  "index.html": 1667547023023
}