{
  "view/Detail.view.xml": 1666250927894,
  "controller/App.controller.js": 1662042606653,
  "utils/locate-reuse-libs.js": 1662042606657,
  "model/models.js": 1662042606657,
  "controller/Home.controller.js": 1662042606653,
  "controller/Detail.controller.js": 1662042606653,
  "controller/BaseController.js": 1662042606653,
  "manifest.json": 1667296823823,
  "Component.js": 1662042606653,
  "manifest-bundle.zip": 1667296823834,
  "Component-preload.js": 1667296824306,
  "model/models-dbg.js": 1662042606657,
  "utils/locate-reuse-libs-dbg.js": 1662042606657,
  "controller/Home-dbg.controller.js": 1662042606653,
  "controller/Detail-dbg.controller.js": 1662042606653,
  "controller/BaseController-dbg.js": 1662042606653,
  "controller/App-dbg.controller.js": 1662042606653,
  "Component-dbg.js": 1662042606653,
  "view/className.fragment.xml": 1662042606657,
  "view/charValue.fragment.xml": 1662042606657,
  "view/charName.fragment.xml": 1662042606657,
  "view/ProdDialog.fragment.xml": 1662042606657,
  "view/LocDialog.fragment.xml": 1662042606657,
  "view/Home.view.xml": 1662042606657,
  "i18n/i18n.properties": 1666250927894,
  "view/CreateProduct.fragment.xml": 1666250927894,
  "view/CharDetails.fragment.xml": 1662042606657,
  "view/App.view.xml": 1662042606657,
  "css/style.css": 1662042606653,
  "index.html": 1662042606653
}