{
  "view/charName.fragment.xml": 1661869075015,
  "controller/App.controller.js": 1661869075011,
  "utils/locate-reuse-libs.js": 1661869075015,
  "model/models.js": 1661869075015,
  "controller/Home.controller.js": 1668670306201,
  "controller/Detail.controller.js": 1661869075011,
  "controller/BaseController.js": 1661869075011,
  "manifest.json": 1669284428526,
  "Component.js": 1661869075011,
  "manifest-bundle.zip": 1669284428540,
  "Component-preload.js": 1669284429070,
  "controller/Home-dbg.controller.js": 1668670306201,
  "model/models-dbg.js": 1661869075015,
  "utils/locate-reuse-libs-dbg.js": 1661869075015,
  "controller/Detail-dbg.controller.js": 1661869075011,
  "controller/BaseController-dbg.js": 1661869075011,
  "controller/App-dbg.controller.js": 1661869075011,
  "Component-dbg.js": 1661869075011,
  "view/className.fragment.xml": 1661869075015,
  "view/charValue.fragment.xml": 1661869075015,
  "i18n/i18n.properties": 1666187309882,
  "view/ProdDialog.fragment.xml": 1661869075015,
  "view/LocDialog.fragment.xml": 1661869075015,
  "view/Home.view.xml": 1668670306201,
  "view/Detail.view.xml": 1666187348919,
  "view/CreateProduct.fragment.xml": 1666187461007,
  "view/CharDetails.fragment.xml": 1661869075015,
  "view/App.view.xml": 1661869075015,
  "css/style.css": 1661869075011,
  "index.html": 1668670306201
}