{
  "Component-dbg.js": 1656173755396,
  "model/models.js": 1656173755400,
  "utils/locate-reuse-libs.js": 1656173755400,
  "manifest.json": 1657882502031,
  "controller/Home.controller.js": 1656179007739,
  "controller/Detail.controller.js": 1656509542839,
  "controller/BaseController.js": 1656179007739,
  "controller/App.controller.js": 1656179007739,
  "Component.js": 1656173755396,
  "manifest-bundle.zip": 1657882502045,
  "Component-preload.js": 1657882502610,
  "model/models-dbg.js": 1656173755400,
  "utils/locate-reuse-libs-dbg.js": 1656173755400,
  "controller/Home-dbg.controller.js": 1656179007739,
  "controller/Detail-dbg.controller.js": 1656509542839,
  "controller/BaseController-dbg.js": 1656179007739,
  "controller/App-dbg.controller.js": 1656179007739,
  "i18n/i18n.properties": 1656179099019,
  "view/className.fragment.xml": 1656179039055,
  "view/charValue.fragment.xml": 1656179039055,
  "view/charName.fragment.xml": 1656179039055,
  "view/ProdDialog.fragment.xml": 1656179039047,
  "view/LocDialog.fragment.xml": 1656179039047,
  "view/Home.view.xml": 1656179039051,
  "view/Detail.view.xml": 1656179039051,
  "view/CreateProduct.fragment.xml": 1656179039055,
  "view/CharDetails.fragment.xml": 1656179039059,
  "view/App.view.xml": 1656179039059,
  "css/style.css": 1656179069447,
  "index.html": 1656173755396
}