{
  "manifest.json": 1670236960377,
  "controller/BaseController.js": 1669789252665,
  "model/models.js": 1669789252665,
  "controller/Home.controller.js": 1670234852941,
  "i18n/i18n.properties": 1669789349570,
  "controller/App.controller.js": 1669789252665,
  "Component.js": 1669789252665,
  "manifest-bundle.zip": 1670236960393,
  "Component-preload.js": 1670236960923,
  "Component-dbg.js": 1669789252665,
  "controller/Home-dbg.controller.js": 1670234852941,
  "controller/BaseController-dbg.js": 1669789252665,
  "controller/App-dbg.controller.js": 1669789252665,
  "model/models-dbg.js": 1669789252665,
  "view/VersionDialog.fragment.xml": 1669789252665,
  "view/StructureNodeDialog.fragment.xml": 1669789252665,
  "view/ScenarioDialog.fragment.xml": 1669789252665,
  "view/ProdDialog.fragment.xml": 1669789252665,
  "view/LocDialog.fragment.xml": 1669789252665,
  "view/Home.view.xml": 1669789349570,
  "view/ComponentDialog.fragment.xml": 1669789252665,
  "view/CompODBreakdown.fragment.xml": 1669789252665,
  "view/App.view.xml": 1669789252665,
  "css/style.css": 1669789349570,
  "index.html": 1669789252665
}