{
  "i18n/i18n.properties": 1647951663986,
  "controller/App.controller.js": 1645968103357,
  "model/models.js": 1645966219387,
  "controller/Home.controller.js": 1647951611305,
  "controller/BaseController.js": 1645967882473,
  "manifest.json": 1648138380225,
  "Component.js": 1645966219371,
  "manifest-bundle.zip": 1648138380240,
  "Component-preload.js": 1648138380781,
  "controller/App-dbg.controller.js": 1645968103357,
  "controller/Home-dbg.controller.js": 1647951611305,
  "controller/BaseController-dbg.js": 1645967882473,
  "model/models-dbg.js": 1645966219387,
  "Component-dbg.js": 1645966219371,
  "view/VersionDialog.fragment.xml": 1646127273937,
  "view/StructureNodeDialog.fragment.xml": 1646150601854,
  "view/ScenarioDialog.fragment.xml": 1646127273937,
  "view/ProdDialog.fragment.xml": 1646127273937,
  "view/LocDialog.fragment.xml": 1646047969323,
  "view/Home.view.xml": 1646826400905,
  "view/ComponentDialog.fragment.xml": 1646127273937,
  "view/CompODBreakdown.fragment.xml": 1646853968984,
  "view/App.view.xml": 1645967409404,
  "css/style.css": 1646825515902,
  "index.html": 1645966219383
}