{
  "css/style.css": 1655901768643,
  "Component.js": 1655901768643,
  "model/models.js": 1655901768663,
  "controller/Home.controller.js": 1656584871789,
  "controller/BaseController.js": 1655901768643,
  "controller/App.controller.js": 1655901768643,
  "manifest.json": 1657882452545,
  "manifest-bundle.zip": 1657882452563,
  "Component-preload.js": 1657882453199,
  "controller/Home-dbg.controller.js": 1656584871789,
  "model/models-dbg.js": 1655901768663,
  "controller/BaseController-dbg.js": 1655901768643,
  "controller/App-dbg.controller.js": 1655901768643,
  "Component-dbg.js": 1655901768643,
  "view/VersionDialog.fragment.xml": 1655901768667,
  "view/StructureNodeDialog.fragment.xml": 1655901768667,
  "view/ScenarioDialog.fragment.xml": 1655901768667,
  "view/ProdDialog.fragment.xml": 1655901768667,
  "view/LocDialog.fragment.xml": 1655901768667,
  "view/Home.view.xml": 1655901768667,
  "view/ComponentDialog.fragment.xml": 1655901768667,
  "view/CompODBreakdown.fragment.xml": 1655901768667,
  "view/App.view.xml": 1655901768667,
  "i18n/i18n.properties": 1655901768643,
  "index.html": 1655901768643
}