{
  "Component-dbg.js": 1654124341150,
  "controller/Home.controller.js": 1654124341154,
  "model/models.js": 1654124341198,
  "manifest.json": 1654127234853,
  "controller/BaseController.js": 1654124341154,
  "controller/App.controller.js": 1654124341154,
  "Component.js": 1654124341150,
  "manifest-bundle.zip": 1654127234874,
  "Component-preload.js": 1654127235383,
  "i18n/i18n.properties": 1654124341154,
  "controller/Home-dbg.controller.js": 1654124341154,
  "controller/BaseController-dbg.js": 1654124341154,
  "controller/App-dbg.controller.js": 1654124341154,
  "model/models-dbg.js": 1654124341198,
  "view/VersionDialog.fragment.xml": 1654124341202,
  "view/StructureNodeDialog.fragment.xml": 1654124341202,
  "view/ScenarioDialog.fragment.xml": 1654124341202,
  "view/ProdDialog.fragment.xml": 1654124341202,
  "view/LocDialog.fragment.xml": 1654124341202,
  "view/Home.view.xml": 1654124341202,
  "view/ComponentDialog.fragment.xml": 1654124341202,
  "view/CompODBreakdown.fragment.xml": 1654124341202,
  "view/App.view.xml": 1654124341202,
  "css/style.css": 1654124341154,
  "index.html": 1654124341154
}