{
  "view/LocDialog.fragment.xml": 1661869074983,
  "manifest.json": 1669363676462,
  "model/models.js": 1661869074983,
  "controller/Home.controller.js": 1669283431890,
  "controller/BaseController.js": 1661869074983,
  "controller/App.controller.js": 1661869074983,
  "Component.js": 1661869074983,
  "manifest-bundle.zip": 1669363676470,
  "Component-preload.js": 1669363676789,
  "controller/App-dbg.controller.js": 1661869074983,
  "controller/Home-dbg.controller.js": 1669283431890,
  "controller/BaseController-dbg.js": 1661869074983,
  "model/models-dbg.js": 1661869074983,
  "Component-dbg.js": 1661869074983,
  "view/VersionDialog.fragment.xml": 1661869074983,
  "view/StructureNodeDialog.fragment.xml": 1661869074983,
  "view/ScenarioDialog.fragment.xml": 1661869074983,
  "view/ProdDialog.fragment.xml": 1661869074983,
  "i18n/i18n.properties": 1666178280010,
  "view/Home.view.xml": 1668670306177,
  "view/ComponentDialog.fragment.xml": 1661869074983,
  "view/CompODBreakdown.fragment.xml": 1661869074983,
  "view/App.view.xml": 1661869074983,
  "css/style.css": 1668670306177,
  "index.html": 1668670306177
}