{
  "controller/Home-dbg.controller.js": 1671100323746,
  "controller/App.controller.js": 1671100323746,
  "model/models.js": 1671100323750,
  "controller/Home.controller.js": 1671100323746,
  "controller/BaseController.js": 1671100323746,
  "manifest.json": 1671200568730,
  "Component.js": 1671100323746,
  "manifest-bundle.zip": 1671200568751,
  "Component-preload.js": 1671200569281,
  "i18n/i18n.properties": 1671100323746,
  "model/models-dbg.js": 1671100323750,
  "controller/BaseController-dbg.js": 1671100323746,
  "controller/App-dbg.controller.js": 1671100323746,
  "Component-dbg.js": 1671100323746,
  "view/VersionDialog.fragment.xml": 1671100323750,
  "view/StructureNodeDialog.fragment.xml": 1671100323750,
  "view/ScenarioDialog.fragment.xml": 1671100323750,
  "view/ProdDialog.fragment.xml": 1671100323750,
  "view/LocDialog.fragment.xml": 1671100323750,
  "view/Home.view.xml": 1671100323750,
  "view/ComponentDialog.fragment.xml": 1671100323750,
  "view/CompODBreakdown.fragment.xml": 1671100323750,
  "view/App.view.xml": 1671100323750,
  "css/style.css": 1671100323746,
  "index.html": 1671100323746
}