{
  "index.html": 1667546481214,
  "controller/BaseController.js": 1661440197811,
  "model/models.js": 1661440197811,
  "controller/Home.controller.js": 1671779536708,
  "manifest.json": 1672237950467,
  "controller/App.controller.js": 1661440197811,
  "Component.js": 1661440197811,
  "manifest-bundle.zip": 1672237950490,
  "Component-preload.js": 1672237951134,
  "controller/Home-dbg.controller.js": 1671779536708,
  "model/models-dbg.js": 1661440197811,
  "controller/BaseController-dbg.js": 1661440197811,
  "controller/App-dbg.controller.js": 1661440197811,
  "Component-dbg.js": 1661440197811,
  "view/VersionDialog.fragment.xml": 1661440197811,
  "view/StructureNodeDialog.fragment.xml": 1661440197811,
  "view/ScenarioDialog.fragment.xml": 1661440197811,
  "view/ProdDialog.fragment.xml": 1661440197811,
  "view/LocDialog.fragment.xml": 1661440197811,
  "view/Home.view.xml": 1669373302174,
  "view/ComponentDialog.fragment.xml": 1661440197811,
  "view/CompODBreakdown.fragment.xml": 1671779536708,
  "view/App.view.xml": 1661440197811,
  "css/style.css": 1669372986742,
  "i18n/i18n.properties": 1666693187702
}