{
  "model/models.js": 1645966219387,
  "Component.js": 1645966219371,
  "i18n/i18n.properties": 1646056603037,
  "controller/Home.controller.js": 1646209366315,
  "controller/BaseController.js": 1645967882473,
  "controller/App.controller.js": 1645968103357,
  "manifest.json": 1646209781625,
  "manifest-bundle.zip": 1646209781641,
  "Component-preload.js": 1646209782143,
  "Component-dbg.js": 1645966219371,
  "controller/Home-dbg.controller.js": 1646209366315,
  "controller/BaseController-dbg.js": 1645967882473,
  "controller/App-dbg.controller.js": 1645968103357,
  "model/models-dbg.js": 1645966219387,
  "view/VersionDialog.fragment.xml": 1646127273937,
  "view/StructureNodeDialog.fragment.xml": 1646150601854,
  "view/ScenarioDialog.fragment.xml": 1646127273937,
  "view/ProdDialog.fragment.xml": 1646127273937,
  "view/LocDialog.fragment.xml": 1646047969323,
  "view/Home.view.xml": 1646150601862,
  "view/ComponentDialog.fragment.xml": 1646127273937,
  "view/App.view.xml": 1645967409404,
  "css/style.css": 1646129384126,
  "index.html": 1645966219383
}