{
  "view/Home.view.xml": 1659447417342,
  "model/models.js": 1659447417342,
  "manifest.json": 1663902818949,
  "controller/Home.controller.js": 1659447417342,
  "controller/BaseController.js": 1659447417342,
  "controller/App.controller.js": 1659447417342,
  "Component.js": 1659447417342,
  "manifest-bundle.zip": 1663902818962,
  "Component-preload.js": 1663902819432,
  "model/models-dbg.js": 1659447417342,
  "controller/Home-dbg.controller.js": 1659447417342,
  "controller/BaseController-dbg.js": 1659447417342,
  "controller/App-dbg.controller.js": 1659447417342,
  "Component-dbg.js": 1659447417342,
  "view/VersionDialog.fragment.xml": 1659447417342,
  "view/StructureNodeDialog.fragment.xml": 1659447417342,
  "view/ScenarioDialog.fragment.xml": 1659447417342,
  "view/ProdDialog.fragment.xml": 1659447417342,
  "view/LocDialog.fragment.xml": 1659447417342,
  "i18n/i18n.properties": 1659447417342,
  "view/ComponentDialog.fragment.xml": 1659447417342,
  "view/CompODBreakdown.fragment.xml": 1659447417342,
  "view/App.view.xml": 1659447417342,
  "css/style.css": 1659447417342,
  "index.html": 1659447417342
}