{
  "Component-dbg.js": 1645991854667,
  "controller/BaseController.js": 1645991854667,
  "model/models.js": 1645991854667,
  "controller/Home.controller.js": 1654445175978,
  "manifest.json": 1654681587994,
  "controller/App.controller.js": 1645991854667,
  "Component.js": 1645991854667,
  "manifest-bundle.zip": 1654681588020,
  "Component-preload.js": 1654681588693,
  "model/models-dbg.js": 1645991854667,
  "controller/Home-dbg.controller.js": 1654445175978,
  "controller/BaseController-dbg.js": 1645991854667,
  "controller/App-dbg.controller.js": 1645991854667,
  "i18n/i18n.properties": 1651231504349,
  "view/VersionDialog.fragment.xml": 1646052404713,
  "view/StructureNodeDialog.fragment.xml": 1646065183507,
  "view/ScenarioDialog.fragment.xml": 1646052319553,
  "view/ProdDialog.fragment.xml": 1646052337013,
  "view/LocDialog.fragment.xml": 1646026862405,
  "view/Home.view.xml": 1654444286181,
  "view/ComponentDialog.fragment.xml": 1646058482611,
  "view/CompODBreakdown.fragment.xml": 1649406023985,
  "view/App.view.xml": 1649406014593,
  "css/style.css": 1654018148375,
  "index.html": 1650361937123
}