{
  "view/ComponentDialog.fragment.xml": 1661440197811,
  "controller/App.controller.js": 1661440197811,
  "model/models.js": 1661440197811,
  "controller/Home.controller.js": 1667546500034,
  "controller/BaseController.js": 1661440197811,
  "manifest.json": 1668168451979,
  "Component.js": 1661440197811,
  "manifest-bundle.zip": 1668168451998,
  "Component-preload.js": 1668168452543,
  "model/models-dbg.js": 1661440197811,
  "controller/Home-dbg.controller.js": 1667546500034,
  "controller/BaseController-dbg.js": 1661440197811,
  "controller/App-dbg.controller.js": 1661440197811,
  "Component-dbg.js": 1661440197811,
  "view/VersionDialog.fragment.xml": 1661440197811,
  "view/StructureNodeDialog.fragment.xml": 1661440197811,
  "view/ScenarioDialog.fragment.xml": 1661440197811,
  "view/ProdDialog.fragment.xml": 1661440197811,
  "view/LocDialog.fragment.xml": 1661440197811,
  "view/Home.view.xml": 1667806630457,
  "i18n/i18n.properties": 1666693187702,
  "view/CompODBreakdown.fragment.xml": 1661440197811,
  "view/App.view.xml": 1661440197811,
  "css/style.css": 1667806645813,
  "index.html": 1667546481214
}