{
  "Component-preload.js": 1652363762603,
  "controller/App.controller.js": 1649242317030,
  "model/models.js": 1649242317030,
  "controller/Home.controller.js": 1649758051726,
  "controller/BaseController.js": 1649242317030,
  "manifest.json": 1652363761991,
  "Component.js": 1649242317030,
  "manifest-bundle.zip": 1652363762009,
  "i18n/i18n.properties": 1650981947134,
  "controller/App-dbg.controller.js": 1649242317030,
  "controller/Home-dbg.controller.js": 1649758051726,
  "controller/BaseController-dbg.js": 1649242317030,
  "model/models-dbg.js": 1649242317030,
  "Component-dbg.js": 1649242317030,
  "view/VersionDialog.fragment.xml": 1649242317030,
  "view/StructureNodeDialog.fragment.xml": 1649242317030,
  "view/ScenarioDialog.fragment.xml": 1649242317030,
  "view/ProdDialog.fragment.xml": 1649242317030,
  "view/LocDialog.fragment.xml": 1649242317030,
  "view/Home.view.xml": 1649758051726,
  "view/ComponentDialog.fragment.xml": 1649242317030,
  "view/CompODBreakdown.fragment.xml": 1649758051726,
  "view/App.view.xml": 1649758051726,
  "css/style.css": 1649758051726,
  "index.html": 1650284406967
}