{
  "manifest.json": 1654507235427,
  "controller/Home.controller.js": 1653838847699,
  "model/models.js": 1653838847703,
  "i18n/i18n.properties": 1653838847699,
  "controller/BaseController.js": 1653838847699,
  "controller/App.controller.js": 1653838847699,
  "Component.js": 1653838847699,
  "manifest-bundle.zip": 1654507235439,
  "Component-preload.js": 1654507235828,
  "controller/Home-dbg.controller.js": 1653838847699,
  "model/models-dbg.js": 1653838847703,
  "controller/BaseController-dbg.js": 1653838847699,
  "controller/App-dbg.controller.js": 1653838847699,
  "Component-dbg.js": 1653838847699,
  "view/VersionDialog.fragment.xml": 1653838847703,
  "view/StructureNodeDialog.fragment.xml": 1653838847703,
  "view/ScenarioDialog.fragment.xml": 1653838847703,
  "view/ProdDialog.fragment.xml": 1653838847703,
  "view/LocDialog.fragment.xml": 1653838847703,
  "view/Home.view.xml": 1653838847703,
  "view/ComponentDialog.fragment.xml": 1653838847703,
  "view/CompODBreakdown.fragment.xml": 1653838847703,
  "view/App.view.xml": 1653838847703,
  "css/style.css": 1653838847699,
  "index.html": 1653838847699
}