{
  "css/style.css": 1669711421391,
  "model/models.js": 1661869074983,
  "manifest.json": 1673351597235,
  "controller/Home.controller.js": 1673017061447,
  "controller/BaseController.js": 1661869074983,
  "controller/App.controller.js": 1661869074983,
  "Component.js": 1661869074983,
  "manifest-bundle.zip": 1673351597256,
  "Component-preload.js": 1673351597907,
  "model/models-dbg.js": 1661869074983,
  "controller/Home-dbg.controller.js": 1673017061447,
  "controller/BaseController-dbg.js": 1661869074983,
  "controller/App-dbg.controller.js": 1661869074983,
  "Component-dbg.js": 1661869074983,
  "view/VersionDialog.fragment.xml": 1661869074983,
  "view/StructureNodeDialog.fragment.xml": 1661869074983,
  "view/ScenarioDialog.fragment.xml": 1661869074983,
  "view/ProdDialog.fragment.xml": 1661869074983,
  "view/LocDialog.fragment.xml": 1672924154906,
  "view/Home.view.xml": 1672906269361,
  "view/DemandLocDialog.fragment.xml": 1673017061447,
  "view/ComponentDialog.fragment.xml": 1661869074983,
  "view/CompODBreakdown.fragment.xml": 1671801127032,
  "view/App.view.xml": 1661869074983,
  "i18n/i18n.properties": 1666178280010,
  "index.html": 1668670306177
}