{
  "index.html": 1669107428052,
  "controller/App.controller.js": 1669107428052,
  "model/models.js": 1669107428052,
  "controller/Home.controller.js": 1672912890480,
  "controller/BaseController.js": 1669107428052,
  "manifest.json": 1672939500504,
  "Component.js": 1669107428052,
  "manifest-bundle.zip": 1672939500525,
  "Component-preload.js": 1672939501113,
  "controller/BaseController-dbg.js": 1669107428052,
  "controller/Home-dbg.controller.js": 1672912890480,
  "model/models-dbg.js": 1669107428052,
  "controller/App-dbg.controller.js": 1669107428052,
  "Component-dbg.js": 1669107428052,
  "view/VersionDialog.fragment.xml": 1669107428052,
  "view/StructureNodeDialog.fragment.xml": 1669107428052,
  "view/ScenarioDialog.fragment.xml": 1669107428052,
  "view/ProdDialog.fragment.xml": 1669107428052,
  "view/LocDialog.fragment.xml": 1672904424516,
  "view/Home.view.xml": 1672841591019,
  "view/DemandLocDialog.fragment.xml": 1672840077692,
  "view/ComponentDialog.fragment.xml": 1669107428052,
  "view/CompODBreakdown.fragment.xml": 1671785672697,
  "view/App.view.xml": 1669107428052,
  "css/style.css": 1669715346744,
  "i18n/i18n.properties": 1669107428052
}