{
  "view/ProdDialog.fragment.xml": 1654686747332,
  "manifest.json": 1655823786903,
  "model/models.js": 1654686747332,
  "controller/Home.controller.js": 1655822221088,
  "controller/BaseController.js": 1654686747312,
  "controller/App.controller.js": 1654686747312,
  "Component.js": 1654686747312,
  "manifest-bundle.zip": 1655823786918,
  "Component-preload.js": 1655823787440,
  "controller/App-dbg.controller.js": 1654686747312,
  "controller/Home-dbg.controller.js": 1655822221088,
  "controller/BaseController-dbg.js": 1654686747312,
  "model/models-dbg.js": 1654686747332,
  "Component-dbg.js": 1654686747312,
  "view/VersionDialog.fragment.xml": 1654686747332,
  "view/StructureNodeDialog.fragment.xml": 1654686747332,
  "view/ScenarioDialog.fragment.xml": 1654686747332,
  "i18n/i18n.properties": 1654686747312,
  "view/LocDialog.fragment.xml": 1654686747332,
  "view/Home.view.xml": 1654853881675,
  "view/ComponentDialog.fragment.xml": 1654686747332,
  "view/CompODBreakdown.fragment.xml": 1654686747332,
  "view/App.view.xml": 1654686747332,
  "css/style.css": 1654686747312,
  "index.html": 1654686747312
}