{
  "model/models-dbg.js": 1669107428052,
  "controller/BaseController.js": 1669107428052,
  "model/models.js": 1669107428052,
  "controller/Home.controller.js": 1669374255210,
  "manifest.json": 1669794413125,
  "controller/App.controller.js": 1669107428052,
  "Component.js": 1669107428052,
  "manifest-bundle.zip": 1669794413134,
  "Component-preload.js": 1669794413510,
  "i18n/i18n.properties": 1669107428052,
  "controller/Home-dbg.controller.js": 1669374255210,
  "controller/BaseController-dbg.js": 1669107428052,
  "controller/App-dbg.controller.js": 1669107428052,
  "Component-dbg.js": 1669107428052,
  "view/VersionDialog.fragment.xml": 1669107428052,
  "view/StructureNodeDialog.fragment.xml": 1669107428052,
  "view/ScenarioDialog.fragment.xml": 1669107428052,
  "view/ProdDialog.fragment.xml": 1669107428052,
  "view/LocDialog.fragment.xml": 1669107428052,
  "view/Home.view.xml": 1669715346744,
  "view/ComponentDialog.fragment.xml": 1669107428052,
  "view/CompODBreakdown.fragment.xml": 1669107428052,
  "view/App.view.xml": 1669107428052,
  "css/style.css": 1669715346744,
  "index.html": 1669107428052
}