{
  "controller/BaseController-dbg.js": 1657803505191,
  "model/models.js": 1657803505191,
  "utils/locate-reuse-libs.js": 1657803505191,
  "manifest.json": 1657809005510,
  "controller/Home.controller.js": 1657803505191,
  "controller/BaseController.js": 1657803505191,
  "controller/App.controller.js": 1657803505191,
  "Utils.js": 1657803505191,
  "Component.js": 1657803505191,
  "manifest-bundle.zip": 1657809005523,
  "Component-preload.js": 1657809005962,
  "controller/App-dbg.controller.js": 1657803505191,
  "model/models-dbg.js": 1657803505191,
  "controller/Home-dbg.controller.js": 1657803505191,
  "i18n/i18n.properties": 1657803505191,
  "utils/locate-reuse-libs-dbg.js": 1657803505191,
  "Utils-dbg.js": 1657803505191,
  "Component-dbg.js": 1657803505191,
  "view/ProdDialog.fragment.xml": 1657803505195,
  "view/LocDialog.fragment.xml": 1657803505195,
  "view/Home.view.xml": 1657803505191,
  "view/App.view.xml": 1657803505191,
  "css/style.css": 1657803505191,
  "index.html": 1657803505191
}