{
  "index.html": 1667547116515,
  "Utils.js": 1661440197855,
  "utils/locate-reuse-libs.js": 1661440197855,
  "model/models.js": 1661440197855,
  "controller/Home.controller.js": 1667547127159,
  "controller/BaseController.js": 1661440197855,
  "controller/App.controller.js": 1661440197855,
  "manifest.json": 1668168567872,
  "Component.js": 1661440197855,
  "manifest-bundle.zip": 1668168567881,
  "Component-preload.js": 1668168568248,
  "controller/Home-dbg.controller.js": 1667547127159,
  "model/models-dbg.js": 1661440197855,
  "utils/locate-reuse-libs-dbg.js": 1661440197855,
  "controller/BaseController-dbg.js": 1661440197855,
  "controller/App-dbg.controller.js": 1661440197855,
  "Utils-dbg.js": 1661440197855,
  "Component-dbg.js": 1661440197855,
  "view/ProdDialog.fragment.xml": 1661440197855,
  "view/LocDialog.fragment.xml": 1661440197855,
  "view/Home.view.xml": 1667808110288,
  "view/App.view.xml": 1661440197855,
  "css/style.css": 1667808129992,
  "i18n/i18n.properties": 1666693187786
}