{
  "controller/App-dbg.controller.js": 1661869075023,
  "controller/BaseController.js": 1661869075023,
  "utils/locate-reuse-libs.js": 1661869075023,
  "model/models.js": 1661869075023,
  "controller/Home.controller.js": 1668670306209,
  "manifest.json": 1668690484404,
  "controller/App.controller.js": 1661869075023,
  "Utils.js": 1661869075023,
  "Component.js": 1661869075023,
  "manifest-bundle.zip": 1668690484419,
  "Component-preload.js": 1668690484824,
  "controller/Home-dbg.controller.js": 1668670306209,
  "model/models-dbg.js": 1661869075023,
  "utils/locate-reuse-libs-dbg.js": 1661869075023,
  "controller/BaseController-dbg.js": 1661869075023,
  "i18n/i18n.properties": 1666188627130,
  "Utils-dbg.js": 1661869075023,
  "Component-dbg.js": 1661869075023,
  "view/ProdDialog.fragment.xml": 1661869075023,
  "view/LocDialog.fragment.xml": 1661869075023,
  "view/Home.view.xml": 1668670306209,
  "view/App.view.xml": 1661869075023,
  "css/style.css": 1668670306209,
  "index.html": 1668670306209
}