{
  "i18n/i18n.properties": 1666693187786,
  "controller/Home.controller.js": 1667547127159,
  "utils/locate-reuse-libs.js": 1661440197855,
  "model/models.js": 1661440197855,
  "manifest.json": 1669964973362,
  "controller/BaseController.js": 1661440197855,
  "controller/App.controller.js": 1661440197855,
  "Utils.js": 1661440197855,
  "Component.js": 1661440197855,
  "manifest-bundle.zip": 1669964973374,
  "Component-preload.js": 1669964973768,
  "utils/locate-reuse-libs-dbg.js": 1661440197855,
  "model/models-dbg.js": 1661440197855,
  "controller/Home-dbg.controller.js": 1667547127159,
  "controller/BaseController-dbg.js": 1661440197855,
  "controller/App-dbg.controller.js": 1661440197855,
  "Utils-dbg.js": 1661440197855,
  "Component-dbg.js": 1661440197855,
  "view/ProdDialog.fragment.xml": 1661440197855,
  "view/LocDialog.fragment.xml": 1661440197855,
  "view/Home.view.xml": 1669278669057,
  "view/App.view.xml": 1661440197855,
  "css/style.css": 1669278739989,
  "index.html": 1667547116515
}