{
  "view/ProdDialog.fragment.xml": 1657803505000,
  "controller/App.controller.js": 1657803505000,
  "utils/locate-reuse-libs.js": 1657803505000,
  "model/models.js": 1657803505000,
  "controller/Home.controller.js": 1657803505000,
  "controller/BaseController.js": 1657803505000,
  "manifest.json": 1657894460940,
  "Utils.js": 1657803505000,
  "Component.js": 1657803505000,
  "manifest-bundle.zip": 1657894460955,
  "Component-preload.js": 1657894461373,
  "Utils-dbg.js": 1657803505000,
  "model/models-dbg.js": 1657803505000,
  "controller/Home-dbg.controller.js": 1657803505000,
  "controller/BaseController-dbg.js": 1657803505000,
  "controller/App-dbg.controller.js": 1657803505000,
  "utils/locate-reuse-libs-dbg.js": 1657803505000,
  "Component-dbg.js": 1657803505000,
  "i18n/i18n.properties": 1657803505000,
  "view/LocDialog.fragment.xml": 1657803505000,
  "view/Home.view.xml": 1657803505000,
  "view/App.view.xml": 1657803505000,
  "css/style.css": 1657803505000,
  "index.html": 1657803505000
}