{
  "view/ProdDialog.fragment.xml": 1661869075023,
  "controller/BaseController.js": 1661869075023,
  "utils/locate-reuse-libs.js": 1661869075023,
  "model/models.js": 1661869075023,
  "controller/Home.controller.js": 1666087916903,
  "manifest.json": 1666189477663,
  "controller/App.controller.js": 1661869075023,
  "Utils.js": 1661869075023,
  "Component.js": 1661869075023,
  "manifest-bundle.zip": 1666189477675,
  "Component-preload.js": 1666189478103,
  "model/models-dbg.js": 1661869075023,
  "utils/locate-reuse-libs-dbg.js": 1661869075023,
  "controller/Home-dbg.controller.js": 1666087916903,
  "controller/BaseController-dbg.js": 1661869075023,
  "controller/App-dbg.controller.js": 1661869075023,
  "Utils-dbg.js": 1661869075023,
  "Component-dbg.js": 1661869075023,
  "i18n/i18n.properties": 1666188627130,
  "view/LocDialog.fragment.xml": 1661869075023,
  "view/Home.view.xml": 1666188627134,
  "view/App.view.xml": 1661869075023,
  "css/style.css": 1661869075023,
  "index.html": 1661869075023
}