{
  "manifest.json": 1672939603801,
  "Utils.js": 1669107428232,
  "utils/locate-reuse-libs.js": 1669107428232,
  "model/models.js": 1669107428232,
  "controller/Home.controller.js": 1672130408199,
  "controller/BaseController.js": 1669107428232,
  "controller/App.controller.js": 1669107428232,
  "i18n/i18n.properties": 1669107428232,
  "Component.js": 1669107428232,
  "manifest-bundle.zip": 1672939603812,
  "Component-preload.js": 1672939604246,
  "controller/BaseController-dbg.js": 1669107428232,
  "model/models-dbg.js": 1669107428232,
  "controller/Home-dbg.controller.js": 1672130408199,
  "utils/locate-reuse-libs-dbg.js": 1669107428232,
  "controller/App-dbg.controller.js": 1669107428232,
  "Utils-dbg.js": 1669107428232,
  "Component-dbg.js": 1669107428232,
  "view/ProdDialog.fragment.xml": 1669107428236,
  "view/LocDialog.fragment.xml": 1669107428232,
  "view/Home.view.xml": 1672129671807,
  "view/App.view.xml": 1669107428232,
  "css/style.css": 1671542181851,
  "index.html": 1671785672857
}