{
  "Utils.js": 1661440197855,
  "Component.js": 1661440197855,
  "utils/locate-reuse-libs.js": 1661440197855,
  "model/models.js": 1661440197855,
  "controller/Home.controller.js": 1666183219012,
  "controller/BaseController.js": 1661440197855,
  "controller/App.controller.js": 1661440197855,
  "i18n/i18n.properties": 1666693187786,
  "manifest.json": 1667395780935,
  "manifest-bundle.zip": 1667395780948,
  "Component-preload.js": 1667395781381,
  "utils/locate-reuse-libs-dbg.js": 1661440197855,
  "model/models-dbg.js": 1661440197855,
  "controller/Home-dbg.controller.js": 1666183219012,
  "controller/BaseController-dbg.js": 1661440197855,
  "controller/App-dbg.controller.js": 1661440197855,
  "Utils-dbg.js": 1661440197855,
  "Component-dbg.js": 1661440197855,
  "view/ProdDialog.fragment.xml": 1661440197855,
  "view/LocDialog.fragment.xml": 1661440197855,
  "view/Home.view.xml": 1666693187786,
  "view/App.view.xml": 1661440197855,
  "css/style.css": 1661440197855,
  "index.html": 1661440197855
}