{
  "controller/Home-dbg.controller.js": 1671798871260,
  "utils/locate-reuse-libs.js": 1665479929709,
  "manifest.json": 1671994946766,
  "model/models.js": 1665479929709,
  "controller/Home.controller.js": 1671798871260,
  "controller/BaseController.js": 1665479929709,
  "controller/App.controller.js": 1665479929709,
  "Utils.js": 1665479929709,
  "Component.js": 1665479929709,
  "manifest-bundle.zip": 1671994946778,
  "Component-preload.js": 1671994947172,
  "Component-dbg.js": 1665479929709,
  "model/models-dbg.js": 1665479929709,
  "i18n/i18n.properties": 1666187169448,
  "controller/BaseController-dbg.js": 1665479929709,
  "controller/App-dbg.controller.js": 1665479929709,
  "Utils-dbg.js": 1665479929709,
  "utils/locate-reuse-libs-dbg.js": 1665479929709,
  "view/ProdDialog.fragment.xml": 1665479929709,
  "view/LocDialog.fragment.xml": 1665479929709,
  "view/Home.view.xml": 1671798871260,
  "view/App.view.xml": 1665479929709,
  "css/style.css": 1671712974875,
  "index.html": 1671711071728
}