{
  "controller/App-dbg.controller.js": 1662042606669,
  "manifest.json": 1667399611991,
  "utils/locate-reuse-libs.js": 1662042606669,
  "model/models.js": 1662042606669,
  "controller/Home.controller.js": 1666250927898,
  "controller/BaseController.js": 1662042606669,
  "controller/App.controller.js": 1662042606669,
  "Utils.js": 1662042606669,
  "Component.js": 1662042606669,
  "manifest-bundle.zip": 1667399612006,
  "Component-preload.js": 1667399612486,
  "Component-dbg.js": 1662042606669,
  "model/models-dbg.js": 1662042606669,
  "controller/Home-dbg.controller.js": 1666250927898,
  "controller/BaseController-dbg.js": 1662042606669,
  "i18n/i18n.properties": 1666250927898,
  "Utils-dbg.js": 1662042606669,
  "utils/locate-reuse-libs-dbg.js": 1662042606669,
  "view/ProdDialog.fragment.xml": 1662042606669,
  "view/LocDialog.fragment.xml": 1662042606669,
  "view/Home.view.xml": 1666250927898,
  "view/App.view.xml": 1662042606669,
  "css/style.css": 1662042606669,
  "index.html": 1662042606669
}