{
  "model/models.js": 1659447417394,
  "i18n/i18n.properties": 1659710236065,
  "utils/locate-reuse-libs.js": 1659447417394,
  "manifest.json": 1659954727994,
  "controller/Home.controller.js": 1659712607755,
  "controller/BaseController.js": 1659447417394,
  "controller/App.controller.js": 1659447417394,
  "Utils.js": 1659447417394,
  "Component.js": 1659447417394,
  "manifest-bundle.zip": 1659954728006,
  "Component-preload.js": 1659954728364,
  "Utils-dbg.js": 1659447417394,
  "model/models-dbg.js": 1659447417394,
  "controller/Home-dbg.controller.js": 1659712607755,
  "controller/BaseController-dbg.js": 1659447417394,
  "controller/App-dbg.controller.js": 1659447417394,
  "utils/locate-reuse-libs-dbg.js": 1659447417394,
  "Component-dbg.js": 1659447417394,
  "view/ProdDialog.fragment.xml": 1659447417394,
  "view/LocDialog.fragment.xml": 1659447417394,
  "view/Home.view.xml": 1659712726648,
  "view/App.view.xml": 1659447417394,
  "css/style.css": 1659706258812,
  "index.html": 1659713683607
}