{
  "view/App.view.xml": 1659447417394,
  "controller/BaseController.js": 1659447417394,
  "utils/locate-reuse-libs.js": 1659447417394,
  "model/models.js": 1659447417394,
  "controller/Home.controller.js": 1663252453920,
  "manifest.json": 1663253516258,
  "controller/App.controller.js": 1659447417394,
  "Utils.js": 1659447417394,
  "Component.js": 1659447417394,
  "manifest-bundle.zip": 1663253516271,
  "Component-preload.js": 1663253516686,
  "utils/locate-reuse-libs-dbg.js": 1659447417394,
  "model/models-dbg.js": 1659447417394,
  "controller/Home-dbg.controller.js": 1663252453920,
  "controller/BaseController-dbg.js": 1659447417394,
  "controller/App-dbg.controller.js": 1659447417394,
  "Utils-dbg.js": 1659447417394,
  "Component-dbg.js": 1659447417394,
  "view/ProdDialog.fragment.xml": 1659447417394,
  "view/LocDialog.fragment.xml": 1659447417394,
  "view/Home.view.xml": 1663252453924,
  "i18n/i18n.properties": 1663252453924,
  "css/style.css": 1660135288766,
  "index.html": 1659713683607
}