{
  "manifest-bundle.zip": 1667905132322,
  "manifest.json": 1667905132308,
  "utils/locate-reuse-libs.js": 1665479929709,
  "model/models.js": 1665479929709,
  "controller/Home.controller.js": 1666169199810,
  "controller/BaseController.js": 1665479929709,
  "controller/App.controller.js": 1665479929709,
  "Utils.js": 1665479929709,
  "Component.js": 1665479929709,
  "i18n/i18n.properties": 1666187169448,
  "Component-preload.js": 1667905132794,
  "model/models-dbg.js": 1665479929709,
  "utils/locate-reuse-libs-dbg.js": 1665479929709,
  "controller/Home-dbg.controller.js": 1666169199810,
  "controller/BaseController-dbg.js": 1665479929709,
  "controller/App-dbg.controller.js": 1665479929709,
  "Utils-dbg.js": 1665479929709,
  "Component-dbg.js": 1665479929709,
  "view/ProdDialog.fragment.xml": 1665479929709,
  "view/LocDialog.fragment.xml": 1665479929709,
  "view/Home.view.xml": 1666187194773,
  "view/App.view.xml": 1665479929709,
  "css/style.css": 1665479929709,
  "index.html": 1665479929709
}