{
  "view/LocDialog.fragment.xml": 1671100323902,
  "controller/ItemDetail.controller.js": 1671100323902,
  "utils/locate-reuse-libs.js": 1671100323902,
  "model/models.js": 1671100323902,
  "model/formatter.js": 1671100323902,
  "controller/ItemMaster.controller.js": 1671100323902,
  "manifest.json": 1671200704876,
  "controller/Home.controller.js": 1671100323902,
  "controller/Details.controller.js": 1671100323902,
  "controller/BaseController.js": 1671100323902,
  "controller/App.controller.js": 1671100323902,
  "Component.js": 1671100323902,
  "manifest-bundle.zip": 1671200704888,
  "Component-preload.js": 1671200705487,
  "Component-dbg.js": 1671100323902,
  "model/models-dbg.js": 1671100323902,
  "model/formatter-dbg.js": 1671100323902,
  "controller/ItemMaster-dbg.controller.js": 1671100323902,
  "controller/ItemDetail-dbg.controller.js": 1671100323902,
  "controller/Home-dbg.controller.js": 1671100323902,
  "controller/Details-dbg.controller.js": 1671100323902,
  "controller/BaseController-dbg.js": 1671100323902,
  "controller/App-dbg.controller.js": 1671100323902,
  "utils/locate-reuse-libs-dbg.js": 1671100323902,
  "view/className.fragment.xml": 1671100323906,
  "view/charValue.fragment.xml": 1671100323902,
  "view/charName.fragment.xml": 1671100323902,
  "view/UniqueDescUpdate.fragment.xml": 1671100323902,
  "view/ProdDialog.fragment.xml": 1671100323902,
  "i18n/i18n.properties": 1671100323902,
  "view/ItemMaster.view.xml": 1671100323902,
  "view/ItemDetail.view.xml": 1671100323902,
  "view/Home.view.xml": 1671100323902,
  "view/Details.view.xml": 1671100323902,
  "view/CustomerGroup.fragment.xml": 1671100323902,
  "view/CreateSeedOrder.fragment.xml": 1671100323902,
  "view/CreateChar.fragment.xml": 1671100323902,
  "view/CopyChar.fragment.xml": 1671100323902,
  "view/App.view.xml": 1671100323902,
  "view/AddCharacterstics.fragment.xml": 1671100323902,
  "css/style.css": 1671100323902,
  "index.html": 1671100323902
}