{
  "controller/App.controller.js": 1661440197839,
  "model/models.js": 1661440197839,
  "utils/locate-reuse-libs.js": 1661440197839,
  "manifest.json": 1667395790746,
  "model/formatter.js": 1662376778848,
  "controller/ItemMaster.controller.js": 1665563487162,
  "controller/ItemDetail.controller.js": 1664198997087,
  "controller/Details.controller.js": 1661440197839,
  "controller/BaseController.js": 1661440197839,
  "i18n/i18n.properties": 1666693187778,
  "Component.js": 1661440197839,
  "manifest-bundle.zip": 1667395790757,
  "Component-preload.js": 1667395791304,
  "utils/locate-reuse-libs-dbg.js": 1661440197839,
  "model/models-dbg.js": 1661440197839,
  "model/formatter-dbg.js": 1662376778848,
  "controller/ItemMaster-dbg.controller.js": 1665563487162,
  "controller/ItemDetail-dbg.controller.js": 1664198997087,
  "controller/Details-dbg.controller.js": 1661440197839,
  "controller/BaseController-dbg.js": 1661440197839,
  "controller/App-dbg.controller.js": 1661440197839,
  "Component-dbg.js": 1661440197839,
  "view/className.fragment.xml": 1665563487162,
  "view/charValue.fragment.xml": 1662444724947,
  "view/charName.fragment.xml": 1662444724947,
  "view/UniqueDescUpdate.fragment.xml": 1662371387494,
  "view/ProdDialog.fragment.xml": 1665563487162,
  "view/LocDialog.fragment.xml": 1665563487162,
  "view/ItemMaster.view.xml": 1662648424946,
  "view/ItemDetail.view.xml": 1665563487162,
  "view/Details.view.xml": 1661440197839,
  "view/CustomerGroup.fragment.xml": 1663329162446,
  "view/CreateSeedOrder.fragment.xml": 1663749091097,
  "view/CreateChar.fragment.xml": 1666693187782,
  "view/CopyChar.fragment.xml": 1666693187778,
  "view/App.view.xml": 1661440197839,
  "view/AddCharacterstics.fragment.xml": 1662532873350,
  "css/style.css": 1661780551115,
  "index.html": 1661440197839
}