{
  "model/models.js": 1661869075007,
  "controller/BaseController.js": 1661869075007,
  "utils/locate-reuse-libs.js": 1661869075007,
  "i18n/i18n.properties": 1662628674140,
  "model/formatter.js": 1662628674140,
  "controller/ItemMaster.controller.js": 1663325350078,
  "controller/ItemDetail.controller.js": 1662628674140,
  "controller/Home.controller.js": 1661869075007,
  "controller/Details.controller.js": 1661869075007,
  "manifest.json": 1663327404329,
  "controller/App.controller.js": 1661869075007,
  "Component.js": 1661869075007,
  "manifest-bundle.zip": 1663327404345,
  "Component-preload.js": 1663327404943,
  "model/models-dbg.js": 1661869075007,
  "utils/locate-reuse-libs-dbg.js": 1661869075007,
  "model/formatter-dbg.js": 1662628674140,
  "controller/ItemMaster-dbg.controller.js": 1663325350078,
  "controller/ItemDetail-dbg.controller.js": 1662628674140,
  "controller/Home-dbg.controller.js": 1661869075007,
  "controller/Details-dbg.controller.js": 1661869075007,
  "controller/BaseController-dbg.js": 1661869075007,
  "controller/App-dbg.controller.js": 1661869075007,
  "Component-dbg.js": 1661869075007,
  "view/className.fragment.xml": 1662732671164,
  "view/charValue.fragment.xml": 1662628674140,
  "view/charName.fragment.xml": 1662628674140,
  "view/UniqueDescUpdate.fragment.xml": 1662628674140,
  "view/ProdDialog.fragment.xml": 1661869075007,
  "view/LocDialog.fragment.xml": 1661869075007,
  "view/ItemMaster.view.xml": 1662628674140,
  "view/ItemDetail.view.xml": 1662628674140,
  "view/Home.view.xml": 1661869075007,
  "view/Details.view.xml": 1661869075007,
  "view/CreateChar.fragment.xml": 1662628674140,
  "view/CopyChar.fragment.xml": 1662628674140,
  "view/App.view.xml": 1661869075007,
  "view/AddCharacterstics.fragment.xml": 1662628674140,
  "css/style.css": 1661869075007,
  "index.html": 1661869075007
}