{
  "view/ProdDialog.fragment.xml": 1664533510471,
  "controller/ItemDetail.controller.js": 1665580883108,
  "utils/locate-reuse-libs.js": 1662042606649,
  "model/models.js": 1662042606649,
  "model/formatter.js": 1662378573463,
  "controller/ItemMaster.controller.js": 1664542195180,
  "manifest.json": 1667296844226,
  "controller/Details.controller.js": 1662042606645,
  "controller/BaseController.js": 1662042606645,
  "controller/App.controller.js": 1662042606645,
  "Component.js": 1662042606645,
  "manifest-bundle.zip": 1667296844238,
  "Component-preload.js": 1667296844748,
  "controller/BaseController-dbg.js": 1662042606645,
  "model/models-dbg.js": 1662042606649,
  "model/formatter-dbg.js": 1662378573463,
  "controller/ItemMaster-dbg.controller.js": 1664542195180,
  "controller/ItemDetail-dbg.controller.js": 1665580883108,
  "controller/Details-dbg.controller.js": 1662042606645,
  "utils/locate-reuse-libs-dbg.js": 1662042606649,
  "controller/App-dbg.controller.js": 1662042606645,
  "Component-dbg.js": 1662042606645,
  "view/className.fragment.xml": 1664537382463,
  "view/charValue.fragment.xml": 1662386195810,
  "view/charName.fragment.xml": 1662386185258,
  "view/UniqueDescUpdate.fragment.xml": 1662376592545,
  "i18n/i18n.properties": 1666250927890,
  "view/LocDialog.fragment.xml": 1664533462614,
  "view/ItemMaster.view.xml": 1662545921093,
  "view/ItemDetail.view.xml": 1664542706585,
  "view/Details.view.xml": 1662042606649,
  "view/CustomerGroup.fragment.xml": 1663353376916,
  "view/CreateSeedOrder.fragment.xml": 1663703649057,
  "view/CreateChar.fragment.xml": 1666250927890,
  "view/CopyChar.fragment.xml": 1666250927890,
  "view/App.view.xml": 1662042606649,
  "view/AddCharacterstics.fragment.xml": 1662473985424,
  "css/style.css": 1662042606645,
  "index.html": 1664533006726
}