{
  "model/formatter-dbg.js": 1662378852381,
  "controller/Details.controller.js": 1659447417374,
  "utils/locate-reuse-libs.js": 1659447417374,
  "model/models.js": 1659447417374,
  "model/formatter.js": 1662378852381,
  "controller/ItemMaster.controller.js": 1664545914681,
  "controller/ItemDetail.controller.js": 1663928384652,
  "manifest.json": 1664546358325,
  "controller/BaseController.js": 1659447417374,
  "controller/App.controller.js": 1659447417374,
  "Component.js": 1659447417374,
  "manifest-bundle.zip": 1664546358336,
  "Component-preload.js": 1664546358871,
  "controller/ItemMaster-dbg.controller.js": 1664545914681,
  "model/models-dbg.js": 1659447417374,
  "i18n/i18n.properties": 1662378852381,
  "utils/locate-reuse-libs-dbg.js": 1659447417374,
  "controller/ItemDetail-dbg.controller.js": 1663928384652,
  "controller/Details-dbg.controller.js": 1659447417374,
  "controller/BaseController-dbg.js": 1659447417374,
  "controller/App-dbg.controller.js": 1659447417374,
  "Component-dbg.js": 1659447417374,
  "view/className.fragment.xml": 1664545914681,
  "view/charValue.fragment.xml": 1662417816107,
  "view/charName.fragment.xml": 1662417816107,
  "view/UniqueDescUpdate.fragment.xml": 1662378852381,
  "view/ProdDialog.fragment.xml": 1664545914681,
  "view/LocDialog.fragment.xml": 1664545914681,
  "view/ItemMaster.view.xml": 1662548201042,
  "view/ItemDetail.view.xml": 1664545914681,
  "view/Details.view.xml": 1659447417374,
  "view/CustomerGroup.fragment.xml": 1663578246689,
  "view/CreateSeedOrder.fragment.xml": 1663748825709,
  "view/CreateChar.fragment.xml": 1662470325806,
  "view/CopyChar.fragment.xml": 1662378852381,
  "view/App.view.xml": 1659447417374,
  "view/AddCharacterstics.fragment.xml": 1662476244223,
  "css/style.css": 1661865456737,
  "index.html": 1664545914681
}