{
  "view/App.view.xml": 1665479929665,
  "model/formatter.js": 1665479929665,
  "utils/locate-reuse-libs.js": 1665479929665,
  "model/models.js": 1665479929665,
  "manifest.json": 1666113628302,
  "controller/ItemMaster.controller.js": 1665479929665,
  "controller/ItemDetail.controller.js": 1665582799487,
  "controller/Details.controller.js": 1665479929665,
  "controller/BaseController.js": 1665479929665,
  "controller/App.controller.js": 1665479929665,
  "Component.js": 1665479929665,
  "manifest-bundle.zip": 1666113628314,
  "Component-preload.js": 1666113628880,
  "controller/Details-dbg.controller.js": 1665479929665,
  "model/models-dbg.js": 1665479929665,
  "model/formatter-dbg.js": 1665479929665,
  "controller/ItemMaster-dbg.controller.js": 1665479929665,
  "controller/ItemDetail-dbg.controller.js": 1665582799487,
  "utils/locate-reuse-libs-dbg.js": 1665479929665,
  "controller/BaseController-dbg.js": 1665479929665,
  "controller/App-dbg.controller.js": 1665479929665,
  "Component-dbg.js": 1665479929665,
  "view/className.fragment.xml": 1665479929665,
  "view/charValue.fragment.xml": 1665479929665,
  "view/charName.fragment.xml": 1665479929665,
  "view/UniqueDescUpdate.fragment.xml": 1665479929665,
  "view/ProdDialog.fragment.xml": 1665479929665,
  "view/LocDialog.fragment.xml": 1665479929665,
  "view/ItemMaster.view.xml": 1665479929665,
  "view/ItemDetail.view.xml": 1665479929665,
  "view/Details.view.xml": 1665479929665,
  "view/CustomerGroup.fragment.xml": 1665479929665,
  "view/CreateSeedOrder.fragment.xml": 1665479929665,
  "view/CreateChar.fragment.xml": 1665479929665,
  "view/CopyChar.fragment.xml": 1665479929665,
  "i18n/i18n.properties": 1665479929665,
  "view/AddCharacterstics.fragment.xml": 1665479929665,
  "css/style.css": 1665479929665,
  "index.html": 1665479929665
}