{
  "css/style.css": 1658128987704,
  "controller/App.controller.js": 1658128987700,
  "utils/locate-reuse-libs.js": 1657893539170,
  "model/models.js": 1657893539170,
  "controller/ItemMaster.controller.js": 1658239221104,
  "controller/ItemDetail.controller.js": 1658239221104,
  "controller/Home.controller.js": 1658128987704,
  "controller/Details.controller.js": 1658128987704,
  "controller/BaseController.js": 1658128987700,
  "manifest.json": 1658485089738,
  "Component.js": 1657893539170,
  "manifest-bundle.zip": 1658485089753,
  "Component-preload.js": 1658485090295,
  "controller/Details-dbg.controller.js": 1658128987704,
  "model/models-dbg.js": 1657893539170,
  "controller/ItemMaster-dbg.controller.js": 1658239221104,
  "controller/ItemDetail-dbg.controller.js": 1658239221104,
  "controller/Home-dbg.controller.js": 1658128987704,
  "utils/locate-reuse-libs-dbg.js": 1657893539170,
  "controller/BaseController-dbg.js": 1658128987700,
  "controller/App-dbg.controller.js": 1658128987700,
  "Component-dbg.js": 1657893539170,
  "view/ProdDialog.fragment.xml": 1658128987708,
  "view/LocDialog.fragment.xml": 1658128987708,
  "view/ItemMaster.view.xml": 1658239221104,
  "view/ItemDetail.view.xml": 1658239221104,
  "view/Home.view.xml": 1658128987704,
  "view/Details.view.xml": 1658128987704,
  "view/App.view.xml": 1658128987704,
  "i18n/i18n.properties": 1658239221104,
  "index.html": 1658128987704
}