{
  "controller/Home-dbg.controller.js": 1654124332110,
  "controller/Home.controller.js": 1654124332110,
  "utils/locate-reuse-libs.js": 1654124332122,
  "model/models.js": 1654124332122,
  "manifest.json": 1654127156025,
  "controller/BaseController.js": 1654124332110,
  "controller/App.controller.js": 1654124332106,
  "Component.js": 1654124332106,
  "manifest-bundle.zip": 1654127156037,
  "Component-preload.js": 1654127156450,
  "i18n/i18n.properties": 1654124332110,
  "model/models-dbg.js": 1654124332122,
  "utils/locate-reuse-libs-dbg.js": 1654124332122,
  "controller/BaseController-dbg.js": 1654124332110,
  "controller/App-dbg.controller.js": 1654124332106,
  "Component-dbg.js": 1654124332106,
  "view/ObjDepChar.fragment.xml": 1654124332122,
  "view/Home.view.xml": 1654124332122,
  "view/App.view.xml": 1654124332122,
  "css/style.css": 1654124332110,
  "index.html": 1654124332110
}