{
  "controller/Home-dbg.controller.js": 1644222216834,
  "utils/locate-reuse-libs.js": 1643886605255,
  "manifest.json": 1644312238555,
  "model/models.js": 1643886605255,
  "controller/Home.controller.js": 1644222216834,
  "controller/BaseController.js": 1643886605255,
  "controller/App.controller.js": 1643886605255,
  "Component.js": 1643886605247,
  "manifest-bundle.zip": 1644312238568,
  "Component-preload.js": 1644312238929,
  "i18n/i18n.properties": 1644235971979,
  "model/models-dbg.js": 1643886605255,
  "utils/locate-reuse-libs-dbg.js": 1643886605255,
  "controller/BaseController-dbg.js": 1643886605255,
  "controller/App-dbg.controller.js": 1643886605255,
  "Component-dbg.js": 1643886605247,
  "view/ObjDepChar.fragment.xml": 1644202888825,
  "view/Home.view.xml": 1644222216834,
  "view/App.view.xml": 1643886605255,
  "css/style.css": 1643886605255,
  "index.html": 1643886605255
}