{
  "i18n/i18n.properties": 1644333435214,
  "controller/Home.controller.js": 1653681292116,
  "utils/locate-reuse-libs.js": 1643807076719,
  "model/models.js": 1643807076723,
  "manifest.json": 1654681383306,
  "controller/BaseController.js": 1643807258830,
  "controller/App.controller.js": 1643807252694,
  "Component.js": 1643807076703,
  "manifest-bundle.zip": 1654681383318,
  "Component-preload.js": 1654681383718,
  "model/models-dbg.js": 1643807076723,
  "utils/locate-reuse-libs-dbg.js": 1643807076719,
  "controller/Home-dbg.controller.js": 1653681292116,
  "controller/BaseController-dbg.js": 1643807258830,
  "controller/App-dbg.controller.js": 1643807252694,
  "Component-dbg.js": 1643807076703,
  "view/ObjDepChar.fragment.xml": 1649319913251,
  "view/Home.view.xml": 1649319892587,
  "view/App.view.xml": 1649319854563,
  "css/style.css": 1646327014418,
  "index.html": 1650361920943
}