{
  "controller/App.controller.js": 1648611174644,
  "model/models.js": 1648611174644,
  "utils/locate-reuse-libs.js": 1648611174644,
  "manifest.json": 1648805421565,
  "controller/Home.controller.js": 1648611174644,
  "controller/BaseController.js": 1648611174644,
  "i18n/i18n.properties": 1648611174644,
  "Component.js": 1648611174644,
  "manifest-bundle.zip": 1648805421577,
  "Component-preload.js": 1648805421989,
  "controller/BaseController-dbg.js": 1648611174644,
  "model/models-dbg.js": 1648611174644,
  "controller/Home-dbg.controller.js": 1648611174644,
  "utils/locate-reuse-libs-dbg.js": 1648611174644,
  "controller/App-dbg.controller.js": 1648611174644,
  "Component-dbg.js": 1648611174644,
  "view/ObjDepChar.fragment.xml": 1648611174644,
  "view/Home.view.xml": 1648611174644,
  "view/App.view.xml": 1648611174644,
  "css/style.css": 1648611174644,
  "index.html": 1648611174644
}