{
  "controller/BaseController.js": 1645610229881,
  "i18n/i18n.properties": 1645610229881,
  "utils/locate-reuse-libs.js": 1645610229881,
  "model/models.js": 1645610229881,
  "controller/Home.controller.js": 1645749377473,
  "manifest.json": 1645786420272,
  "controller/App.controller.js": 1645610229881,
  "Component.js": 1645610229881,
  "manifest-bundle.zip": 1645786420284,
  "Component-preload.js": 1645786420663,
  "Component-dbg.js": 1645610229881,
  "model/models-dbg.js": 1645610229881,
  "controller/Home-dbg.controller.js": 1645749377473,
  "controller/BaseController-dbg.js": 1645610229881,
  "controller/App-dbg.controller.js": 1645610229881,
  "utils/locate-reuse-libs-dbg.js": 1645610229881,
  "view/ObjDepChar.fragment.xml": 1645749377473,
  "view/Home.view.xml": 1645749377473,
  "view/App.view.xml": 1645610229881,
  "css/style.css": 1645610229881,
  "index.html": 1645610229881
}