{
  "utils/locate-reuse-libs-dbg.js": 1664362544793,
  "controller/App.controller.js": 1664374795065,
  "utils/locate-reuse-libs.js": 1664362544793,
  "model/models.js": 1664362544793,
  "controller/Home.controller.js": 1664783004692,
  "controller/BaseController.js": 1664374795065,
  "manifest.json": 1665414737730,
  "Component.js": 1664362544789,
  "manifest-bundle.zip": 1665414737746,
  "Component-preload.js": 1665414738267,
  "Component-dbg.js": 1664362544789,
  "model/models-dbg.js": 1664362544793,
  "controller/Home-dbg.controller.js": 1664783004692,
  "controller/BaseController-dbg.js": 1664374795065,
  "controller/App-dbg.controller.js": 1664374795065,
  "i18n/i18n.properties": 1664374795073,
  "view/ProdDialog.fragment.xml": 1664783004692,
  "view/LocDialog.fragment.xml": 1664783004692,
  "view/Home.view.xml": 1664455712349,
  "view/App.view.xml": 1664374795077,
  "css/style.css": 1664374795069,
  "index.html": 1664541304243
}