{
  "i18n/i18n.properties": 1669107428068,
  "controller/BaseController.js": 1669107428068,
  "utils/locate-reuse-libs.js": 1669107428072,
  "model/models.js": 1669107428072,
  "controller/Home.controller.js": 1669107428068,
  "manifest.json": 1672939756333,
  "controller/App.controller.js": 1669107428068,
  "Component.js": 1669107428068,
  "manifest-bundle.zip": 1672939756357,
  "Component-preload.js": 1672939756885,
  "controller/App-dbg.controller.js": 1669107428068,
  "model/models-dbg.js": 1669107428072,
  "controller/Home-dbg.controller.js": 1669107428068,
  "controller/BaseController-dbg.js": 1669107428068,
  "utils/locate-reuse-libs-dbg.js": 1669107428072,
  "Component-dbg.js": 1669107428068,
  "view/ProdDialog.fragment.xml": 1669107428072,
  "view/LocDialog.fragment.xml": 1669107428072,
  "view/Home.view.xml": 1669715346744,
  "view/App.view.xml": 1669107428072,
  "css/style.css": 1669715346744,
  "index.html": 1669107428068
}