{
  "view/LocDialog.fragment.xml": 1669729244067,
  "Component.js": 1669729244067,
  "utils/locate-reuse-libs.js": 1669729244067,
  "model/models.js": 1669729244067,
  "controller/Home.controller.js": 1669729244067,
  "controller/BaseController.js": 1669729244067,
  "controller/App.controller.js": 1669729244067,
  "manifest.json": 1669733156838,
  "manifest-bundle.zip": 1669733156848,
  "Component-preload.js": 1669733157105,
  "utils/locate-reuse-libs-dbg.js": 1669729244067,
  "model/models-dbg.js": 1669729244067,
  "controller/Home-dbg.controller.js": 1669729244067,
  "controller/BaseController-dbg.js": 1669729244067,
  "controller/App-dbg.controller.js": 1669729244067,
  "Component-dbg.js": 1669729244067,
  "view/ProdDialog.fragment.xml": 1669729244067,
  "i18n/i18n.properties": 1669729244067,
  "view/Home.view.xml": 1669729244067,
  "view/App.view.xml": 1669729244067,
  "css/style.css": 1669729244067,
  "index.html": 1669729244067
}