{
  "model/models.js": 1665479929609,
  "utils/locate-reuse-libs.js": 1665479929609,
  "manifest.json": 1667487312099,
  "i18n/i18n.properties": 1666100601051,
  "controller/Home.controller.js": 1665479929609,
  "controller/BaseController.js": 1665479929609,
  "controller/App.controller.js": 1665479929609,
  "Component.js": 1665479929609,
  "manifest-bundle.zip": 1667487312117,
  "Component-preload.js": 1667487312611,
  "Component-dbg.js": 1665479929609,
  "model/models-dbg.js": 1665479929609,
  "controller/Home-dbg.controller.js": 1665479929609,
  "controller/BaseController-dbg.js": 1665479929609,
  "controller/App-dbg.controller.js": 1665479929609,
  "utils/locate-reuse-libs-dbg.js": 1665479929609,
  "view/ProdDialog.fragment.xml": 1665479929609,
  "view/LocDialog.fragment.xml": 1665479929609,
  "view/Home.view.xml": 1666100581182,
  "view/App.view.xml": 1665479929609,
  "css/style.css": 1665479929609,
  "index.html": 1665479929609
}