{
  "utils/locate-reuse-libs.js": 1664360555007,
  "model/models.js": 1664360555007,
  "i18n/i18n.properties": 1666101727087,
  "manifest.json": 1668070943680,
  "controller/Home.controller.js": 1667911337117,
  "controller/BaseController.js": 1664362037407,
  "controller/App.controller.js": 1664362029631,
  "Component.js": 1664360554999,
  "manifest-bundle.zip": 1668070943695,
  "Component-preload.js": 1668070944225,
  "controller/Home-dbg.controller.js": 1667911337117,
  "model/models-dbg.js": 1664360555007,
  "utils/locate-reuse-libs-dbg.js": 1664360555007,
  "controller/BaseController-dbg.js": 1664362037407,
  "controller/App-dbg.controller.js": 1664362029631,
  "Component-dbg.js": 1664360554999,
  "view/ProdDialog.fragment.xml": 1664540977008,
  "view/LocDialog.fragment.xml": 1664540946500,
  "view/Home.view.xml": 1667911337117,
  "view/App.view.xml": 1664361095956,
  "css/style.css": 1667911337117,
  "index.html": 1667911337117
}