{
  "utils/locate-reuse-libs-dbg.js": 1665479929609,
  "controller/App.controller.js": 1665479929609,
  "utils/locate-reuse-libs.js": 1665479929609,
  "model/models.js": 1665479929609,
  "controller/Home.controller.js": 1667910898090,
  "controller/BaseController.js": 1665479929609,
  "manifest.json": 1669276548823,
  "Component.js": 1665479929609,
  "manifest-bundle.zip": 1669276548837,
  "Component-preload.js": 1669276549253,
  "controller/BaseController-dbg.js": 1665479929609,
  "model/models-dbg.js": 1665479929609,
  "controller/Home-dbg.controller.js": 1667910898090,
  "i18n/i18n.properties": 1666100601051,
  "controller/App-dbg.controller.js": 1665479929609,
  "Component-dbg.js": 1665479929609,
  "view/ProdDialog.fragment.xml": 1665479929609,
  "view/LocDialog.fragment.xml": 1665479929609,
  "view/Home.view.xml": 1667910898094,
  "view/App.view.xml": 1665479929609,
  "css/style.css": 1667910898090,
  "index.html": 1667910898090
}