{
  "manifest.json": 1668776820858,
  "i18n/i18n.properties": 1668774907628,
  "utils/locate-reuse-libs.js": 1668774907632,
  "model/models.js": 1668774907632,
  "controller/Home.controller.js": 1668774907628,
  "controller/BaseController.js": 1668774907628,
  "controller/App.controller.js": 1668774907628,
  "Component.js": 1668774907628,
  "manifest-bundle.zip": 1668776820881,
  "Component-preload.js": 1668776821598,
  "controller/BaseController-dbg.js": 1668774907628,
  "model/models-dbg.js": 1668774907632,
  "controller/Home-dbg.controller.js": 1668774907628,
  "utils/locate-reuse-libs-dbg.js": 1668774907632,
  "controller/App-dbg.controller.js": 1668774907628,
  "Component-dbg.js": 1668774907628,
  "view/ProdDialog.fragment.xml": 1668774907632,
  "view/LocDialog.fragment.xml": 1668774907632,
  "view/Home.view.xml": 1668774907632,
  "view/App.view.xml": 1668774907632,
  "css/style.css": 1668774907628,
  "index.html": 1668774907628
}