{
  "Component.js": 1669729244015,
  "i18n/i18n.properties": 1669729244015,
  "ext/controller/MyListReportExt.controller.js": 1669729244015,
  "custom/ListReportExtController.js": 1669729244015,
  "manifest.json": 1669733077209,
  "manifest-bundle.zip": 1669733077220,
  "Component-preload.js": 1669733077378,
  "custom/ListReportExtController-dbg.js": 1669729244015,
  "ext/controller/MyListReportExt-dbg.controller.js": 1669729244015,
  "Component-dbg.js": 1669729244015,
  "annotations/annotation.xml": 1669729244015,
  "index.html": 1669729244015
}