{
  "ext/controller/MyListReportExt-dbg.controller.js": 1668774907572,
  "ext/controller/MyListReportExt.controller.js": 1668774907572,
  "manifest.json": 1668776701260,
  "custom/ListReportExtController.js": 1668774907572,
  "Component.js": 1668774907572,
  "manifest-bundle.zip": 1668776701277,
  "Component-preload.js": 1668776701626,
  "Component-dbg.js": 1668774907572,
  "custom/ListReportExtController-dbg.js": 1668774907572,
  "i18n/i18n.properties": 1668774907572,
  "annotations/annotation.xml": 1668774907572,
  "index.html": 1668774907572
}