{
  "custom/ListReportExtController.js": 1669789349530,
  "ext/controller/MyListReportExt.controller.js": 1669789349530,
  "manifest.json": 1671620117351,
  "i18n/i18n.properties": 1669789252597,
  "Component.js": 1669789349530,
  "manifest-bundle.zip": 1671620117371,
  "Component-preload.js": 1671620117672,
  "custom/ListReportExtController-dbg.js": 1669789349530,
  "ext/controller/MyListReportExt-dbg.controller.js": 1669789349530,
  "Component-dbg.js": 1669789349530,
  "annotations/annotation.xml": 1669789349530,
  "index.html": 1669789349530
}