{
  "annotations/annotation.xml": 1669107428000,
  "ext/controller/MyListReportExt.controller.js": 1669107428000,
  "manifest.json": 1669879276659,
  "custom/ListReportExtController.js": 1669107428000,
  "Component.js": 1669107428000,
  "manifest-bundle.zip": 1669879276670,
  "Component-preload.js": 1669879276802,
  "ext/controller/MyListReportExt-dbg.controller.js": 1669107428000,
  "custom/ListReportExtController-dbg.js": 1669107428000,
  "Component-dbg.js": 1669107428000,
  "i18n/i18n.properties": 1669107428000,
  "index.html": 1669107428000
}