{
  "i18n/i18n.properties": 1665479929545,
  "manifest.json": 1672039704921,
  "ext/controller/MyListReportExt.controller.js": 1668768211728,
  "custom/ListReportExtController.js": 1668768211728,
  "Component.js": 1668768211728,
  "manifest-bundle.zip": 1672039704942,
  "Component-preload.js": 1672039705275,
  "custom/ListReportExtController-dbg.js": 1668768211728,
  "ext/controller/MyListReportExt-dbg.controller.js": 1668768211728,
  "Component-dbg.js": 1668768211728,
  "annotations/annotation.xml": 1668768211728,
  "index.html": 1668768211728
}