{
  "annotations/annotation.xml": 1667977357123,
  "manifest.json": 1668168628753,
  "ext/controller/MyListReportExt.controller.js": 1668059775111,
  "custom/ListReportExtController.js": 1668149189011,
  "Component.js": 1668068919934,
  "manifest-bundle.zip": 1668168628770,
  "Component-preload.js": 1668168629082,
  "Component-dbg.js": 1668068919934,
  "custom/ListReportExtController-dbg.js": 1668149189011,
  "ext/controller/MyListReportExt-dbg.controller.js": 1668059775111,
  "i18n/i18n.properties": 1661440197783,
  "index.html": 1668148833918
}