{
  "css/style.css": 1640953104331,
  "model/models.js": 1640953104331,
  "manifest.json": 1642615482700,
  "controller/Home.controller.js": 1642615146215,
  "controller/BaseController.js": 1640953104331,
  "controller/App.controller.js": 1640953104331,
  "Component.js": 1640953104331,
  "manifest-bundle.zip": 1642615482716,
  "Component-preload.js": 1642615483206,
  "Component-dbg.js": 1640953104331,
  "controller/Home-dbg.controller.js": 1642615146215,
  "controller/BaseController-dbg.js": 1640953104331,
  "controller/App-dbg.controller.js": 1640953104331,
  "model/models-dbg.js": 1640953104331,
  "view/ProdDialog.fragment.xml": 1642573838055,
  "view/PredProfileDialog.fragment.xml": 1642596209121,
  "view/ObjDepDialog.fragment.xml": 1642573838055,
  "view/LocDialog.fragment.xml": 1640953104335,
  "view/Home.view.xml": 1642596209121,
  "view/App.view.xml": 1640953104335,
  "i18n/i18n.properties": 1642613081135,
  "index.html": 1640953104331
}