{
  "view/ProdDialog.fragment.xml": 1642529632757,
  "Component.js": 1641823720387,
  "model/models.js": 1641823720391,
  "controller/Home.controller.js": 1650626133868,
  "controller/BaseController.js": 1641823720387,
  "controller/App.controller.js": 1649316713034,
  "manifest.json": 1654681138742,
  "manifest-bundle.zip": 1654681138762,
  "Component-preload.js": 1654681139353,
  "controller/App-dbg.controller.js": 1649316713034,
  "controller/Home-dbg.controller.js": 1650626133868,
  "controller/BaseController-dbg.js": 1641823720387,
  "model/models-dbg.js": 1641823720391,
  "Component-dbg.js": 1641823720387,
  "view/VersionDialog.fragment.xml": 1646310103516,
  "view/ScenarioDialog.fragment.xml": 1646310103516,
  "i18n/i18n.properties": 1643969709818,
  "view/PredProfileDialog.fragment.xml": 1649316947395,
  "view/ObjDepDialog.fragment.xml": 1643347539214,
  "view/LocDialog.fragment.xml": 1646325165852,
  "view/Home.view.xml": 1649316918791,
  "view/App.view.xml": 1641823720391,
  "css/style.css": 1646325503892,
  "index.html": 1650361895119
}