{
  "i18n/i18n.properties": 1642509511399,
  "Component.js": 1640953104331,
  "model/models.js": 1640953104331,
  "controller/Home.controller.js": 1642515931555,
  "controller/BaseController.js": 1640953104331,
  "controller/App.controller.js": 1640953104331,
  "manifest.json": 1642518897170,
  "manifest-bundle.zip": 1642518897194,
  "Component-preload.js": 1642518897980,
  "model/models-dbg.js": 1640953104331,
  "controller/Home-dbg.controller.js": 1642515931555,
  "controller/BaseController-dbg.js": 1640953104331,
  "controller/App-dbg.controller.js": 1640953104331,
  "Component-dbg.js": 1640953104331,
  "view/ProdDialog.fragment.xml": 1640953104335,
  "view/PredProfileDialog.fragment.xml": 1642510386371,
  "view/ObjDepDialog.fragment.xml": 1640953104335,
  "view/LocDialog.fragment.xml": 1640953104335,
  "view/Home.view.xml": 1642511656307,
  "view/App.view.xml": 1640953104335,
  "css/style.css": 1640953104331,
  "index.html": 1640953104331
}