{
  "controller/App.controller.js": 1649758051722,
  "controller/Home.controller.js": 1650971488043,
  "model/models.js": 1649242316970,
  "manifest.json": 1654077732282,
  "controller/BaseController.js": 1649242316970,
  "i18n/i18n.properties": 1649242316970,
  "Component.js": 1649242316970,
  "manifest-bundle.zip": 1654077732306,
  "Component-preload.js": 1654077733049,
  "controller/Home-dbg.controller.js": 1650971488043,
  "model/models-dbg.js": 1649242316970,
  "controller/BaseController-dbg.js": 1649242316970,
  "controller/App-dbg.controller.js": 1649758051722,
  "Component-dbg.js": 1649242316970,
  "view/VersionDialog.fragment.xml": 1649242316970,
  "view/ScenarioDialog.fragment.xml": 1649242316970,
  "view/ProdDialog.fragment.xml": 1649242316970,
  "view/PredProfileDialog.fragment.xml": 1649758051722,
  "view/ObjDepDialog.fragment.xml": 1649242316970,
  "view/LocDialog.fragment.xml": 1649242316970,
  "view/Home.view.xml": 1649758051722,
  "view/App.view.xml": 1649242316970,
  "css/style.css": 1649242316970,
  "index.html": 1650283933641
}