{
  "Component-preload.js": 1641370070146,
  "Component.js": 1640869540882,
  "model/models.js": 1640869540886,
  "controller/Home.controller.js": 1641295353495,
  "controller/BaseController.js": 1640869540882,
  "controller/App.controller.js": 1640869540882,
  "manifest.json": 1641370069604,
  "manifest-bundle.zip": 1641370069623,
  "i18n/i18n.properties": 1641295353495,
  "controller/App-dbg.controller.js": 1640869540882,
  "controller/Home-dbg.controller.js": 1641295353495,
  "controller/BaseController-dbg.js": 1640869540882,
  "model/models-dbg.js": 1640869540886,
  "Component-dbg.js": 1640869540882,
  "view/ProdDialog.fragment.xml": 1640869540886,
  "view/PredProfileDialog.fragment.xml": 1640869540886,
  "view/ObjDepDialog.fragment.xml": 1640869540886,
  "view/LocDialog.fragment.xml": 1640869540886,
  "view/Home.view.xml": 1641295353495,
  "view/App.view.xml": 1640869540886,
  "css/style.css": 1640869540882,
  "index.html": 1640869540882
}