{
  "Component-dbg.js": 1669107428228,
  "controller/BaseController.js": 1669107428228,
  "utils/locate-reuse-libs.js": 1669107428228,
  "model/models.js": 1669107428228,
  "controller/Home.controller.js": 1671785672857,
  "controller/Detail.controller.js": 1672815185096,
  "manifest.json": 1672939588460,
  "controller/App.controller.js": 1669107428228,
  "Component.js": 1669107428228,
  "manifest-bundle.zip": 1672939588471,
  "Component-preload.js": 1672939588909,
  "utils/locate-reuse-libs-dbg.js": 1669107428228,
  "model/models-dbg.js": 1669107428228,
  "controller/Home-dbg.controller.js": 1671785672857,
  "controller/Detail-dbg.controller.js": 1672815185096,
  "controller/BaseController-dbg.js": 1669107428228,
  "controller/App-dbg.controller.js": 1669107428228,
  "i18n/i18n.properties": 1669107428228,
  "view/className.fragment.xml": 1669107428228,
  "view/charValue.fragment.xml": 1669107428228,
  "view/charName.fragment.xml": 1669107428228,
  "view/ProdDialog.fragment.xml": 1669107428228,
  "view/LocDialog.fragment.xml": 1669107428228,
  "view/Home.view.xml": 1669715346780,
  "view/Detail.view.xml": 1669107428228,
  "view/CharDetails.fragment.xml": 1669107428228,
  "view/App.view.xml": 1669107428228,
  "css/style.css": 1669715346780,
  "index.html": 1669107428228
}