{
  "view/CharDetails.fragment.xml": 1662628674144,
  "controller/BaseController.js": 1661869075015,
  "utils/locate-reuse-libs.js": 1661869075019,
  "model/models.js": 1661869075015,
  "controller/Home.controller.js": 1663589449438,
  "controller/Detail.controller.js": 1663389922726,
  "manifest.json": 1663749622314,
  "controller/App.controller.js": 1661869075015,
  "Component.js": 1661869075015,
  "manifest-bundle.zip": 1663749622328,
  "Component-preload.js": 1663749622798,
  "model/models-dbg.js": 1661869075015,
  "utils/locate-reuse-libs-dbg.js": 1661869075019,
  "controller/Home-dbg.controller.js": 1663589449438,
  "controller/Detail-dbg.controller.js": 1663389922726,
  "controller/BaseController-dbg.js": 1661869075015,
  "controller/App-dbg.controller.js": 1661869075015,
  "Component-dbg.js": 1661869075015,
  "view/className.fragment.xml": 1662628674144,
  "view/charValue.fragment.xml": 1662628674144,
  "view/charName.fragment.xml": 1661869075019,
  "view/ProdDialog.fragment.xml": 1661869075019,
  "view/LocDialog.fragment.xml": 1661869075019,
  "view/Home.view.xml": 1662732671164,
  "view/Detail.view.xml": 1663389922730,
  "i18n/i18n.properties": 1662628674144,
  "view/App.view.xml": 1661869075019,
  "css/style.css": 1661869075015,
  "index.html": 1661869075015
}