{
  "view/LocDialog.fragment.xml": 1668774907816,
  "manifest.json": 1668776606921,
  "utils/locate-reuse-libs.js": 1668774907812,
  "model/models.js": 1668774907812,
  "controller/Home.controller.js": 1668774907812,
  "controller/Detail.controller.js": 1668774907812,
  "controller/BaseController.js": 1668774907812,
  "controller/App.controller.js": 1668774907812,
  "Component.js": 1668774907812,
  "manifest-bundle.zip": 1668776606938,
  "Component-preload.js": 1668776607613,
  "model/models-dbg.js": 1668774907812,
  "utils/locate-reuse-libs-dbg.js": 1668774907812,
  "controller/Home-dbg.controller.js": 1668774907812,
  "controller/Detail-dbg.controller.js": 1668774907812,
  "controller/BaseController-dbg.js": 1668774907812,
  "controller/App-dbg.controller.js": 1668774907812,
  "Component-dbg.js": 1668774907812,
  "view/className.fragment.xml": 1668774907816,
  "view/charValue.fragment.xml": 1668774907816,
  "view/charName.fragment.xml": 1668774907816,
  "view/ProdDialog.fragment.xml": 1668774907816,
  "i18n/i18n.properties": 1668774907812,
  "view/Home.view.xml": 1668774907816,
  "view/Detail.view.xml": 1668774907816,
  "view/CharDetails.fragment.xml": 1668774907816,
  "view/App.view.xml": 1668774907812,
  "css/style.css": 1668774907812,
  "index.html": 1668774907812
}