{
  "css/style.css": 1662042606661,
  "utils/locate-reuse-libs.js": 1662042606661,
  "manifest.json": 1667296815074,
  "model/models.js": 1662042606661,
  "controller/Home.controller.js": 1663573632441,
  "controller/Detail.controller.js": 1663329672045,
  "controller/BaseController.js": 1662042606661,
  "controller/App.controller.js": 1662042606661,
  "Component.js": 1662042606661,
  "manifest-bundle.zip": 1667296815091,
  "Component-preload.js": 1667296815607,
  "Component-dbg.js": 1662042606661,
  "model/models-dbg.js": 1662042606661,
  "controller/Home-dbg.controller.js": 1663573632441,
  "controller/Detail-dbg.controller.js": 1663329672045,
  "controller/BaseController-dbg.js": 1662042606661,
  "controller/App-dbg.controller.js": 1662042606661,
  "utils/locate-reuse-libs-dbg.js": 1662042606661,
  "view/className.fragment.xml": 1662474122848,
  "view/charValue.fragment.xml": 1662447914863,
  "view/charName.fragment.xml": 1662042606661,
  "view/ProdDialog.fragment.xml": 1662042606661,
  "view/LocDialog.fragment.xml": 1662042606661,
  "view/Home.view.xml": 1666250927894,
  "view/Detail.view.xml": 1666250927894,
  "view/CharDetails.fragment.xml": 1662635344634,
  "view/App.view.xml": 1662042606661,
  "i18n/i18n.properties": 1666250927894,
  "index.html": 1662042606661
}