{
  "Component-dbg.js": 1671100323910,
  "controller/Home.controller.js": 1671200608829,
  "utils/locate-reuse-libs.js": 1671100323914,
  "model/models.js": 1671100323914,
  "manifest.json": 1671200679831,
  "controller/Detail.controller.js": 1671200592653,
  "controller/BaseController.js": 1671100323910,
  "controller/App.controller.js": 1671100323910,
  "Component.js": 1671100323910,
  "manifest-bundle.zip": 1671200679843,
  "Component-preload.js": 1671200680317,
  "i18n/i18n.properties": 1671100323914,
  "model/models-dbg.js": 1671100323914,
  "controller/Home-dbg.controller.js": 1671200608829,
  "controller/Detail-dbg.controller.js": 1671200592653,
  "controller/BaseController-dbg.js": 1671100323910,
  "controller/App-dbg.controller.js": 1671100323910,
  "utils/locate-reuse-libs-dbg.js": 1671100323914,
  "view/className.fragment.xml": 1671100323914,
  "view/charValue.fragment.xml": 1671100323914,
  "view/charName.fragment.xml": 1671100323914,
  "view/ProdDialog.fragment.xml": 1671100323914,
  "view/LocDialog.fragment.xml": 1671100323914,
  "view/Home.view.xml": 1671100323914,
  "view/Detail.view.xml": 1671100323914,
  "view/CharDetails.fragment.xml": 1671100323914,
  "view/App.view.xml": 1671100323914,
  "css/style.css": 1671100323914,
  "index.html": 1671100323914
}