{
  "controller/Detail.controller.js": 1659692962598,
  "model/models.js": 1659447417390,
  "utils/locate-reuse-libs.js": 1659447417390,
  "manifest.json": 1659717599643,
  "controller/Home.controller.js": 1659447417386,
  "i18n/i18n.properties": 1659447417386,
  "controller/BaseController.js": 1659447417386,
  "controller/App.controller.js": 1659447417386,
  "Component.js": 1659447417386,
  "manifest-bundle.zip": 1659717599659,
  "Component-preload.js": 1659717600242,
  "controller/Home-dbg.controller.js": 1659447417386,
  "model/models-dbg.js": 1659447417390,
  "utils/locate-reuse-libs-dbg.js": 1659447417390,
  "controller/Detail-dbg.controller.js": 1659692962598,
  "controller/BaseController-dbg.js": 1659447417386,
  "controller/App-dbg.controller.js": 1659447417386,
  "Component-dbg.js": 1659447417386,
  "view/className.fragment.xml": 1659447417390,
  "view/charValue.fragment.xml": 1659447417390,
  "view/charName.fragment.xml": 1659447417390,
  "view/ProdDialog.fragment.xml": 1659447417390,
  "view/LocDialog.fragment.xml": 1659447417390,
  "view/Home.view.xml": 1659447417390,
  "view/Detail.view.xml": 1659447417390,
  "view/CharDetails.fragment.xml": 1659447417390,
  "view/App.view.xml": 1659447417390,
  "css/style.css": 1659447417386,
  "index.html": 1659447417386
}