{
  "css/style.css": 1665479929697,
  "controller/BaseController.js": 1665479929697,
  "utils/locate-reuse-libs.js": 1665479929697,
  "model/models.js": 1665479929697,
  "controller/Home.controller.js": 1667910898110,
  "controller/Detail.controller.js": 1665479929697,
  "manifest.json": 1669276366360,
  "controller/App.controller.js": 1665479929697,
  "Component.js": 1665479929697,
  "manifest-bundle.zip": 1669276366380,
  "Component-preload.js": 1669276366861,
  "controller/Detail-dbg.controller.js": 1665479929697,
  "model/models-dbg.js": 1665479929697,
  "controller/Home-dbg.controller.js": 1667910898110,
  "utils/locate-reuse-libs-dbg.js": 1665479929697,
  "controller/BaseController-dbg.js": 1665479929697,
  "controller/App-dbg.controller.js": 1665479929697,
  "Component-dbg.js": 1665479929697,
  "view/className.fragment.xml": 1665479929697,
  "view/charValue.fragment.xml": 1665479929697,
  "view/charName.fragment.xml": 1665479929697,
  "view/ProdDialog.fragment.xml": 1665479929697,
  "view/LocDialog.fragment.xml": 1665479929697,
  "view/Home.view.xml": 1667910898110,
  "view/Detail.view.xml": 1666258684228,
  "view/CharDetails.fragment.xml": 1665479929697,
  "view/App.view.xml": 1665479929697,
  "i18n/i18n.properties": 1666258684228,
  "index.html": 1667910898110
}