{
  "controller/Home-dbg.controller.js": 1670317170824,
  "controller/Home.controller.js": 1670317170824,
  "utils/locate-reuse-libs.js": 1669789252845,
  "model/models.js": 1669789252845,
  "manifest.json": 1671620039162,
  "controller/Detail.controller.js": 1670317170824,
  "controller/BaseController.js": 1669789252845,
  "controller/App.controller.js": 1669789252845,
  "Component.js": 1669789252845,
  "manifest-bundle.zip": 1671620039174,
  "Component-preload.js": 1671620039626,
  "controller/Detail-dbg.controller.js": 1670317170824,
  "model/models-dbg.js": 1669789252845,
  "i18n/i18n.properties": 1669789252845,
  "utils/locate-reuse-libs-dbg.js": 1669789252845,
  "controller/BaseController-dbg.js": 1669789252845,
  "controller/App-dbg.controller.js": 1669789252845,
  "Component-dbg.js": 1669789252845,
  "view/className.fragment.xml": 1669789349678,
  "view/charValue.fragment.xml": 1669789252845,
  "view/charName.fragment.xml": 1669789252845,
  "view/ProdDialog.fragment.xml": 1669789252845,
  "view/LocDialog.fragment.xml": 1669789252845,
  "view/Home.view.xml": 1669789349678,
  "view/Detail.view.xml": 1669789252845,
  "view/CharDetails.fragment.xml": 1669789252845,
  "view/App.view.xml": 1669789252845,
  "css/style.css": 1669789349678,
  "index.html": 1669789252845
}