{
  "view/App.view.xml": 1655981509439,
  "controller/Home.controller.js": 1655981663244,
  "utils/locate-reuse-libs.js": 1655980154363,
  "model/models.js": 1655980154367,
  "manifest.json": 1656600926035,
  "controller/Detail.controller.js": 1655981626412,
  "controller/BaseController.js": 1655981579575,
  "controller/App.controller.js": 1655981567487,
  "Component.js": 1655980154359,
  "manifest-bundle.zip": 1656600926048,
  "Component-preload.js": 1656600926485,
  "controller/Detail-dbg.controller.js": 1655981626412,
  "model/models-dbg.js": 1655980154367,
  "controller/Home-dbg.controller.js": 1655981663244,
  "utils/locate-reuse-libs-dbg.js": 1655980154363,
  "controller/BaseController-dbg.js": 1655981579575,
  "controller/App-dbg.controller.js": 1655981567487,
  "Component-dbg.js": 1655980154359,
  "view/className.fragment.xml": 1655981460719,
  "view/charValue.fragment.xml": 1655981460719,
  "view/charName.fragment.xml": 1655981460723,
  "view/ProdDialog.fragment.xml": 1655981460715,
  "view/LocDialog.fragment.xml": 1655981460719,
  "view/Home.view.xml": 1655981547043,
  "view/Detail.view.xml": 1655981533147,
  "view/CharDetails.fragment.xml": 1655981460723,
  "i18n/i18n.properties": 1655981770196,
  "css/style.css": 1655981714228,
  "index.html": 1655980154359
}