{
  "view/ItemDetail.view.xml": 1648611174652,
  "utils/locate-reuse-libs.js": 1648611174652,
  "manifest.json": 1648641717101,
  "model/models.js": 1648611174652,
  "controller/ItemMaster.controller.js": 1648611174652,
  "controller/ItemDetail.controller.js": 1648611174652,
  "controller/Details.controller.js": 1648611174652,
  "controller/BaseController.js": 1648611174652,
  "controller/App.controller.js": 1648611174652,
  "ItemDetail.controller.js": 1648611174652,
  "Component.js": 1648611174652,
  "manifest-bundle.zip": 1648641717114,
  "Component-preload.js": 1648641717456,
  "controller/App-dbg.controller.js": 1648611174652,
  "model/models-dbg.js": 1648611174652,
  "controller/ItemMaster-dbg.controller.js": 1648611174652,
  "controller/ItemDetail-dbg.controller.js": 1648611174652,
  "controller/Details-dbg.controller.js": 1648611174652,
  "controller/BaseController-dbg.js": 1648611174652,
  "utils/locate-reuse-libs-dbg.js": 1648611174652,
  "ItemDetail-dbg.controller.js": 1648611174652,
  "Component-dbg.js": 1648611174652,
  "view/ItemMaster.view.xml": 1648611174652,
  "i18n/i18n.properties": 1648611174652,
  "view/Details.view.xml": 1648611174652,
  "view/App.view.xml": 1648611174652,
  "css/style.css": 1648611174652,
  "index.html": 1648611174652
}