{
  "view/App.view.xml": 1645610229889,
  "controller/ItemDetail.controller.js": 1645610229889,
  "utils/locate-reuse-libs.js": 1645610229889,
  "model/models.js": 1645610229889,
  "controller/ItemMaster.controller.js": 1645610229889,
  "manifest.json": 1645786407489,
  "controller/Details.controller.js": 1645610229889,
  "controller/BaseController.js": 1645610229889,
  "controller/App.controller.js": 1645610229889,
  "ItemDetail.controller.js": 1645610229889,
  "Component.js": 1645610229889,
  "manifest-bundle.zip": 1645786407501,
  "Component-preload.js": 1645786407864,
  "Component-dbg.js": 1645610229889,
  "model/models-dbg.js": 1645610229889,
  "controller/ItemMaster-dbg.controller.js": 1645610229889,
  "controller/ItemDetail-dbg.controller.js": 1645610229889,
  "controller/Details-dbg.controller.js": 1645610229889,
  "controller/BaseController-dbg.js": 1645610229889,
  "controller/App-dbg.controller.js": 1645610229889,
  "ItemDetail-dbg.controller.js": 1645610229889,
  "utils/locate-reuse-libs-dbg.js": 1645610229889,
  "view/ItemMaster.view.xml": 1645610229889,
  "view/ItemDetail.view.xml": 1645610229889,
  "view/Details.view.xml": 1645610229889,
  "i18n/i18n.properties": 1645610229889,
  "css/style.css": 1645610229889,
  "index.html": 1645610229889
}