{
  "manifest-bundle.zip": 1671619807268,
  "controller/BaseController.js": 1669789252585,
  "utils/locate-reuse-libs.js": 1669789252585,
  "model/models.js": 1669789252585,
  "controller/ItemMaster.controller.js": 1669789252585,
  "controller/ItemDetail.controller.js": 1669789252585,
  "controller/Details.controller.js": 1669789252585,
  "manifest.json": 1671619807250,
  "controller/App.controller.js": 1669789252585,
  "Component.js": 1669789252585,
  "i18n/i18n.properties": 1669789252585,
  "Component-preload.js": 1671619807684,
  "model/models-dbg.js": 1669789252585,
  "utils/locate-reuse-libs-dbg.js": 1669789252585,
  "controller/ItemMaster-dbg.controller.js": 1669789252585,
  "controller/ItemDetail-dbg.controller.js": 1669789252585,
  "controller/Details-dbg.controller.js": 1669789252585,
  "controller/BaseController-dbg.js": 1669789252585,
  "controller/App-dbg.controller.js": 1669789252585,
  "Component-dbg.js": 1669789252585,
  "view/ItemMaster.view.xml": 1669789252585,
  "view/ItemDetail.view.xml": 1669789252585,
  "view/Details.view.xml": 1669789349526,
  "view/App.view.xml": 1669789252585,
  "css/style.css": 1669789349522,
  "index.html": 1669789252585
}