{
  "utils/locate-reuse-libs.js": 1654686742676,
  "manifest.json": 1654871002814,
  "i18n/i18n.properties": 1654686742676,
  "model/models.js": 1654686742676,
  "controller/ItemMaster.controller.js": 1654686742676,
  "controller/ItemDetail.controller.js": 1654686742676,
  "controller/Details.controller.js": 1654686742676,
  "controller/BaseController.js": 1654686742676,
  "controller/App.controller.js": 1654686742676,
  "Component.js": 1654686742676,
  "manifest-bundle.zip": 1654871002829,
  "Component-preload.js": 1654871003201,
  "Component-dbg.js": 1654686742676,
  "model/models-dbg.js": 1654686742676,
  "controller/ItemMaster-dbg.controller.js": 1654686742676,
  "controller/ItemDetail-dbg.controller.js": 1654686742676,
  "controller/Details-dbg.controller.js": 1654686742676,
  "controller/BaseController-dbg.js": 1654686742676,
  "controller/App-dbg.controller.js": 1654686742676,
  "utils/locate-reuse-libs-dbg.js": 1654686742676,
  "view/ItemMaster.view.xml": 1654686742676,
  "view/ItemDetail.view.xml": 1654686742676,
  "view/Details.view.xml": 1654686742676,
  "view/App.view.xml": 1654686742676,
  "css/style.css": 1654686742676,
  "index.html": 1654686742676
}