{
  "controller/BaseController.js": 1659447417322,
  "Component.js": 1659447417322,
  "utils/locate-reuse-libs.js": 1659447417322,
  "model/models.js": 1659447417322,
  "controller/ItemMaster.controller.js": 1659447417322,
  "controller/ItemDetail.controller.js": 1659447417322,
  "controller/Details.controller.js": 1659447417322,
  "i18n/i18n.properties": 1659447417322,
  "controller/App.controller.js": 1659447417322,
  "manifest.json": 1664889287567,
  "manifest-bundle.zip": 1664889287587,
  "Component-preload.js": 1664889288264,
  "controller/ItemDetail-dbg.controller.js": 1659447417322,
  "model/models-dbg.js": 1659447417322,
  "controller/ItemMaster-dbg.controller.js": 1659447417322,
  "utils/locate-reuse-libs-dbg.js": 1659447417322,
  "controller/Details-dbg.controller.js": 1659447417322,
  "controller/BaseController-dbg.js": 1659447417322,
  "controller/App-dbg.controller.js": 1659447417322,
  "Component-dbg.js": 1659447417322,
  "view/ItemMaster.view.xml": 1659447417322,
  "view/ItemDetail.view.xml": 1662551641396,
  "view/Details.view.xml": 1659447417322,
  "view/App.view.xml": 1659447417322,
  "css/style.css": 1659447417322,
  "index.html": 1659447417322
}