{
  "Component.js": 1653838840191,
  "controller/BaseController.js": 1653838840191,
  "utils/locate-reuse-libs.js": 1653838840191,
  "model/models.js": 1653838840191,
  "controller/ItemMaster.controller.js": 1653838840191,
  "controller/ItemDetail.controller.js": 1654509516041,
  "controller/Details.controller.js": 1653838840191,
  "manifest.json": 1654514150836,
  "controller/App.controller.js": 1653838840191,
  "i18n/i18n.properties": 1653838840191,
  "manifest-bundle.zip": 1654514150848,
  "Component-preload.js": 1654514151160,
  "controller/BaseController-dbg.js": 1653838840191,
  "model/models-dbg.js": 1653838840191,
  "controller/ItemMaster-dbg.controller.js": 1653838840191,
  "controller/ItemDetail-dbg.controller.js": 1654509516041,
  "controller/Details-dbg.controller.js": 1653838840191,
  "utils/locate-reuse-libs-dbg.js": 1653838840191,
  "controller/App-dbg.controller.js": 1653838840191,
  "Component-dbg.js": 1653838840191,
  "view/ItemMaster.view.xml": 1654509516045,
  "view/ItemDetail.view.xml": 1654509516041,
  "view/Details.view.xml": 1653838840191,
  "view/App.view.xml": 1653838840191,
  "css/style.css": 1654509516041,
  "index.html": 1653838840191
}