{
  "i18n/i18n.properties": 1643611828019,
  "controller/App.controller.js": 1643113227050,
  "utils/locate-reuse-libs.js": 1643109992177,
  "model/models.js": 1643109992185,
  "controller/ItemMaster.controller.js": 1649320559058,
  "controller/ItemDetail.controller.js": 1653856495800,
  "controller/Details.controller.js": 1649320495122,
  "controller/BaseController.js": 1643113309114,
  "manifest.json": 1654681322032,
  "Component.js": 1643109992157,
  "manifest-bundle.zip": 1654681322045,
  "Component-preload.js": 1654681322438,
  "controller/App-dbg.controller.js": 1643113227050,
  "model/models-dbg.js": 1643109992185,
  "controller/ItemMaster-dbg.controller.js": 1649320559058,
  "controller/ItemDetail-dbg.controller.js": 1653856495800,
  "controller/Details-dbg.controller.js": 1649320495122,
  "controller/BaseController-dbg.js": 1643113309114,
  "utils/locate-reuse-libs-dbg.js": 1643109992177,
  "Component-dbg.js": 1643109992157,
  "view/ItemMaster.view.xml": 1653913482480,
  "view/ItemDetail.view.xml": 1653920567534,
  "view/Details.view.xml": 1643294525154,
  "view/App.view.xml": 1649320579502,
  "css/style.css": 1653912638225,
  "index.html": 1650361923503
}