{
  "view/ItemDetail.view.xml": 1655901764079,
  "Component.js": 1655901764079,
  "utils/locate-reuse-libs.js": 1655901764079,
  "model/models.js": 1655901764079,
  "controller/ItemMaster.controller.js": 1655901764079,
  "controller/ItemDetail.controller.js": 1655901764079,
  "controller/Details.controller.js": 1655901764079,
  "controller/BaseController.js": 1655901764079,
  "controller/App.controller.js": 1655901764079,
  "manifest.json": 1655970174670,
  "manifest-bundle.zip": 1655970174682,
  "Component-preload.js": 1655970175037,
  "controller/ItemDetail-dbg.controller.js": 1655901764079,
  "model/models-dbg.js": 1655901764079,
  "controller/ItemMaster-dbg.controller.js": 1655901764079,
  "utils/locate-reuse-libs-dbg.js": 1655901764079,
  "controller/Details-dbg.controller.js": 1655901764079,
  "controller/BaseController-dbg.js": 1655901764079,
  "controller/App-dbg.controller.js": 1655901764079,
  "Component-dbg.js": 1655901764079,
  "view/ItemMaster.view.xml": 1655901764079,
  "i18n/i18n.properties": 1655901764079,
  "view/Details.view.xml": 1655901764079,
  "view/App.view.xml": 1655901764079,
  "css/style.css": 1655901764079,
  "index.html": 1655901764079
}