{
  "index.html": 1661440197775,
  "controller/App.controller.js": 1661440197771,
  "utils/locate-reuse-libs.js": 1661440197775,
  "model/models.js": 1661440197775,
  "controller/ItemMaster.controller.js": 1661440197775,
  "controller/ItemDetail.controller.js": 1661440197775,
  "controller/Details.controller.js": 1661440197771,
  "controller/BaseController.js": 1665563487082,
  "manifest.json": 1667289354843,
  "Component.js": 1661440197771,
  "manifest-bundle.zip": 1667289354853,
  "Component-preload.js": 1667289355163,
  "controller/App-dbg.controller.js": 1661440197771,
  "model/models-dbg.js": 1661440197775,
  "controller/ItemMaster-dbg.controller.js": 1661440197775,
  "controller/ItemDetail-dbg.controller.js": 1661440197775,
  "controller/Details-dbg.controller.js": 1661440197771,
  "controller/BaseController-dbg.js": 1665563487082,
  "utils/locate-reuse-libs-dbg.js": 1661440197775,
  "Component-dbg.js": 1661440197771,
  "view/ItemMaster.view.xml": 1666693187678,
  "view/ItemDetail.view.xml": 1662648424882,
  "view/Details.view.xml": 1661440197775,
  "view/App.view.xml": 1661440197775,
  "css/style.css": 1661440197775,
  "i18n/i18n.properties": 1666941562530
}