{
  "controller/Details-dbg.controller.js": 1662042606557,
  "controller/BaseController.js": 1665154119608,
  "utils/locate-reuse-libs.js": 1662042606557,
  "model/models.js": 1662042606557,
  "controller/ItemMaster.controller.js": 1662042606557,
  "controller/ItemDetail.controller.js": 1662042606557,
  "controller/Details.controller.js": 1662042606557,
  "manifest.json": 1667565795697,
  "controller/App.controller.js": 1662042606557,
  "Component.js": 1662042606557,
  "manifest-bundle.zip": 1667565795718,
  "Component-preload.js": 1667565796236,
  "controller/ItemMaster-dbg.controller.js": 1662042606557,
  "model/models-dbg.js": 1662042606557,
  "utils/locate-reuse-libs-dbg.js": 1662042606557,
  "controller/ItemDetail-dbg.controller.js": 1662042606557,
  "i18n/i18n.properties": 1667221308809,
  "controller/BaseController-dbg.js": 1665154119608,
  "controller/App-dbg.controller.js": 1662042606557,
  "Component-dbg.js": 1662042606557,
  "view/ItemMaster.view.xml": 1666250927842,
  "view/ItemDetail.view.xml": 1662635344590,
  "view/Details.view.xml": 1662042606561,
  "view/App.view.xml": 1662042606557,
  "css/style.css": 1662042606557,
  "index.html": 1662042606557
}