{
  "Component.js": 1661440197771,
  "utils/locate-reuse-libs.js": 1661440197775,
  "manifest.json": 1672237813498,
  "model/models.js": 1661440197775,
  "controller/ItemMaster.controller.js": 1667570437593,
  "controller/ItemDetail.controller.js": 1661440197775,
  "controller/Details.controller.js": 1667570445769,
  "controller/BaseController.js": 1665563487082,
  "controller/App.controller.js": 1661440197771,
  "i18n/i18n.properties": 1667906485054,
  "manifest-bundle.zip": 1672237813511,
  "Component-preload.js": 1672237813840,
  "Component-dbg.js": 1661440197771,
  "model/models-dbg.js": 1661440197775,
  "controller/ItemMaster-dbg.controller.js": 1667570437593,
  "controller/ItemDetail-dbg.controller.js": 1661440197775,
  "controller/Details-dbg.controller.js": 1667570445769,
  "controller/BaseController-dbg.js": 1665563487082,
  "controller/App-dbg.controller.js": 1661440197771,
  "utils/locate-reuse-libs-dbg.js": 1661440197775,
  "view/ItemMaster.view.xml": 1666693187678,
  "view/ItemDetail.view.xml": 1662648424882,
  "view/Details.view.xml": 1669285040478,
  "view/App.view.xml": 1661440197775,
  "css/style.css": 1669285056938,
  "index.html": 1667546133248
}