{
  "controller/Details-dbg.controller.js": 1665479929541,
  "model/models.js": 1665479929541,
  "utils/locate-reuse-libs.js": 1665479929541,
  "manifest.json": 1667486897001,
  "controller/ItemMaster.controller.js": 1665479929541,
  "controller/ItemDetail.controller.js": 1665479929541,
  "controller/Details.controller.js": 1665479929541,
  "controller/BaseController.js": 1665479929541,
  "controller/App.controller.js": 1665479929541,
  "Component.js": 1665479929541,
  "manifest-bundle.zip": 1667486897012,
  "Component-preload.js": 1667486897363,
  "Component-dbg.js": 1665479929541,
  "model/models-dbg.js": 1665479929541,
  "controller/ItemMaster-dbg.controller.js": 1665479929541,
  "controller/ItemDetail-dbg.controller.js": 1665479929541,
  "i18n/i18n.properties": 1666945287994,
  "controller/BaseController-dbg.js": 1665479929541,
  "controller/App-dbg.controller.js": 1665479929541,
  "utils/locate-reuse-libs-dbg.js": 1665479929541,
  "view/ItemMaster.view.xml": 1666258684120,
  "view/ItemDetail.view.xml": 1665479929541,
  "view/Details.view.xml": 1665479929541,
  "view/App.view.xml": 1665479929541,
  "css/style.css": 1665479929541,
  "index.html": 1665479929541
}