{
  "utils/locate-reuse-libs-dbg.js": 1671100323694,
  "controller/App.controller.js": 1671100323690,
  "utils/locate-reuse-libs.js": 1671100323694,
  "model/models.js": 1671100323694,
  "controller/ItemMaster.controller.js": 1671100323690,
  "controller/ItemDetail.controller.js": 1671100323690,
  "controller/Details.controller.js": 1671100323690,
  "controller/BaseController.js": 1671100323690,
  "manifest.json": 1671200431601,
  "Component.js": 1671100323690,
  "manifest-bundle.zip": 1671200431613,
  "Component-preload.js": 1671200431956,
  "controller/App-dbg.controller.js": 1671100323690,
  "model/models-dbg.js": 1671100323694,
  "controller/ItemMaster-dbg.controller.js": 1671100323690,
  "controller/ItemDetail-dbg.controller.js": 1671100323690,
  "controller/Details-dbg.controller.js": 1671100323690,
  "controller/BaseController-dbg.js": 1671100323690,
  "i18n/i18n.properties": 1671100323690,
  "Component-dbg.js": 1671100323690,
  "view/ItemMaster.view.xml": 1671100323694,
  "view/ItemDetail.view.xml": 1671100323694,
  "view/Details.view.xml": 1671100323694,
  "view/App.view.xml": 1671100323694,
  "css/style.css": 1671100323690,
  "index.html": 1671100323690
}