{
  "controller/BaseController.js": 1643343456657,
  "utils/locate-reuse-libs.js": 1643343456657,
  "manifest.json": 1644241159214,
  "model/models.js": 1643343456657,
  "controller/ItemMaster.controller.js": 1643704240791,
  "controller/ItemDetail.controller.js": 1643807427651,
  "controller/Details.controller.js": 1643343456657,
  "i18n/i18n.properties": 1643704240791,
  "controller/App.controller.js": 1643343456657,
  "ItemDetail.controller.js": 1643343456657,
  "Component.js": 1643343456657,
  "manifest-bundle.zip": 1644241159227,
  "Component-preload.js": 1644241159591,
  "controller/ItemMaster-dbg.controller.js": 1643704240791,
  "model/models-dbg.js": 1643343456657,
  "utils/locate-reuse-libs-dbg.js": 1643343456657,
  "controller/ItemDetail-dbg.controller.js": 1643807427651,
  "controller/Details-dbg.controller.js": 1643343456657,
  "controller/BaseController-dbg.js": 1643343456657,
  "controller/App-dbg.controller.js": 1643343456657,
  "ItemDetail-dbg.controller.js": 1643343456657,
  "Component-dbg.js": 1643343456657,
  "view/ItemMaster.view.xml": 1643704240791,
  "view/ItemDetail.view.xml": 1643795805385,
  "view/Details.view.xml": 1643361120086,
  "view/App.view.xml": 1643343456657,
  "css/style.css": 1643704240791,
  "index.html": 1643343456657
}