{
  "welcomeFile": "/index.html",
  "authenticationMethod": "route",
  "routes": [
    {
        "source": "^/v2/pal/(.*)$",
        "target": "/v2/pal/$1",
        "destination": "ConfigProdPrd",
        "authenticationType": "xsuaa",
        "csrfProtection": true
      },
      {
          "source": "^/v2/catalog/(.*)$",
          "target": "/v2/catalog/$1",
          "destination": "ConfigProdPrd",
          "csrfProtection": true,
          "authenticationType": "xsuaa",
          "scope":{
              "GET": ["$XSAPPNAME.Display"],
              "PUT": ["$XSAPPNAME.Display"],
              "PATCH": ["$XSAPPNAME.Display"],
              "POST": ["$XSAPPNAME.Display"],
              "DELETE": ["$XSAPPNAME.Display"],
              "default": ["$XSAPPNAME.Display"]
          }
        },
    {
      "source": "^/resources/(.*)$",
      "target": "/resources/$1",
      "authenticationType": "none",
      "destination": "ui5"
    },
    {
      "source": "^/test-resources/(.*)$",
      "target": "/test-resources/$1",
      "authenticationType": "none",
      "destination": "ui5"
    },
    {
      "source": "^(.*)$",
      "target": "$1",
      "service": "html5-apps-repo-rt",
      "authenticationType": "xsuaa",
      "scope":{
          "GET": ["XSAPPNAME.Display"],
          "PUT": ["XSAPPNAME.Display"],
          "PATCH": ["XSAPPNAME.Display"],
          "POST": ["XSAPPNAME.Display"],
          "DELETE": ["XSAPPNAME.Display"],
          "default": ["XSAPPNAME.Display"]
      }
    }
  ]
}
