{
  "utils/locate-reuse-libs-dbg.js": 1668675943315,
  "model/models.js": 1668675943319,
  "utils/locate-reuse-libs.js": 1668675943315,
  "manifest.json": 1672238551247,
  "controller/Home.controller.js": 1671779536848,
  "controller/App.controller.js": 1668675943323,
  "Component.js": 1668675943307,
  "Component-preload.js": 1672238551872,
  "i18n/i18n.properties": 1668676149620,
  "model/models-dbg.js": 1668675943319,
  "controller/Home-dbg.controller.js": 1671779536848,
  "controller/App-dbg.controller.js": 1668675943323,
  "Component-dbg.js": 1668675943307,
  "view/VersionDialog.fragment.xml": 1668771990686,
  "view/ScenarioDialog.fragment.xml": 1669298342222,
  "view/ProdDialog.fragment.xml": 1668681813449,
  "view/LocDialog.fragment.xml": 1668678771086,
  "view/Home.view.xml": 1669292826042,
  "view/App.view.xml": 1668675943327,
  "css/style.css": 1669288473797,
  "index.html": 1669282650015
}