{
  "utils/locate-reuse-libs.js": 1668774907788,
  "controller/App.controller.js": 1668774907788,
  "i18n/i18n.properties": 1668774907788,
  "model/models.js": 1668774907788,
  "controller/Home.controller.js": 1668774907788,
  "manifest.json": 1668776946324,
  "Component.js": 1668774907788,
  "Component-preload.js": 1668776946816,
  "controller/App-dbg.controller.js": 1668774907788,
  "model/models-dbg.js": 1668774907788,
  "controller/Home-dbg.controller.js": 1668774907788,
  "utils/locate-reuse-libs-dbg.js": 1668774907788,
  "Component-dbg.js": 1668774907788,
  "view/ProdDialog.fragment.xml": 1668774907788,
  "view/LocDialog.fragment.xml": 1668774907788,
  "view/Home.view.xml": 1668774907788,
  "view/App.view.xml": 1668774907788,
  "css/style.css": 1668774907788,
  "index.html": 1668774907788
}