{
  "controller/App-dbg.controller.js": 1669283431954,
  "model/models.js": 1669283431954,
  "utils/locate-reuse-libs.js": 1669283431954,
  "manifest.json": 1669284674129,
  "controller/Home.controller.js": 1669283431954,
  "controller/App.controller.js": 1669283431954,
  "Component.js": 1669283431954,
  "Component-preload.js": 1669284674577,
  "utils/locate-reuse-libs-dbg.js": 1669283431954,
  "model/models-dbg.js": 1669283431954,
  "controller/Home-dbg.controller.js": 1669283431954,
  "i18n/i18n.properties": 1669283431954,
  "Component-dbg.js": 1669283431954,
  "view/VersionDialog.fragment.xml": 1669283431954,
  "view/ScenarioDialog.fragment.xml": 1669283431954,
  "view/ProdDialog.fragment.xml": 1669283431954,
  "view/LocDialog.fragment.xml": 1669283431954,
  "view/Home.view.xml": 1669283431954,
  "view/App.view.xml": 1669283431954,
  "css/style.css": 1669283431954,
  "index.html": 1669283431954
}