{
  "utils/locate-reuse-libs-dbg.js": 1669789349666,
  "Component.js": 1669789349662,
  "utils/locate-reuse-libs.js": 1669789349666,
  "model/models.js": 1669789349666,
  "controller/Home.controller.js": 1670317170816,
  "controller/App.controller.js": 1669789349662,
  "manifest.json": 1671620288778,
  "Component-preload.js": 1671620289377,
  "Component-dbg.js": 1669789349662,
  "model/models-dbg.js": 1669789349666,
  "controller/Home-dbg.controller.js": 1670317170816,
  "controller/App-dbg.controller.js": 1669789349662,
  "i18n/i18n.properties": 1669789349662,
  "view/VersionDialog.fragment.xml": 1669789349666,
  "view/ScenarioDialog.fragment.xml": 1669789349666,
  "view/ProdDialog.fragment.xml": 1669789349666,
  "view/LocDialog.fragment.xml": 1669789349666,
  "view/Home.view.xml": 1669789349666,
  "view/App.view.xml": 1669789349666,
  "css/style.css": 1669789349662,
  "index.html": 1669789349662
}