{
  "welcomeFile": "/index.html",
  "authenticationMethod": "route",
  "routes": [
    {
      "source": "^/v2/catalog/(.*)$",
      "target": "/v2/catalog/$1",
      "destination": "ConfigProd",
      "authenticationType": "xsuaa",
      "csrfProtection": false,
      "scope": {
        "GET": [
          "$XSAPPNAME.User"
        ],
        "PUT": [
          "$XSAPPNAME.User"
        ],
        "PATCH": [
          "$XSAPPNAME.User"
        ],
        "POST": [
          "$XSAPPNAME.User"
        ],
        "DELETE": [
          "$XSAPPNAME.User"
        ],
        "default": [
          "$XSAPPNAME.User"
        ]
      }
    },
    {
      "source": "^/v2/jobs/(.*)$",
      "target": "/v2/jobs/$1",
      "destination": "ConfigProd",
      "authenticationType": "xsuaa",
      "csrfProtection": false,
      "scope": {
        "GET": [
          "$XSAPPNAME.User"
        ],
        "PUT": [
          "$XSAPPNAME.User"
        ],
        "PATCH": [
          "$XSAPPNAME.User"
        ],
        "POST": [
          "$XSAPPNAME.User"
        ],
        "DELETE": [
          "$XSAPPNAME.User"
        ],
        "default": [
          "$XSAPPNAME.User"
        ]
      }
    },
    {
      "source": "^/resources/(.*)$",
      "target": "/resources/$1",
      "authenticationType": "none",
      "destination": "ui5"
    },
    {
      "source": "^/test-resources/(.*)$",
      "target": "/test-resources/$1",
      "authenticationType": "none",
      "destination": "ui5"
    },
    {
      "source": "^(.*)$",
      "target": "$1",
      "service": "html5-apps-repo-rt",
      "authenticationType": "xsuaa"
    }
  ]
}