{
  "view/ProdDialog.fragment.xml": 1668774907844,
  "Component.js": 1668774907844,
  "utils/locate-reuse-libs.js": 1668774907844,
  "model/models.js": 1668774907844,
  "controller/Home.controller.js": 1668774907844,
  "controller/BaseController.js": 1668774907844,
  "controller/App.controller.js": 1668774907844,
  "manifest.json": 1668776732912,
  "manifest-bundle.zip": 1668776732920,
  "Component-preload.js": 1668776733253,
  "controller/BaseController-dbg.js": 1668774907844,
  "model/models-dbg.js": 1668774907844,
  "controller/Home-dbg.controller.js": 1668774907844,
  "utils/locate-reuse-libs-dbg.js": 1668774907844,
  "controller/App-dbg.controller.js": 1668774907844,
  "Component-dbg.js": 1668774907844,
  "view/UniqId.fragment.xml": 1668774907844,
  "view/SortDialog.fragment.xml": 1668774907844,
  "i18n/i18n.properties": 1668774907844,
  "view/OrderCreate.fragment.xml": 1668774907844,
  "view/LocDialog.fragment.xml": 1668774907844,
  "view/Home.view.xml": 1668774907844,
  "view/CustomerGroup.fragment.xml": 1668774907844,
  "view/App.view.xml": 1668774907844,
  "css/style.css": 1668774907844,
  "index.html": 1668774907844
}