{
  "controller/App-dbg.controller.js": 1662628674152,
  "utils/locate-reuse-libs.js": 1662628674152,
  "manifest.json": 1673351787723,
  "model/models.js": 1662628674152,
  "controller/Home.controller.js": 1672924154906,
  "controller/BaseController.js": 1662628674152,
  "controller/App.controller.js": 1662628674152,
  "Component.js": 1662628674152,
  "manifest-bundle.zip": 1673351787739,
  "Component-preload.js": 1673351788199,
  "model/models-dbg.js": 1662628674152,
  "utils/locate-reuse-libs-dbg.js": 1662628674152,
  "controller/Home-dbg.controller.js": 1672924154906,
  "controller/BaseController-dbg.js": 1662628674152,
  "i18n/i18n.properties": 1666180481467,
  "Component-dbg.js": 1662628674152,
  "view/UniqId.fragment.xml": 1664362544861,
  "view/SortDialog.fragment.xml": 1663770914226,
  "view/ProdDialog.fragment.xml": 1664455712349,
  "view/OrderCreate.fragment.xml": 1672906269505,
  "view/LocDialog.fragment.xml": 1664455712349,
  "view/Home.view.xml": 1672924154910,
  "view/CustomerGroup.fragment.xml": 1672906269505,
  "view/App.view.xml": 1662628674152,
  "css/style.css": 1669364937917,
  "index.html": 1668670306221
}