{
  "view/OrderCreate.fragment.xml": 1665479929725,
  "utils/locate-reuse-libs.js": 1665479929725,
  "manifest.json": 1669016165813,
  "model/models.js": 1665479929725,
  "controller/Home.controller.js": 1668848283682,
  "controller/BaseController.js": 1665479929725,
  "controller/App.controller.js": 1665479929725,
  "Component.js": 1665479929725,
  "manifest-bundle.zip": 1669016165824,
  "Component-preload.js": 1669016166181,
  "utils/locate-reuse-libs-dbg.js": 1665479929725,
  "model/models-dbg.js": 1665479929725,
  "controller/Home-dbg.controller.js": 1668848283682,
  "controller/BaseController-dbg.js": 1665479929725,
  "controller/App-dbg.controller.js": 1665479929725,
  "Component-dbg.js": 1665479929725,
  "view/UniqId.fragment.xml": 1665479929729,
  "view/SortDialog.fragment.xml": 1665479929729,
  "view/ProdDialog.fragment.xml": 1665479929729,
  "i18n/i18n.properties": 1666258684256,
  "view/LocDialog.fragment.xml": 1665479929725,
  "view/Home.view.xml": 1668768211784,
  "view/CustomerGroup.fragment.xml": 1665479929725,
  "view/App.view.xml": 1665479929725,
  "css/style.css": 1667910898114,
  "index.html": 1667910898114
}