{
  "ext/controller/MyListReportExt.controller.js": 1668670306165,
  "i18n/i18n.properties": 1661869074955,
  "manifest.json": 1673353559198,
  "custom/ListReportExtController.js": 1668670306165,
  "Component.js": 1668670306165,
  "manifest-bundle.zip": 1673353559218,
  "Component-preload.js": 1673353559500,
  "custom/ListReportExtController-dbg.js": 1668670306165,
  "ext/controller/MyListReportExt-dbg.controller.js": 1668670306165,
  "Component-dbg.js": 1668670306165,
  "annotations/annotation.xml": 1668670306165,
  "index.html": 1661869074955
}