{
  "index.html": 1668768211728,
  "manifest.json": 1669104887020,
  "ext/controller/MyListReportExt.controller.js": 1668768211728,
  "custom/ListReportExtController.js": 1668768211728,
  "Component.js": 1668768211728,
  "manifest-bundle.zip": 1669104887041,
  "Component-preload.js": 1669104887319,
  "ext/controller/MyListReportExt-dbg.controller.js": 1668768211728,
  "custom/ListReportExtController-dbg.js": 1668768211728,
  "Component-dbg.js": 1668768211728,
  "annotations/annotation.xml": 1668768211728,
  "i18n/i18n.properties": 1665479929545
}