{
  "manifest-bundle.zip": 1669625195739,
  "manifest.json": 1669625195731,
  "ext/controller/MyListReportExt.controller.js": 1668670306165,
  "custom/ListReportExtController.js": 1668670306165,
  "Component.js": 1668670306165,
  "i18n/i18n.properties": 1661869074955,
  "Component-preload.js": 1669625195863,
  "custom/ListReportExtController-dbg.js": 1668670306165,
  "ext/controller/MyListReportExt-dbg.controller.js": 1668670306165,
  "Component-dbg.js": 1668670306165,
  "annotations/annotation.xml": 1668670306165,
  "index.html": 1661869074955
}