{
  "Component.js": 1669107428000,
  "ext/controller/MyListReportExt.controller.js": 1669107428000,
  "manifest.json": 1672939668859,
  "custom/ListReportExtController.js": 1669107428000,
  "i18n/i18n.properties": 1669107428000,
  "manifest-bundle.zip": 1672939669110,
  "Component-preload.js": 1672939669281,
  "Component-dbg.js": 1669107428000,
  "custom/ListReportExtController-dbg.js": 1669107428000,
  "ext/controller/MyListReportExt-dbg.controller.js": 1669107428000,
  "annotations/annotation.xml": 1669107428000,
  "index.html": 1669107428000
}