<?xml version="1.0" encoding="utf-8" ?>
<edmx:Edmx Version="1.0" xmlns:edmx="http://schemas.microsoft.com/ado/2007/06/edmx" xmlns:m="http://schemas.microsoft.com/ado/2007/08/dataservices/metadata" xmlns:sap="http://www.sap.com/Protocols/SAPData">
    <edmx:DataServices m:DataServiceVersion="2.0">
        <Schema Namespace="SBPC.IBP_CIR_SRV" xml:lang="en" sap:schema-version="1" xmlns="http://schemas.microsoft.com/ado/2008/09/edm">
            <EntityType Name="header" sap:content-version="1">
                <Key>
                    <PropertyRef Name="UniqueId" />
                </Key>
                <Property Name="Message" Type="Edm.String" Nullable="false" MaxLength="50" sap:unicode="false" sap:label="c" sap:creatable="false" sap:updatable="false" sap:sortable="false" sap:filterable="false" />
                <Property Name="CustMaterial" Type="Edm.String" Nullable="false" MaxLength="35" sap:unicode="false" sap:label="Customer Mat." sap:creatable="false" sap:updatable="false" sap:sortable="false" sap:filterable="false" />
                <Property Name="Werks" Type="Edm.String" Nullable="false" MaxLength="4" sap:unicode="false" sap:label="Plant" sap:creatable="false" sap:updatable="false" sap:sortable="false" sap:filterable="false" />
                <Property Name="Matnr" Type="Edm.String" Nullable="false" MaxLength="40" sap:unicode="false" sap:label="Material" sap:creatable="false" sap:updatable="false" sap:sortable="false" sap:filterable="false" />
                <Property Name="Datum" Type="Edm.DateTime" Precision="7" sap:unicode="false" sap:label="Date" sap:creatable="false" sap:updatable="false" sap:sortable="false" sap:filterable="false" />
                <Property Name="Quantity" Type="Edm.Decimal" Nullable="false" Precision="13" Scale="3" sap:unicode="false" sap:label="Target Quantity" sap:creatable="false" sap:updatable="false" sap:sortable="false" sap:filterable="false" />
                <Property Name="UniqueId" Type="Edm.String" Nullable="false" MaxLength="6" sap:unicode="false" sap:label="Configuration ID" sap:creatable="false" sap:updatable="false" sap:sortable="false" sap:filterable="false" />
                <NavigationProperty Name="HeaderConfig" Relationship="SBPC.IBP_CIR_SRV.HeaderConfig" FromRole="FromRole_HeaderConfig" ToRole="ToRole_HeaderConfig" />
            </EntityType>
            <EntityType Name="config" sap:content-version="1">
                <Key>
                    <PropertyRef Name="UniqueId" />
                </Key>
                <Property Name="Charc" Type="Edm.String" Nullable="false" MaxLength="30" sap:unicode="false" sap:label="Characteristic" sap:creatable="false" sap:updatable="false" sap:sortable="false" sap:filterable="false" />
                <Property Name="UniqueId" Type="Edm.String" Nullable="false" MaxLength="6" sap:unicode="false" sap:label="Configuration ID" sap:creatable="false" sap:updatable="false" sap:sortable="false" sap:filterable="false" />
                <Property Name="Value" Type="Edm.String" Nullable="false" MaxLength="70" sap:unicode="false" sap:label="Char. Value" sap:creatable="false" sap:updatable="false" sap:sortable="false" sap:filterable="false" />
            </EntityType>
            <Association Name="HeaderConfig" sap:content-version="1">
                <End Type="SBPC.IBP_CIR_SRV.header" Multiplicity="1" Role="FromRole_HeaderConfig" />
                <End Type="SBPC.IBP_CIR_SRV.config" Multiplicity="*" Role="ToRole_HeaderConfig" />
                <ReferentialConstraint>
                    <Principal Role="FromRole_HeaderConfig">
                        <PropertyRef Name="UniqueId" />
                    </Principal>
                    <Dependent Role="ToRole_HeaderConfig">
                        <PropertyRef Name="UniqueId" />
                    </Dependent>
                </ReferentialConstraint>
            </Association>
            <EntityContainer Name="SBPC_IBP_CIR_SRV_Entities" m:IsDefaultEntityContainer="true" sap:supported-formats="atom json xlsx">
                <EntitySet Name="headerSet" EntityType="SBPC.IBP_CIR_SRV.header" sap:creatable="false" sap:updatable="false" sap:deletable="false" sap:pageable="false" sap:addressable="false" sap:content-version="1" />
                <EntitySet Name="configSet" EntityType="SBPC.IBP_CIR_SRV.config" sap:creatable="false" sap:updatable="false" sap:deletable="false" sap:pageable="false" sap:addressable="false" sap:content-version="1" />
                <AssociationSet Name="HeaderConfigSet" Association="SBPC.IBP_CIR_SRV.HeaderConfig" sap:creatable="false" sap:updatable="false" sap:deletable="false" sap:content-version="1">
                    <End EntitySet="headerSet" Role="FromRole_HeaderConfig" />
                    <End EntitySet="configSet" Role="ToRole_HeaderConfig" />
                </AssociationSet>
            </EntityContainer>
            <atom:link rel="self" href="http://sbps4d.sbpcorp.com:50000/sap/opu/odata/SBPC/IBP_CIR_SRV/$metadata" xmlns:atom="http://www.w3.org/2005/Atom" />
            <atom:link rel="latest-version" href="http://sbps4d.sbpcorp.com:50000/sap/opu/odata/SBPC/IBP_CIR_SRV/$metadata" xmlns:atom="http://www.w3.org/2005/Atom" />
        </Schema>
    </edmx:DataServices>
</edmx:Edmx>
