{
  "manifest.json": 1672238243425,
  "model/models.js": 1661440197807,
  "utils/locate-reuse-libs.js": 1661440197807,
  "i18n/i18n.properties": 1662978440286,
  "controller/Home.controller.js": 1671779536680,
  "controller/App.controller.js": 1661440197807,
  "Component.js": 1661440197807,
  "manifest-bundle.zip": 1672238243449,
  "Component-preload.js": 1672238243982,
  "model/models-dbg.js": 1661440197807,
  "utils/locate-reuse-libs-dbg.js": 1661440197807,
  "controller/Home-dbg.controller.js": 1671779536680,
  "controller/App-dbg.controller.js": 1661440197807,
  "Component-dbg.js": 1661440197807,
  "view/VersionDialog.fragment.xml": 1661495460392,
  "view/ScenarioDialog.fragment.xml": 1661495480864,
  "view/ProdDialog.fragment.xml": 1662975542310,
  "view/LocDialog.fragment.xml": 1662975539522,
  "view/Home.view.xml": 1669813608260,
  "view/App.view.xml": 1661440197807,
  "css/style.css": 1669710157498,
  "index.html": 1669709149001
}