{
  "index.html": 1669789349562,
  "utils/locate-reuse-libs.js": 1669789252653,
  "manifest.json": 1670237158320,
  "model/models.js": 1669789252653,
  "controller/Home.controller.js": 1669973174607,
  "controller/App.controller.js": 1669789252653,
  "Component.js": 1669789252653,
  "manifest-bundle.zip": 1670237158333,
  "Component-preload.js": 1670237158874,
  "utils/locate-reuse-libs-dbg.js": 1669789252653,
  "model/models-dbg.js": 1669789252653,
  "controller/Home-dbg.controller.js": 1669973174607,
  "controller/App-dbg.controller.js": 1669789252653,
  "Component-dbg.js": 1669789252653,
  "view/VersionDialog.fragment.xml": 1669789252653,
  "view/ScenarioDialog.fragment.xml": 1669789252653,
  "view/ProdDialog.fragment.xml": 1669789252653,
  "view/LocDialog.fragment.xml": 1669789252653,
  "view/Home.view.xml": 1669973174607,
  "view/App.view.xml": 1669789252653,
  "css/style.css": 1669789349562,
  "i18n/i18n.properties": 1669789252653
}