{
  "manifest-bundle.zip": 1668776720137,
  "controller/Home.controller.js": 1668774907604,
  "utils/locate-reuse-libs.js": 1668774907604,
  "model/models.js": 1668774907604,
  "manifest.json": 1668776720122,
  "controller/App.controller.js": 1668774907604,
  "Component.js": 1668774907604,
  "i18n/i18n.properties": 1668774907604,
  "Component-preload.js": 1668776720608,
  "controller/Home-dbg.controller.js": 1668774907604,
  "model/models-dbg.js": 1668774907604,
  "utils/locate-reuse-libs-dbg.js": 1668774907604,
  "controller/App-dbg.controller.js": 1668774907604,
  "Component-dbg.js": 1668774907604,
  "view/VersionDialog.fragment.xml": 1668774907604,
  "view/ScenarioDialog.fragment.xml": 1668774907604,
  "view/ProdDialog.fragment.xml": 1668774907604,
  "view/LocDialog.fragment.xml": 1668774907604,
  "view/Home.view.xml": 1668774907604,
  "view/App.view.xml": 1668774907604,
  "css/style.css": 1668774907604,
  "index.html": 1668774907604
}