{
  "manifest.json": 1661769250911,
  "controller/Home.controller.js": 1661517422843,
  "utils/locate-reuse-libs.js": 1661517422851,
  "model/models.js": 1661517422851,
  "i18n/i18n.properties": 1661517422843,
  "controller/App.controller.js": 1661517422843,
  "Component.js": 1661517422843,
  "manifest-bundle.zip": 1661769250924,
  "Component-preload.js": 1661769251224,
  "model/models-dbg.js": 1661517422851,
  "utils/locate-reuse-libs-dbg.js": 1661517422851,
  "controller/Home-dbg.controller.js": 1661517422843,
  "controller/App-dbg.controller.js": 1661517422843,
  "Component-dbg.js": 1661517422843,
  "view/Home.view.xml": 1661517422851,
  "view/App.view.xml": 1661517422851,
  "css/style.css": 1661517422843,
  "index.html": 1661517422843
}