{
  "view/ScenarioDialog.fragment.xml": 1661869074979,
  "model/models.js": 1661869074979,
  "utils/locate-reuse-libs.js": 1661869074979,
  "manifest.json": 1673353571604,
  "controller/Home.controller.js": 1671801127020,
  "controller/App.controller.js": 1661869074979,
  "Component.js": 1661869074979,
  "manifest-bundle.zip": 1673353571613,
  "Component-preload.js": 1673353571977,
  "controller/Home-dbg.controller.js": 1671801127020,
  "model/models-dbg.js": 1661869074979,
  "utils/locate-reuse-libs-dbg.js": 1661869074979,
  "controller/App-dbg.controller.js": 1661869074979,
  "Component-dbg.js": 1661869074979,
  "view/VersionDialog.fragment.xml": 1661869074979,
  "i18n/i18n.properties": 1662969900279,
  "view/ProdDialog.fragment.xml": 1663061997146,
  "view/LocDialog.fragment.xml": 1663061997146,
  "view/Home.view.xml": 1671438121948,
  "view/App.view.xml": 1661869074979,
  "css/style.css": 1669711421387,
  "index.html": 1669711421387
}