{
  "Component-preload.js": 1642615522847,
  "controller/BaseController.js": 1642084313744,
  "utils/locate-reuse-libs.js": 1642084313748,
  "model/models.js": 1642084313748,
  "controller/Home.controller.js": 1642492148708,
  "controller/Detail.controller.js": 1642603082388,
  "manifest.json": 1642615522249,
  "controller/App.controller.js": 1642084313744,
  "Component.js": 1642084313744,
  "manifest-bundle.zip": 1642615522274,
  "i18n/i18n.properties": 1642492148704,
  "utils/locate-reuse-libs-dbg.js": 1642084313748,
  "model/models-dbg.js": 1642084313748,
  "controller/Home-dbg.controller.js": 1642492148708,
  "controller/Detail-dbg.controller.js": 1642603082388,
  "controller/BaseController-dbg.js": 1642084313744,
  "controller/App-dbg.controller.js": 1642084313744,
  "Component-dbg.js": 1642084313744,
  "view/Parameter.fragment.xml": 1642084313748,
  "view/Home.view.xml": 1642603082388,
  "view/Detail.view.xml": 1642492148704,
  "view/Create.fragment.xml": 1642492148704,
  "view/App.view.xml": 1642084313748,
  "css/style.css": 1642492148704,
  "index.html": 1642084313744
}