{
  "controller/App.controller.js": 1655901763435,
  "manifest.json": 1656600805829,
  "utils/locate-reuse-libs.js": 1655901763439,
  "model/models.js": 1655901763439,
  "controller/Home.controller.js": 1655901763435,
  "controller/BaseController.js": 1655901763435,
  "i18n/i18n.properties": 1655901763435,
  "Component.js": 1655901763435,
  "manifest-bundle.zip": 1656600805849,
  "Component-preload.js": 1656600806364,
  "controller/Home-dbg.controller.js": 1655901763435,
  "model/models-dbg.js": 1655901763439,
  "utils/locate-reuse-libs-dbg.js": 1655901763439,
  "controller/BaseController-dbg.js": 1655901763435,
  "controller/App-dbg.controller.js": 1655901763435,
  "Component-dbg.js": 1655901763435,
  "view/StructureNodes.fragment.xml": 1655901763439,
  "view/Profiles.fragment.xml": 1655901763439,
  "view/ProdDialog.fragment.xml": 1655901763439,
  "view/ObjDepDialog.fragment.xml": 1655901763439,
  "view/LocDialog.fragment.xml": 1655901763439,
  "view/Home.view.xml": 1655901763439,
  "view/ComponentDialog.fragment.xml": 1655901763439,
  "view/App.view.xml": 1655901763439,
  "css/style.css": 1655901763435,
  "index.html": 1655901763435
}