{
  "Component.js": 1644923555440,
  "i18n/i18n.properties": 1644923555440,
  "utils/locate-reuse-libs.js": 1644923555440,
  "model/models.js": 1644923555440,
  "controller/Home.controller.js": 1644923555440,
  "controller/BaseController.js": 1644923555440,
  "controller/App.controller.js": 1644923555440,
  "manifest.json": 1645006074639,
  "manifest-bundle.zip": 1645006074656,
  "Component-preload.js": 1645006075171,
  "Component-dbg.js": 1644923555440,
  "model/models-dbg.js": 1644923555440,
  "controller/Home-dbg.controller.js": 1644923555440,
  "controller/BaseController-dbg.js": 1644923555440,
  "controller/App-dbg.controller.js": 1644923555440,
  "utils/locate-reuse-libs-dbg.js": 1644923555440,
  "view/Profiles.fragment.xml": 1644923555440,
  "view/Home.view.xml": 1644923555440,
  "view/App.view.xml": 1644923555440,
  "css/style.css": 1644923555440,
  "index.html": 1644923555440
}