{
  "model/models-dbg.js": 1669107427980,
  "utils/locate-reuse-libs.js": 1669107427980,
  "manifest.json": 1669816410791,
  "model/models.js": 1669107427980,
  "controller/Home.controller.js": 1669107427976,
  "controller/BaseController.js": 1669107427976,
  "controller/App.controller.js": 1669107427976,
  "Component.js": 1669107427976,
  "manifest-bundle.zip": 1669816410811,
  "Component-preload.js": 1669816411267,
  "utils/locate-reuse-libs-dbg.js": 1669107427980,
  "i18n/i18n.properties": 1669107427976,
  "controller/Home-dbg.controller.js": 1669107427976,
  "controller/BaseController-dbg.js": 1669107427976,
  "controller/App-dbg.controller.js": 1669107427976,
  "Component-dbg.js": 1669107427976,
  "view/StructureNodes.fragment.xml": 1669107427980,
  "view/Profiles.fragment.xml": 1669107427980,
  "view/ProdDialog.fragment.xml": 1669107427980,
  "view/ObjDepDialog.fragment.xml": 1669107427980,
  "view/LocDialog.fragment.xml": 1669107427980,
  "view/Home.view.xml": 1669715346704,
  "view/ComponentDialog.fragment.xml": 1669107427980,
  "view/App.view.xml": 1669107427980,
  "css/style.css": 1669715346704,
  "index.html": 1669107427976
}