{
  "Component-dbg.js": 1642523085364,
  "Component.js": 1642523085364,
  "utils/locate-reuse-libs.js": 1642523085368,
  "model/models.js": 1642523085368,
  "controller/Home.controller.js": 1644409312788,
  "controller/BaseController.js": 1642523085364,
  "controller/App.controller.js": 1642523085364,
  "manifest.json": 1644834358731,
  "manifest-bundle.zip": 1644834358756,
  "Component-preload.js": 1644834359194,
  "controller/App-dbg.controller.js": 1642523085364,
  "model/models-dbg.js": 1642523085368,
  "controller/Home-dbg.controller.js": 1644409312788,
  "controller/BaseController-dbg.js": 1642523085364,
  "utils/locate-reuse-libs-dbg.js": 1642523085368,
  "i18n/i18n.properties": 1642596144725,
  "view/Profiles.fragment.xml": 1642573838059,
  "view/Home.view.xml": 1642603082392,
  "view/App.view.xml": 1642523085368,
  "css/style.css": 1642523085364,
  "index.html": 1642523085364
}