{
  "view/App.view.xml": 1665479929533,
  "controller/Home.controller.js": 1667910898070,
  "utils/locate-reuse-libs.js": 1665479929533,
  "model/models.js": 1665479929533,
  "manifest.json": 1672492487174,
  "controller/BaseController.js": 1665479929529,
  "controller/App.controller.js": 1665479929529,
  "Component.js": 1665479929529,
  "manifest-bundle.zip": 1672492487195,
  "Component-preload.js": 1672492487651,
  "controller/Home-dbg.controller.js": 1667910898070,
  "model/models-dbg.js": 1665479929533,
  "utils/locate-reuse-libs-dbg.js": 1665479929533,
  "controller/BaseController-dbg.js": 1665479929529,
  "controller/App-dbg.controller.js": 1665479929529,
  "Component-dbg.js": 1665479929529,
  "view/StructureNodes.fragment.xml": 1665479929533,
  "view/Profiles.fragment.xml": 1665479929533,
  "view/ProdDialog.fragment.xml": 1665479929533,
  "view/ObjDepDialog.fragment.xml": 1665479929533,
  "view/LocDialog.fragment.xml": 1665479929533,
  "view/Home.view.xml": 1669371048670,
  "view/ComponentDialog.fragment.xml": 1666258684120,
  "i18n/i18n.properties": 1666258684120,
  "css/style.css": 1669371048670,
  "index.html": 1667910898070
}