{
  "controller/Home.controller.js": 1643343456657,
  "Component.js": 1643343456653,
  "utils/locate-reuse-libs.js": 1643343456657,
  "model/models.js": 1643343456657,
  "i18n/i18n.properties": 1643343456657,
  "controller/BaseController.js": 1643343456657,
  "controller/App.controller.js": 1643343456657,
  "manifest.json": 1643359825765,
  "manifest-bundle.zip": 1643359825785,
  "Component-preload.js": 1643359826284,
  "controller/BaseController-dbg.js": 1643343456657,
  "model/models-dbg.js": 1643343456657,
  "controller/Home-dbg.controller.js": 1643343456657,
  "utils/locate-reuse-libs-dbg.js": 1643343456657,
  "controller/App-dbg.controller.js": 1643343456657,
  "Component-dbg.js": 1643343456653,
  "view/Profiles.fragment.xml": 1643343456657,
  "view/Home.view.xml": 1643343456657,
  "view/App.view.xml": 1643343456657,
  "css/style.css": 1643343456657,
  "index.html": 1643343456657
}