{
  "view/Home.view.xml": 1668774907548,
  "manifest.json": 1668776383086,
  "model/models.js": 1668774907548,
  "utils/locate-reuse-libs.js": 1668774907548,
  "controller/Home.controller.js": 1668774907544,
  "controller/BaseController.js": 1668774907544,
  "controller/App.controller.js": 1668774907544,
  "Component.js": 1668774907544,
  "manifest-bundle.zip": 1668776383097,
  "Component-preload.js": 1668776383525,
  "model/models-dbg.js": 1668774907548,
  "utils/locate-reuse-libs-dbg.js": 1668774907548,
  "controller/Home-dbg.controller.js": 1668774907544,
  "controller/BaseController-dbg.js": 1668774907544,
  "controller/App-dbg.controller.js": 1668774907544,
  "Component-dbg.js": 1668774907544,
  "view/StructureNodes.fragment.xml": 1668774907548,
  "view/Profiles.fragment.xml": 1668774907548,
  "view/ProdDialog.fragment.xml": 1668774907548,
  "view/ObjDepDialog.fragment.xml": 1668774907548,
  "view/LocDialog.fragment.xml": 1668774907548,
  "i18n/i18n.properties": 1668774907544,
  "view/ComponentDialog.fragment.xml": 1668774907548,
  "view/App.view.xml": 1668774907548,
  "css/style.css": 1668774907544,
  "index.html": 1668774907544
}