{
  "view/ProdDialog.fragment.xml": 1645749377473,
  "controller/BaseController.js": 1645610229885,
  "utils/locate-reuse-libs.js": 1645610229885,
  "model/models.js": 1645610229885,
  "controller/Home.controller.js": 1645749377473,
  "manifest.json": 1645786375133,
  "controller/App.controller.js": 1645610229885,
  "Component.js": 1645610229885,
  "manifest-bundle.zip": 1645786375155,
  "Component-preload.js": 1645786375660,
  "controller/Home-dbg.controller.js": 1645749377473,
  "model/models-dbg.js": 1645610229885,
  "utils/locate-reuse-libs-dbg.js": 1645610229885,
  "controller/BaseController-dbg.js": 1645610229885,
  "controller/App-dbg.controller.js": 1645610229885,
  "Component-dbg.js": 1645610229885,
  "view/Profiles.fragment.xml": 1645749377473,
  "i18n/i18n.properties": 1645749377473,
  "view/ObjDepDialog.fragment.xml": 1645749377473,
  "view/LocDialog.fragment.xml": 1645749377473,
  "view/Home.view.xml": 1645749377473,
  "view/ComponentDialog.fragment.xml": 1645749377473,
  "view/App.view.xml": 1645610229885,
  "css/style.css": 1645610229885,
  "index.html": 1645610229885
}