{
  "Component.js": 1661440197767,
  "controller/BaseController.js": 1661440197767,
  "utils/locate-reuse-libs.js": 1661440197771,
  "model/models.js": 1661440197771,
  "controller/Home.controller.js": 1661440197767,
  "manifest.json": 1666940882507,
  "controller/App.controller.js": 1661440197767,
  "i18n/i18n.properties": 1666693187670,
  "manifest-bundle.zip": 1666940882527,
  "Component-preload.js": 1666940883004,
  "controller/Home-dbg.controller.js": 1661440197767,
  "model/models-dbg.js": 1661440197771,
  "utils/locate-reuse-libs-dbg.js": 1661440197771,
  "controller/BaseController-dbg.js": 1661440197767,
  "controller/App-dbg.controller.js": 1661440197767,
  "Component-dbg.js": 1661440197767,
  "view/StructureNodes.fragment.xml": 1661440197771,
  "view/Profiles.fragment.xml": 1661440197771,
  "view/ProdDialog.fragment.xml": 1661440197771,
  "view/ObjDepDialog.fragment.xml": 1661440197771,
  "view/LocDialog.fragment.xml": 1661440197771,
  "view/Home.view.xml": 1661440197771,
  "view/ComponentDialog.fragment.xml": 1666693187670,
  "view/App.view.xml": 1661440197771,
  "css/style.css": 1661440197767,
  "index.html": 1661440197767
}