{
  "controller/Home-dbg.controller.js": 1653838828107,
  "manifest.json": 1654000899887,
  "utils/locate-reuse-libs.js": 1653838828247,
  "model/models.js": 1653838828247,
  "controller/Home.controller.js": 1653838828107,
  "controller/Detail.controller.js": 1653838828107,
  "controller/BaseController.js": 1653838828107,
  "controller/App.controller.js": 1653838828107,
  "Component.js": 1653838828107,
  "manifest-bundle.zip": 1654000899900,
  "Component-preload.js": 1654000900628,
  "controller/BaseController-dbg.js": 1653838828107,
  "model/models-dbg.js": 1653838828247,
  "i18n/i18n.properties": 1653838828107,
  "controller/Detail-dbg.controller.js": 1653838828107,
  "utils/locate-reuse-libs-dbg.js": 1653838828247,
  "controller/App-dbg.controller.js": 1653838828107,
  "Component-dbg.js": 1653838828107,
  "view/Parameter.fragment.xml": 1653838828247,
  "view/Home.view.xml": 1653838828247,
  "view/Detail.view.xml": 1653838828247,
  "view/App.view.xml": 1653838828247,
  "css/style.css": 1653838828107,
  "index.html": 1653838828111
}