{
  "Component-preload.js": 1669365220399,
  "controller/App.controller.js": 1661869074807,
  "utils/locate-reuse-libs.js": 1661869074907,
  "model/models.js": 1661869074907,
  "controller/Home.controller.js": 1668670306117,
  "controller/Detail.controller.js": 1661869074807,
  "controller/BaseController.js": 1661869074807,
  "manifest.json": 1669365220011,
  "Component.js": 1661869074807,
  "manifest-bundle.zip": 1669365220022,
  "i18n/i18n.properties": 1661869074807,
  "controller/App-dbg.controller.js": 1661869074807,
  "model/models-dbg.js": 1661869074907,
  "controller/Home-dbg.controller.js": 1668670306117,
  "controller/Detail-dbg.controller.js": 1661869074807,
  "controller/BaseController-dbg.js": 1661869074807,
  "utils/locate-reuse-libs-dbg.js": 1661869074907,
  "Component-dbg.js": 1661869074807,
  "view/Parameter.fragment.xml": 1661869074907,
  "view/Home.view.xml": 1669364937913,
  "view/Detail.view.xml": 1661869074907,
  "view/App.view.xml": 1661869074907,
  "css/style.css": 1669364937913,
  "index.html": 1668670306117
}