{
  "i18n/i18n.properties": 1645034670776,
  "utils/locate-reuse-libs.js": 1642680143371,
  "manifest.json": 1646397055517,
  "model/models.js": 1642680143371,
  "controller/Home.controller.js": 1643101200668,
  "controller/Detail.controller.js": 1645035041627,
  "controller/BaseController.js": 1642680143363,
  "controller/App.controller.js": 1642680143363,
  "Component.js": 1642680143363,
  "manifest-bundle.zip": 1646397055531,
  "Component-preload.js": 1646397055969,
  "utils/locate-reuse-libs-dbg.js": 1642680143371,
  "model/models-dbg.js": 1642680143371,
  "controller/Home-dbg.controller.js": 1643101200668,
  "controller/Detail-dbg.controller.js": 1645035041627,
  "controller/BaseController-dbg.js": 1642680143363,
  "controller/App-dbg.controller.js": 1642680143363,
  "Component-dbg.js": 1642680143363,
  "view/Parameter.fragment.xml": 1642680143371,
  "view/Home.view.xml": 1643101200668,
  "view/Detail.view.xml": 1645034639420,
  "view/App.view.xml": 1642680143371,
  "css/style.css": 1642680143367,
  "index.html": 1642680143371
}