{
  "Component.js": 1671100323518,
  "controller/Home.controller.js": 1671100323518,
  "utils/locate-reuse-libs.js": 1671100323634,
  "model/models.js": 1671100323634,
  "manifest.json": 1671200375284,
  "controller/Detail.controller.js": 1671100323518,
  "controller/BaseController.js": 1671100323518,
  "controller/App.controller.js": 1671100323518,
  "i18n/i18n.properties": 1671100323518,
  "manifest-bundle.zip": 1671200375297,
  "Component-preload.js": 1671200375743,
  "Component-dbg.js": 1671100323518,
  "model/models-dbg.js": 1671100323634,
  "controller/Home-dbg.controller.js": 1671100323518,
  "controller/Detail-dbg.controller.js": 1671100323518,
  "controller/BaseController-dbg.js": 1671100323518,
  "controller/App-dbg.controller.js": 1671100323518,
  "utils/locate-reuse-libs-dbg.js": 1671100323634,
  "view/Parameter.fragment.xml": 1671100323634,
  "view/Home.view.xml": 1671100323634,
  "view/Detail.view.xml": 1671100323634,
  "view/App.view.xml": 1671100323634,
  "css/style.css": 1671100323518,
  "index.html": 1671100323518
}