{
  "Component-preload.js": 1668776395288,
  "controller/Home.controller.js": 1668774907376,
  "utils/locate-reuse-libs.js": 1668774907492,
  "model/models.js": 1668774907492,
  "manifest.json": 1668776394859,
  "controller/Detail.controller.js": 1668774907376,
  "controller/BaseController.js": 1668774907376,
  "controller/App.controller.js": 1668774907376,
  "Component.js": 1668774907376,
  "manifest-bundle.zip": 1668776394870,
  "i18n/i18n.properties": 1668774907380,
  "model/models-dbg.js": 1668774907492,
  "utils/locate-reuse-libs-dbg.js": 1668774907492,
  "controller/Home-dbg.controller.js": 1668774907376,
  "controller/Detail-dbg.controller.js": 1668774907376,
  "controller/BaseController-dbg.js": 1668774907376,
  "controller/App-dbg.controller.js": 1668774907376,
  "Component-dbg.js": 1668774907376,
  "view/Parameter.fragment.xml": 1668774907492,
  "view/Home.view.xml": 1668774907492,
  "view/Detail.view.xml": 1668774907492,
  "view/App.view.xml": 1668774907492,
  "css/style.css": 1668774907380,
  "index.html": 1668774907380
}