{
  "Component-preload.js": 1666191084991,
  "Component.js": 1661869074807,
  "utils/locate-reuse-libs.js": 1661869074907,
  "model/models.js": 1661869074907,
  "controller/Home.controller.js": 1661869074807,
  "controller/Detail.controller.js": 1661869074807,
  "controller/BaseController.js": 1661869074807,
  "controller/App.controller.js": 1661869074807,
  "manifest.json": 1666191084488,
  "manifest-bundle.zip": 1666191084500,
  "i18n/i18n.properties": 1661869074807,
  "Component-dbg.js": 1661869074807,
  "model/models-dbg.js": 1661869074907,
  "controller/Home-dbg.controller.js": 1661869074807,
  "controller/Detail-dbg.controller.js": 1661869074807,
  "controller/BaseController-dbg.js": 1661869074807,
  "controller/App-dbg.controller.js": 1661869074807,
  "utils/locate-reuse-libs-dbg.js": 1661869074907,
  "view/Parameter.fragment.xml": 1661869074907,
  "view/Home.view.xml": 1661869074907,
  "view/Detail.view.xml": 1661869074907,
  "view/App.view.xml": 1661869074907,
  "css/style.css": 1661869074807,
  "index.html": 1661869074807
}