{
  "controller/Detail-dbg.controller.js": 1654686737516,
  "Component.js": 1654686737516,
  "utils/locate-reuse-libs.js": 1654686737700,
  "model/models.js": 1654686737700,
  "controller/Home.controller.js": 1654686737516,
  "controller/Detail.controller.js": 1654686737516,
  "controller/BaseController.js": 1654686737516,
  "controller/App.controller.js": 1654686737516,
  "manifest.json": 1654763559062,
  "manifest-bundle.zip": 1654763559085,
  "Component-preload.js": 1654763559746,
  "utils/locate-reuse-libs-dbg.js": 1654686737700,
  "model/models-dbg.js": 1654686737700,
  "controller/Home-dbg.controller.js": 1654686737516,
  "i18n/i18n.properties": 1654686737516,
  "controller/BaseController-dbg.js": 1654686737516,
  "controller/App-dbg.controller.js": 1654686737516,
  "Component-dbg.js": 1654686737516,
  "view/Parameter.fragment.xml": 1654686737700,
  "view/Home.view.xml": 1654686737700,
  "view/Detail.view.xml": 1654686737700,
  "view/App.view.xml": 1654686737700,
  "css/style.css": 1654686737516,
  "index.html": 1654686737516
}