{
  "controller/BaseController-dbg.js": 1649242316954,
  "controller/Detail.controller.js": 1649758051718,
  "utils/locate-reuse-libs.js": 1649242316962,
  "model/models.js": 1649242316962,
  "controller/Home.controller.js": 1649758051718,
  "manifest.json": 1653568529671,
  "controller/BaseController.js": 1649242316954,
  "controller/App.controller.js": 1649242316954,
  "Component.js": 1649242316954,
  "manifest-bundle.zip": 1653568529683,
  "Component-preload.js": 1653568530120,
  "utils/locate-reuse-libs-dbg.js": 1649242316962,
  "model/models-dbg.js": 1649242316962,
  "controller/Home-dbg.controller.js": 1649758051718,
  "controller/Detail-dbg.controller.js": 1649758051718,
  "i18n/i18n.properties": 1649242316958,
  "controller/App-dbg.controller.js": 1649242316954,
  "Component-dbg.js": 1649242316954,
  "view/Parameter.fragment.xml": 1649242316962,
  "view/Home.view.xml": 1649758051722,
  "view/Detail.view.xml": 1649758051722,
  "view/App.view.xml": 1649758051722,
  "css/style.css": 1649242316958,
  "index.html": 1650284138600
}