{
  "view/Detail.view.xml": 1654360692250,
  "utils/locate-reuse-libs.js": 1642664993031,
  "manifest.json": 1654681210464,
  "model/models.js": 1642664993043,
  "controller/Home.controller.js": 1654069565848,
  "controller/Detail.controller.js": 1654436368442,
  "controller/BaseController.js": 1642667472714,
  "controller/App.controller.js": 1642667406370,
  "Component.js": 1642664993011,
  "manifest-bundle.zip": 1654681210476,
  "Component-preload.js": 1654681210898,
  "controller/Detail-dbg.controller.js": 1654436368442,
  "model/models-dbg.js": 1642664993043,
  "controller/Home-dbg.controller.js": 1654069565848,
  "utils/locate-reuse-libs-dbg.js": 1642664993031,
  "controller/BaseController-dbg.js": 1642667472714,
  "controller/App-dbg.controller.js": 1642667406370,
  "Component-dbg.js": 1642664993011,
  "view/Parameter.fragment.xml": 1654436320314,
  "view/Home.view.xml": 1649316315904,
  "i18n/i18n.properties": 1646635533097,
  "view/App.view.xml": 1649316174440,
  "css/style.css": 1646323701305,
  "index.html": 1650361889835
}