{
  "i18n/i18n.properties": 1645610229837,
  "controller/BaseController.js": 1645610229837,
  "utils/locate-reuse-libs.js": 1645610229841,
  "model/models.js": 1645610229841,
  "controller/Home.controller.js": 1645610229837,
  "controller/Detail.controller.js": 1645610229837,
  "manifest.json": 1645786381186,
  "controller/App.controller.js": 1645610229837,
  "Component.js": 1645610229837,
  "manifest-bundle.zip": 1645786381199,
  "Component-preload.js": 1645786381637,
  "controller/BaseController-dbg.js": 1645610229837,
  "model/models-dbg.js": 1645610229841,
  "controller/Home-dbg.controller.js": 1645610229837,
  "controller/Detail-dbg.controller.js": 1645610229837,
  "utils/locate-reuse-libs-dbg.js": 1645610229841,
  "controller/App-dbg.controller.js": 1645610229837,
  "Component-dbg.js": 1645610229837,
  "view/Parameter.fragment.xml": 1645610229841,
  "view/Home.view.xml": 1645610229841,
  "view/Detail.view.xml": 1645610229841,
  "view/App.view.xml": 1645610229841,
  "css/style.css": 1645610229837,
  "index.html": 1645610229837
}