{
  "view/Detail.view.xml": 1669789252521,
  "utils/locate-reuse-libs.js": 1669789252521,
  "manifest.json": 1670236822598,
  "model/models.js": 1669789252521,
  "controller/Home.controller.js": 1669789252405,
  "controller/Detail.controller.js": 1669789252405,
  "controller/BaseController.js": 1669789252405,
  "controller/App.controller.js": 1669789252405,
  "Component.js": 1669789252405,
  "manifest-bundle.zip": 1670236822611,
  "Component-preload.js": 1670236823072,
  "utils/locate-reuse-libs-dbg.js": 1669789252521,
  "model/models-dbg.js": 1669789252521,
  "controller/Home-dbg.controller.js": 1669789252405,
  "controller/Detail-dbg.controller.js": 1669789252405,
  "controller/BaseController-dbg.js": 1669789252405,
  "controller/App-dbg.controller.js": 1669789252405,
  "Component-dbg.js": 1669789252405,
  "view/Parameter.fragment.xml": 1669789252521,
  "view/Home.view.xml": 1669789349474,
  "i18n/i18n.properties": 1669789252405,
  "view/App.view.xml": 1669789252521,
  "css/style.css": 1669789349474,
  "index.html": 1669789252405
}