{
  "Component-preload.js": 1662840893832,
  "controller/App.controller.js": 1659447417182,
  "utils/locate-reuse-libs.js": 1659447417286,
  "model/models.js": 1659447417286,
  "controller/Home.controller.js": 1659447417182,
  "controller/Detail.controller.js": 1659447417182,
  "controller/BaseController.js": 1659447417182,
  "manifest.json": 1662840893011,
  "Component.js": 1659447417182,
  "manifest-bundle.zip": 1662840893042,
  "i18n/i18n.properties": 1659447417182,
  "controller/Home-dbg.controller.js": 1659447417182,
  "model/models-dbg.js": 1659447417286,
  "utils/locate-reuse-libs-dbg.js": 1659447417286,
  "controller/Detail-dbg.controller.js": 1659447417182,
  "controller/BaseController-dbg.js": 1659447417182,
  "controller/App-dbg.controller.js": 1659447417182,
  "Component-dbg.js": 1659447417182,
  "view/Parameter.fragment.xml": 1659447417286,
  "view/Home.view.xml": 1659447417286,
  "view/Detail.view.xml": 1659447417286,
  "view/App.view.xml": 1659447417286,
  "css/style.css": 1659447417182,
  "index.html": 1659447417182
}