{
  "controller/Detail-dbg.controller.js": 1665479929393,
  "controller/Home.controller.js": 1665479929393,
  "utils/locate-reuse-libs.js": 1665479929481,
  "model/models.js": 1665479929481,
  "manifest.json": 1667301617911,
  "controller/Detail.controller.js": 1665479929393,
  "controller/BaseController.js": 1665479929393,
  "controller/App.controller.js": 1665479929393,
  "Component.js": 1665479929393,
  "manifest-bundle.zip": 1667301617923,
  "Component-preload.js": 1667301618361,
  "model/models-dbg.js": 1665479929481,
  "utils/locate-reuse-libs-dbg.js": 1665479929481,
  "controller/Home-dbg.controller.js": 1665479929393,
  "i18n/i18n.properties": 1665479929393,
  "controller/BaseController-dbg.js": 1665479929393,
  "controller/App-dbg.controller.js": 1665479929393,
  "Component-dbg.js": 1665479929393,
  "view/Parameter.fragment.xml": 1665479929481,
  "view/Home.view.xml": 1665479929481,
  "view/Detail.view.xml": 1665479929481,
  "view/App.view.xml": 1665479929481,
  "css/style.css": 1665479929393,
  "index.html": 1665479929393
}