{
  "css/style.css": 1669789349802,
  "utils/locate-reuse-libs.js": 1669789252869,
  "manifest.json": 1670237175037,
  "model/models.js": 1669789252869,
  "controller/Home.controller.js": 1669885589656,
  "controller/BaseController.js": 1669789252865,
  "controller/App.controller.js": 1669789252865,
  "Component.js": 1669789252865,
  "manifest-bundle.zip": 1670237175058,
  "Component-preload.js": 1670237175699,
  "model/models-dbg.js": 1669789252869,
  "utils/locate-reuse-libs-dbg.js": 1669789252869,
  "controller/Home-dbg.controller.js": 1669885589656,
  "controller/BaseController-dbg.js": 1669789252865,
  "controller/App-dbg.controller.js": 1669789252865,
  "Component-dbg.js": 1669789252865,
  "view/UniqId.fragment.xml": 1669789252869,
  "view/SortDialog.fragment.xml": 1669789252869,
  "view/ProdDialog.fragment.xml": 1669789252869,
  "view/OrderCreate.fragment.xml": 1669789252869,
  "view/LocDialog.fragment.xml": 1669789252869,
  "view/Home.view.xml": 1669789349806,
  "view/CustomerGroup.fragment.xml": 1669789252869,
  "view/App.view.xml": 1669789252869,
  "i18n/i18n.properties": 1669789349802,
  "index.html": 1669789252865
}