{
  "utils/locate-reuse-libs.js": 1662042606693,
  "controller/BaseController.js": 1662042606689,
  "i18n/i18n.properties": 1666250927898,
  "model/models.js": 1662042606693,
  "controller/Home.controller.js": 1664541252831,
  "manifest.json": 1667296955579,
  "controller/App.controller.js": 1662042606689,
  "Component.js": 1662042606689,
  "manifest-bundle.zip": 1667296955601,
  "Component-preload.js": 1667296956170,
  "model/models-dbg.js": 1662042606693,
  "utils/locate-reuse-libs-dbg.js": 1662042606693,
  "controller/Home-dbg.controller.js": 1664541252831,
  "controller/BaseController-dbg.js": 1662042606689,
  "controller/App-dbg.controller.js": 1662042606689,
  "Component-dbg.js": 1662042606689,
  "view/UniqId.fragment.xml": 1664279005166,
  "view/SortDialog.fragment.xml": 1663828197796,
  "view/ProdDialog.fragment.xml": 1664439017434,
  "view/OrderCreate.fragment.xml": 1663703394288,
  "view/LocDialog.fragment.xml": 1664439015138,
  "view/Home.view.xml": 1666250927898,
  "view/CustomerGroup.fragment.xml": 1663353376924,
  "view/App.view.xml": 1662042606693,
  "css/style.css": 1663828197796,
  "index.html": 1664289287531
}