{
  "Component-dbg.js": 1669729244223,
  "controller/Home.controller.js": 1669729244223,
  "utils/locate-reuse-libs.js": 1669729244223,
  "model/models.js": 1669729244223,
  "manifest.json": 1669733100347,
  "controller/BaseController.js": 1669729244223,
  "controller/App.controller.js": 1669729244223,
  "Component.js": 1669729244223,
  "manifest-bundle.zip": 1669733100357,
  "Component-preload.js": 1669733100681,
  "i18n/i18n.properties": 1669729244223,
  "model/models-dbg.js": 1669729244223,
  "controller/Home-dbg.controller.js": 1669729244223,
  "controller/BaseController-dbg.js": 1669729244223,
  "controller/App-dbg.controller.js": 1669729244223,
  "utils/locate-reuse-libs-dbg.js": 1669729244223,
  "view/UniqId.fragment.xml": 1669729244223,
  "view/SortDialog.fragment.xml": 1669729244223,
  "view/ProdDialog.fragment.xml": 1669729244223,
  "view/OrderCreate.fragment.xml": 1669729244223,
  "view/LocDialog.fragment.xml": 1669729244223,
  "view/Home.view.xml": 1669729244223,
  "view/CustomerGroup.fragment.xml": 1669729244223,
  "view/App.view.xml": 1669729244223,
  "css/style.css": 1669729244223,
  "index.html": 1669729244223
}