{
  "view/CustomerGroup.fragment.xml": 1663578246701,
  "Component.js": 1662045866303,
  "utils/locate-reuse-libs.js": 1662045866303,
  "model/models.js": 1662045866303,
  "controller/Home.controller.js": 1664545914685,
  "controller/BaseController.js": 1662045866303,
  "controller/App.controller.js": 1662045866303,
  "manifest.json": 1665394405823,
  "manifest-bundle.zip": 1665394405839,
  "Component-preload.js": 1665394406305,
  "Component-dbg.js": 1662045866303,
  "model/models-dbg.js": 1662045866303,
  "controller/Home-dbg.controller.js": 1664545914685,
  "controller/BaseController-dbg.js": 1662045866303,
  "controller/App-dbg.controller.js": 1662045866303,
  "utils/locate-reuse-libs-dbg.js": 1662045866303,
  "view/UniqId.fragment.xml": 1664361649594,
  "view/SortDialog.fragment.xml": 1663771780919,
  "view/ProdDialog.fragment.xml": 1664440126862,
  "view/OrderCreate.fragment.xml": 1663748825713,
  "view/LocDialog.fragment.xml": 1664440126862,
  "view/Home.view.xml": 1664361649594,
  "i18n/i18n.properties": 1663578246701,
  "view/App.view.xml": 1662045866303,
  "css/style.css": 1663760714448,
  "index.html": 1664361649594
}