{
  "utils/locate-reuse-libs-dbg.js": 1662045866303,
  "controller/Home.controller.js": 1662475030763,
  "utils/locate-reuse-libs.js": 1662045866303,
  "model/models.js": 1662045866303,
  "manifest.json": 1663160633040,
  "controller/BaseController.js": 1662045866303,
  "controller/App.controller.js": 1662045866303,
  "Component.js": 1662045866303,
  "manifest-bundle.zip": 1663160633059,
  "Component-preload.js": 1663160633550,
  "model/models-dbg.js": 1662045866303,
  "i18n/i18n.properties": 1662420918506,
  "controller/Home-dbg.controller.js": 1662475030763,
  "controller/BaseController-dbg.js": 1662045866303,
  "controller/App-dbg.controller.js": 1662045866303,
  "Component-dbg.js": 1662045866303,
  "view/UniqId.fragment.xml": 1662378852389,
  "view/ProdDialog.fragment.xml": 1662378852389,
  "view/OrderCreate.fragment.xml": 1662378852389,
  "view/LocDialog.fragment.xml": 1662378852389,
  "view/Home.view.xml": 1662378852389,
  "view/App.view.xml": 1662045866303,
  "css/style.css": 1662045866303,
  "index.html": 1662045866303
}