{
  "utils/locate-reuse-libs.js": 1662045866303,
  "i18n/i18n.properties": 1663578246701,
  "manifest.json": 1664189107556,
  "model/models.js": 1662045866303,
  "controller/Home.controller.js": 1664187923219,
  "controller/BaseController.js": 1662045866303,
  "controller/App.controller.js": 1662045866303,
  "Component.js": 1662045866303,
  "manifest-bundle.zip": 1664189107571,
  "Component-preload.js": 1664189107993,
  "utils/locate-reuse-libs-dbg.js": 1662045866303,
  "model/models-dbg.js": 1662045866303,
  "controller/Home-dbg.controller.js": 1664187923219,
  "controller/BaseController-dbg.js": 1662045866303,
  "controller/App-dbg.controller.js": 1662045866303,
  "Component-dbg.js": 1662045866303,
  "view/UniqId.fragment.xml": 1662378852389,
  "view/SortDialog.fragment.xml": 1663771780919,
  "view/ProdDialog.fragment.xml": 1662378852389,
  "view/OrderCreate.fragment.xml": 1663748825713,
  "view/LocDialog.fragment.xml": 1662378852389,
  "view/Home.view.xml": 1663902428935,
  "view/CustomerGroup.fragment.xml": 1663578246701,
  "view/App.view.xml": 1662045866303,
  "css/style.css": 1663760714448,
  "index.html": 1662045866303
}