{
  "controller/App.controller.js": 1662628674152,
  "controller/Home.controller.js": 1662628674152,
  "utils/locate-reuse-libs.js": 1662628674152,
  "model/models.js": 1662628674152,
  "manifest.json": 1663327542280,
  "controller/BaseController.js": 1662628674152,
  "i18n/i18n.properties": 1662628674152,
  "Component.js": 1662628674152,
  "manifest-bundle.zip": 1663327542301,
  "Component-preload.js": 1663327542821,
  "controller/App-dbg.controller.js": 1662628674152,
  "model/models-dbg.js": 1662628674152,
  "controller/Home-dbg.controller.js": 1662628674152,
  "controller/BaseController-dbg.js": 1662628674152,
  "utils/locate-reuse-libs-dbg.js": 1662628674152,
  "Component-dbg.js": 1662628674152,
  "view/UniqId.fragment.xml": 1662628674152,
  "view/ProdDialog.fragment.xml": 1662628674152,
  "view/OrderCreate.fragment.xml": 1662628674152,
  "view/LocDialog.fragment.xml": 1662628674152,
  "view/Home.view.xml": 1662628674152,
  "view/App.view.xml": 1662628674152,
  "css/style.css": 1662628674152,
  "index.html": 1662628674152
}