{
  "Component.js": 1662364970585,
  "model/models.js": 1662364970585,
  "utils/locate-reuse-libs.js": 1662364970589,
  "manifest.json": 1669965074216,
  "controller/Home.controller.js": 1668779954880,
  "controller/BaseController.js": 1662364970585,
  "controller/App.controller.js": 1662364970585,
  "i18n/i18n.properties": 1666693187790,
  "manifest-bundle.zip": 1669965074232,
  "Component-preload.js": 1669965074766,
  "model/models-dbg.js": 1662364970585,
  "utils/locate-reuse-libs-dbg.js": 1662364970589,
  "controller/Home-dbg.controller.js": 1668779954880,
  "controller/BaseController-dbg.js": 1662364970585,
  "controller/App-dbg.controller.js": 1662364970585,
  "Component-dbg.js": 1662364970585,
  "view/UniqId.fragment.xml": 1665563487174,
  "view/SortDialog.fragment.xml": 1663757551498,
  "view/ProdDialog.fragment.xml": 1665563487174,
  "view/OrderCreate.fragment.xml": 1663749091109,
  "view/LocDialog.fragment.xml": 1665563487174,
  "view/Home.view.xml": 1669212015547,
  "view/CustomerGroup.fragment.xml": 1663338233791,
  "view/App.view.xml": 1662364970589,
  "css/style.css": 1669213621739,
  "index.html": 1667827290713
}