{
  "Component.js": 1665479929725,
  "controller/App.controller.js": 1665479929725,
  "utils/locate-reuse-libs.js": 1665479929725,
  "model/models.js": 1665479929725,
  "controller/Home.controller.js": 1665479929725,
  "controller/BaseController.js": 1665479929725,
  "manifest.json": 1665498980951,
  "i18n/i18n.properties": 1665479929725,
  "manifest-bundle.zip": 1665498980966,
  "Component-preload.js": 1665498981421,
  "controller/App-dbg.controller.js": 1665479929725,
  "model/models-dbg.js": 1665479929725,
  "controller/Home-dbg.controller.js": 1665479929725,
  "controller/BaseController-dbg.js": 1665479929725,
  "utils/locate-reuse-libs-dbg.js": 1665479929725,
  "Component-dbg.js": 1665479929725,
  "view/UniqId.fragment.xml": 1665479929729,
  "view/SortDialog.fragment.xml": 1665479929729,
  "view/ProdDialog.fragment.xml": 1665479929729,
  "view/OrderCreate.fragment.xml": 1665479929725,
  "view/LocDialog.fragment.xml": 1665479929725,
  "view/Home.view.xml": 1665479929725,
  "view/CustomerGroup.fragment.xml": 1665479929725,
  "view/App.view.xml": 1665479929725,
  "css/style.css": 1665479929725,
  "index.html": 1665479929725
}