{
  "manifest.json": 1665415744899,
  "controller/Home.controller.js": 1664783004696,
  "utils/locate-reuse-libs.js": 1662628674152,
  "model/models.js": 1662628674152,
  "i18n/i18n.properties": 1663389922730,
  "controller/BaseController.js": 1662628674152,
  "controller/App.controller.js": 1662628674152,
  "Component.js": 1662628674152,
  "manifest-bundle.zip": 1665415744912,
  "Component-preload.js": 1665415745320,
  "controller/App-dbg.controller.js": 1662628674152,
  "model/models-dbg.js": 1662628674152,
  "controller/Home-dbg.controller.js": 1664783004696,
  "controller/BaseController-dbg.js": 1662628674152,
  "utils/locate-reuse-libs-dbg.js": 1662628674152,
  "Component-dbg.js": 1662628674152,
  "view/UniqId.fragment.xml": 1664362544861,
  "view/SortDialog.fragment.xml": 1663770914226,
  "view/ProdDialog.fragment.xml": 1664455712349,
  "view/OrderCreate.fragment.xml": 1663745533161,
  "view/LocDialog.fragment.xml": 1664455712349,
  "view/Home.view.xml": 1664362544861,
  "view/CustomerGroup.fragment.xml": 1663389922730,
  "view/App.view.xml": 1662628674152,
  "css/style.css": 1663770914226,
  "index.html": 1664362544861
}