{
  "Component.js": 1659447417374,
  "controller/Details.controller.js": 1659447417374,
  "utils/locate-reuse-libs.js": 1659447417374,
  "model/models.js": 1659447417374,
  "controller/ItemMaster.controller.js": 1659717123906,
  "controller/ItemDetail.controller.js": 1659714136763,
  "controller/Home.controller.js": 1659447417374,
  "manifest.json": 1659717614986,
  "controller/BaseController.js": 1659447417374,
  "controller/App.controller.js": 1659447417374,
  "i18n/i18n.properties": 1659713947581,
  "manifest-bundle.zip": 1659717615000,
  "Component-preload.js": 1659717615424,
  "controller/Details-dbg.controller.js": 1659447417374,
  "model/models-dbg.js": 1659447417374,
  "controller/ItemMaster-dbg.controller.js": 1659717123906,
  "controller/ItemDetail-dbg.controller.js": 1659714136763,
  "controller/Home-dbg.controller.js": 1659447417374,
  "utils/locate-reuse-libs-dbg.js": 1659447417374,
  "controller/BaseController-dbg.js": 1659447417374,
  "controller/App-dbg.controller.js": 1659447417374,
  "Component-dbg.js": 1659447417374,
  "view/ProdDialog.fragment.xml": 1659447417374,
  "view/LocDialog.fragment.xml": 1659447417374,
  "view/ItemMaster.view.xml": 1659716820779,
  "view/ItemDetail.view.xml": 1659714106375,
  "view/Home.view.xml": 1659447417374,
  "view/Details.view.xml": 1659447417374,
  "view/App.view.xml": 1659447417374,
  "css/style.css": 1659714790820,
  "index.html": 1659713663115
}