{
  "model/formatter.js": 1671801127176,
  "controller/App.controller.js": 1661869075007,
  "utils/locate-reuse-libs.js": 1661869075007,
  "model/models.js": 1661869075007,
  "i18n/i18n.properties": 1668670306201,
  "controller/ItemMaster.controller.js": 1671801127176,
  "controller/ItemDetail.controller.js": 1665563766741,
  "controller/Home.controller.js": 1671438122072,
  "controller/Details.controller.js": 1668670306201,
  "controller/BaseController.js": 1661869075007,
  "manifest.json": 1673353508959,
  "Component.js": 1661869075007,
  "manifest-bundle.zip": 1673353508971,
  "Component-preload.js": 1673353509568,
  "model/formatter-dbg.js": 1671801127176,
  "model/models-dbg.js": 1661869075007,
  "utils/locate-reuse-libs-dbg.js": 1661869075007,
  "controller/ItemMaster-dbg.controller.js": 1671801127176,
  "controller/ItemDetail-dbg.controller.js": 1665563766741,
  "controller/Home-dbg.controller.js": 1671438122072,
  "controller/Details-dbg.controller.js": 1668670306201,
  "controller/BaseController-dbg.js": 1661869075007,
  "controller/App-dbg.controller.js": 1661869075007,
  "Component-dbg.js": 1661869075007,
  "view/className.fragment.xml": 1671801127180,
  "view/charValue.fragment.xml": 1662628674140,
  "view/charName.fragment.xml": 1662628674140,
  "view/UniqueDescUpdate.fragment.xml": 1662628674140,
  "view/ProdDialog.fragment.xml": 1664541304259,
  "view/LocDialog.fragment.xml": 1664541304259,
  "view/ItemMaster.view.xml": 1668670306201,
  "view/ItemDetail.view.xml": 1664783004692,
  "view/Home.view.xml": 1671438122072,
  "view/Details.view.xml": 1669364937917,
  "view/CustomerGroup.fragment.xml": 1663389922726,
  "view/CreateSeedOrder.fragment.xml": 1663745533157,
  "view/CreateChar.fragment.xml": 1666180653992,
  "view/CopyChar.fragment.xml": 1666180720464,
  "view/App.view.xml": 1661869075007,
  "view/AddCharacterstics.fragment.xml": 1662628674140,
  "css/style.css": 1671801127176,
  "index.html": 1671801127176
}