{
  "view/ItemMaster.view.xml": 1668768211776,
  "controller/ItemMaster.controller.js": 1671784730164,
  "utils/locate-reuse-libs.js": 1665479929665,
  "model/models.js": 1665479929665,
  "model/formatter.js": 1671784730164,
  "manifest.json": 1672387727289,
  "controller/ItemDetail.controller.js": 1665582799487,
  "controller/Home.controller.js": 1670241770512,
  "controller/Details.controller.js": 1667910898106,
  "controller/BaseController.js": 1665479929665,
  "controller/App.controller.js": 1665479929665,
  "Component.js": 1665479929665,
  "manifest-bundle.zip": 1672387727299,
  "Component-preload.js": 1672387727924,
  "controller/App-dbg.controller.js": 1665479929665,
  "model/models-dbg.js": 1665479929665,
  "model/formatter-dbg.js": 1671784730164,
  "controller/ItemMaster-dbg.controller.js": 1671784730164,
  "controller/ItemDetail-dbg.controller.js": 1665582799487,
  "controller/Home-dbg.controller.js": 1670241770512,
  "controller/Details-dbg.controller.js": 1667910898106,
  "controller/BaseController-dbg.js": 1665479929665,
  "utils/locate-reuse-libs-dbg.js": 1665479929665,
  "Component-dbg.js": 1665479929665,
  "view/className.fragment.xml": 1671784730164,
  "view/charValue.fragment.xml": 1665479929665,
  "view/charName.fragment.xml": 1665479929665,
  "view/UniqueDescUpdate.fragment.xml": 1665479929665,
  "view/ProdDialog.fragment.xml": 1665479929665,
  "view/LocDialog.fragment.xml": 1665479929665,
  "i18n/i18n.properties": 1668768211776,
  "view/ItemDetail.view.xml": 1665479929665,
  "view/Home.view.xml": 1670241770512,
  "view/Details.view.xml": 1669371048734,
  "view/CustomerGroup.fragment.xml": 1665479929665,
  "view/CreateSeedOrder.fragment.xml": 1665479929665,
  "view/CreateChar.fragment.xml": 1666258684216,
  "view/CopyChar.fragment.xml": 1666258684216,
  "view/App.view.xml": 1665479929665,
  "view/AddCharacterstics.fragment.xml": 1665479929665,
  "css/style.css": 1671784730164,
  "index.html": 1671784730164
}