{
  "model/models.js": 1659447417374,
  "controller/BaseController.js": 1659447417374,
  "utils/locate-reuse-libs.js": 1659447417374,
  "i18n/i18n.properties": 1659447417374,
  "controller/ItemMaster.controller.js": 1659447417374,
  "controller/ItemDetail.controller.js": 1659447417374,
  "controller/Home.controller.js": 1659447417374,
  "controller/Details.controller.js": 1659447417374,
  "manifest.json": 1659449270508,
  "controller/App.controller.js": 1659447417374,
  "Component.js": 1659447417374,
  "manifest-bundle.zip": 1659449270521,
  "Component-preload.js": 1659449270985,
  "model/models-dbg.js": 1659447417374,
  "utils/locate-reuse-libs-dbg.js": 1659447417374,
  "controller/ItemMaster-dbg.controller.js": 1659447417374,
  "controller/ItemDetail-dbg.controller.js": 1659447417374,
  "controller/Home-dbg.controller.js": 1659447417374,
  "controller/Details-dbg.controller.js": 1659447417374,
  "controller/BaseController-dbg.js": 1659447417374,
  "controller/App-dbg.controller.js": 1659447417374,
  "Component-dbg.js": 1659447417374,
  "view/ProdDialog.fragment.xml": 1659447417374,
  "view/LocDialog.fragment.xml": 1659447417374,
  "view/ItemMaster.view.xml": 1659447417374,
  "view/ItemDetail.view.xml": 1659447417374,
  "view/Home.view.xml": 1659447417374,
  "view/Details.view.xml": 1659447417374,
  "view/App.view.xml": 1659447417374,
  "css/style.css": 1659447417374,
  "index.html": 1659447417374
}