{
  "controller/Detail-dbg.controller.js": 1657893539170,
  "controller/App.controller.js": 1657893539170,
  "utils/locate-reuse-libs.js": 1657893539170,
  "model/models.js": 1657893539170,
  "controller/Detail.controller.js": 1657893539170,
  "manifest.json": 1657894485824,
  "Component.js": 1657893539170,
  "manifest-bundle.zip": 1657894485838,
  "Component-preload.js": 1657894486080,
  "Component-dbg.js": 1657893539170,
  "model/models-dbg.js": 1657893539170,
  "i18n/i18n.properties": 1657893539170,
  "controller/App-dbg.controller.js": 1657893539170,
  "utils/locate-reuse-libs-dbg.js": 1657893539170,
  "view/Detail.view.xml": 1657893539170,
  "view/App.view.xml": 1657893539170,
  "css/style.css": 1657893539170,
  "index.html": 1657893539170
}