{
  "controller/App.controller.js": 1659447417374,
  "controller/ItemDetail.controller.js": 1663578246689,
  "utils/locate-reuse-libs.js": 1659447417374,
  "model/models.js": 1659447417374,
  "model/formatter.js": 1662378852381,
  "controller/ItemMaster.controller.js": 1663596369252,
  "manifest.json": 1663598103555,
  "controller/Home.controller.js": 1661865456733,
  "controller/Details.controller.js": 1659447417374,
  "controller/BaseController.js": 1659447417374,
  "i18n/i18n.properties": 1662378852381,
  "Component.js": 1659447417374,
  "manifest-bundle.zip": 1663598103571,
  "Component-preload.js": 1663598104142,
  "model/models-dbg.js": 1659447417374,
  "utils/locate-reuse-libs-dbg.js": 1659447417374,
  "model/formatter-dbg.js": 1662378852381,
  "controller/ItemMaster-dbg.controller.js": 1663596369252,
  "controller/ItemDetail-dbg.controller.js": 1663578246689,
  "controller/Home-dbg.controller.js": 1661865456733,
  "controller/Details-dbg.controller.js": 1659447417374,
  "controller/BaseController-dbg.js": 1659447417374,
  "controller/App-dbg.controller.js": 1659447417374,
  "Component-dbg.js": 1659447417374,
  "view/className.fragment.xml": 1662724555990,
  "view/charValue.fragment.xml": 1662417816107,
  "view/charName.fragment.xml": 1662417816107,
  "view/UniqueDescUpdate.fragment.xml": 1662378852381,
  "view/ProdDialog.fragment.xml": 1659447417374,
  "view/LocDialog.fragment.xml": 1659447417374,
  "view/ItemMaster.view.xml": 1662548201042,
  "view/ItemDetail.view.xml": 1663578246689,
  "view/Home.view.xml": 1661865456741,
  "view/Details.view.xml": 1659447417374,
  "view/CustomerGroup.fragment.xml": 1663578246689,
  "view/CreateSeedOrder.fragment.xml": 1663578246689,
  "view/CreateChar.fragment.xml": 1662470325806,
  "view/CopyChar.fragment.xml": 1662378852381,
  "view/App.view.xml": 1659447417374,
  "view/AddCharacterstics.fragment.xml": 1662476244223,
  "css/style.css": 1661865456737,
  "index.html": 1659713663115
}