{
  "css/style.css": 1660894835762,
  "controller/Home.controller.js": 1659447417374,
  "utils/locate-reuse-libs.js": 1659447417374,
  "model/models.js": 1659447417374,
  "controller/ItemMaster.controller.js": 1660135288762,
  "controller/ItemDetail.controller.js": 1659714136763,
  "manifest.json": 1660932527998,
  "controller/Details.controller.js": 1659447417374,
  "controller/BaseController.js": 1659447417374,
  "controller/App.controller.js": 1659447417374,
  "Component.js": 1659447417374,
  "manifest-bundle.zip": 1660932528012,
  "Component-preload.js": 1660932528459,
  "controller/App-dbg.controller.js": 1659447417374,
  "model/models-dbg.js": 1659447417374,
  "controller/ItemMaster-dbg.controller.js": 1660135288762,
  "controller/ItemDetail-dbg.controller.js": 1659714136763,
  "controller/Home-dbg.controller.js": 1659447417374,
  "controller/Details-dbg.controller.js": 1659447417374,
  "controller/BaseController-dbg.js": 1659447417374,
  "utils/locate-reuse-libs-dbg.js": 1659447417374,
  "Component-dbg.js": 1659447417374,
  "view/ProdDialog.fragment.xml": 1659447417374,
  "view/LocDialog.fragment.xml": 1659447417374,
  "view/ItemMaster.view.xml": 1660135288762,
  "view/ItemDetail.view.xml": 1659714106375,
  "view/Home.view.xml": 1659447417374,
  "view/Details.view.xml": 1659447417374,
  "view/App.view.xml": 1659447417374,
  "i18n/i18n.properties": 1660894820494,
  "index.html": 1659713663115
}