{
  "view/Details.view.xml": 1659447417374,
  "controller/ItemDetail.controller.js": 1662417816099,
  "utils/locate-reuse-libs.js": 1659447417374,
  "model/models.js": 1659447417374,
  "model/formatter.js": 1662378852381,
  "controller/ItemMaster.controller.js": 1662420670218,
  "manifest.json": 1662421238586,
  "controller/Home.controller.js": 1661865456733,
  "controller/Details.controller.js": 1659447417374,
  "controller/BaseController.js": 1659447417374,
  "controller/App.controller.js": 1659447417374,
  "Component.js": 1659447417374,
  "manifest-bundle.zip": 1662421238598,
  "Component-preload.js": 1662421239138,
  "controller/BaseController-dbg.js": 1659447417374,
  "model/models-dbg.js": 1659447417374,
  "model/formatter-dbg.js": 1662378852381,
  "controller/ItemMaster-dbg.controller.js": 1662420670218,
  "controller/ItemDetail-dbg.controller.js": 1662417816099,
  "controller/Home-dbg.controller.js": 1661865456733,
  "controller/Details-dbg.controller.js": 1659447417374,
  "utils/locate-reuse-libs-dbg.js": 1659447417374,
  "controller/App-dbg.controller.js": 1659447417374,
  "Component-dbg.js": 1659447417374,
  "view/className.fragment.xml": 1662417816111,
  "view/charValue.fragment.xml": 1662417816107,
  "view/charName.fragment.xml": 1662417816107,
  "view/UniqueDescUpdate.fragment.xml": 1662378852381,
  "view/ProdDialog.fragment.xml": 1659447417374,
  "view/LocDialog.fragment.xml": 1659447417374,
  "view/ItemMaster.view.xml": 1662420750945,
  "view/ItemDetail.view.xml": 1662378852397,
  "view/Home.view.xml": 1661865456741,
  "i18n/i18n.properties": 1662378852381,
  "view/CreateChar.fragment.xml": 1662417816103,
  "view/CopyChar.fragment.xml": 1662378852381,
  "view/App.view.xml": 1659447417374,
  "view/AddCharacterstics.fragment.xml": 1662417816103,
  "css/style.css": 1661865456737,
  "index.html": 1659713663115
}