{
  "css/style.css": 1667910898070,
  "utils/locate-reuse-libs.js": 1665479929537,
  "manifest.json": 1669276514995,
  "model/models.js": 1665479929537,
  "controller/Master.controller.js": 1666958506992,
  "controller/Main.controller.js": 1667910898070,
  "controller/Home.controller.js": 1668768211728,
  "controller/BaseController.js": 1666958506992,
  "controller/App.controller.js": 1665479929537,
  "Component.js": 1666958506992,
  "manifest-bundle.zip": 1669276515008,
  "Component-preload.js": 1669276515443,
  "model/models-dbg.js": 1665479929537,
  "utils/locate-reuse-libs-dbg.js": 1665479929537,
  "controller/Master-dbg.controller.js": 1666958506992,
  "controller/Main-dbg.controller.js": 1667910898070,
  "controller/Home-dbg.controller.js": 1668768211728,
  "controller/BaseController-dbg.js": 1666958506992,
  "controller/App-dbg.controller.js": 1665479929537,
  "Component-dbg.js": 1666958506992,
  "view/MethodTyp.fragment.xml": 1666958506992,
  "view/Master.view.xml": 1666958506992,
  "view/Main.view.xml": 1667910898070,
  "view/Home.view.xml": 1666958506992,
  "view/App.view.xml": 1665479929537,
  "i18n/i18n.properties": 1666958506992,
  "index.html": 1667910898070
}