{
  "Component-preload.js": 1666942639534,
  "controller/Home.controller.js": 1665743677429,
  "utils/locate-reuse-libs.js": 1662978440274,
  "model/models.js": 1662978440274,
  "controller/Master.controller.js": 1666693187678,
  "controller/Main.controller.js": 1666693187678,
  "manifest.json": 1666942639112,
  "controller/App.controller.js": 1662978440274,
  "Component.js": 1662978440274,
  "manifest-bundle.zip": 1666942639126,
  "i18n/i18n.properties": 1662978440274,
  "controller/App-dbg.controller.js": 1662978440274,
  "model/models-dbg.js": 1662978440274,
  "controller/Master-dbg.controller.js": 1666693187678,
  "controller/Main-dbg.controller.js": 1666693187678,
  "controller/Home-dbg.controller.js": 1665743677429,
  "utils/locate-reuse-libs-dbg.js": 1662978440274,
  "Component-dbg.js": 1662978440274,
  "view/MethodTyp.fragment.xml": 1665563487082,
  "view/Master.view.xml": 1666693187678,
  "view/Main.view.xml": 1666693187678,
  "view/Home.view.xml": 1665743677429,
  "view/App.view.xml": 1662978440274,
  "css/style.css": 1662978440274,
  "index.html": 1662978440274
}