{
  "manifest-bundle.zip": 1665659691800,
  "controller/App.controller.js": 1665479929537,
  "utils/locate-reuse-libs.js": 1665479929537,
  "model/models.js": 1665479929537,
  "controller/Home.controller.js": 1665479929537,
  "manifest.json": 1665659691781,
  "Component.js": 1665479929537,
  "i18n/i18n.properties": 1665479929537,
  "Component-preload.js": 1665659692188,
  "controller/App-dbg.controller.js": 1665479929537,
  "model/models-dbg.js": 1665479929537,
  "controller/Home-dbg.controller.js": 1665479929537,
  "utils/locate-reuse-libs-dbg.js": 1665479929537,
  "Component-dbg.js": 1665479929537,
  "view/MethodTyp.fragment.xml": 1665479929537,
  "view/Home.view.xml": 1665582880695,
  "view/App.view.xml": 1665479929537,
  "css/style.css": 1665479929537,
  "index.html": 1665479929537
}