{
  "controller/BaseController.js": 1666689107752,
  "Component.js": 1666840928932,
  "utils/locate-reuse-libs.js": 1662729348588,
  "model/models.js": 1662729348592,
  "controller/Master.controller.js": 1666873817324,
  "controller/Main.controller.js": 1668670306149,
  "controller/Home.controller.js": 1671451186816,
  "i18n/i18n.properties": 1666876026079,
  "controller/App.controller.js": 1662729348596,
  "manifest.json": 1673351822209,
  "manifest-bundle.zip": 1673351822225,
  "Component-preload.js": 1673351822671,
  "controller/Master-dbg.controller.js": 1666873817324,
  "model/models-dbg.js": 1662729348592,
  "utils/locate-reuse-libs-dbg.js": 1662729348588,
  "controller/Main-dbg.controller.js": 1668670306149,
  "controller/Home-dbg.controller.js": 1671451186816,
  "controller/BaseController-dbg.js": 1666689107752,
  "controller/App-dbg.controller.js": 1662729348596,
  "Component-dbg.js": 1666840928932,
  "view/MethodTyp.fragment.xml": 1666857947861,
  "view/Master.view.xml": 1666873618712,
  "view/Main.view.xml": 1669364937913,
  "view/Home.view.xml": 1666860749896,
  "view/App.view.xml": 1662729608640,
  "css/style.css": 1669364937913,
  "index.html": 1668670306149
}