{
  "controller/Home.controller.js": 1665692303707,
  "controller/App.controller.js": 1662729348596,
  "utils/locate-reuse-libs.js": 1662729348588,
  "model/models.js": 1662729348592,
  "controller/Master.controller.js": 1666170143467,
  "controller/Main.controller.js": 1666169875569,
  "i18n/i18n.properties": 1662729545995,
  "manifest.json": 1666189609306,
  "Component.js": 1662729348584,
  "manifest-bundle.zip": 1666189609322,
  "Component-preload.js": 1666189609706,
  "controller/App-dbg.controller.js": 1662729348596,
  "model/models-dbg.js": 1662729348592,
  "controller/Master-dbg.controller.js": 1666170143467,
  "controller/Main-dbg.controller.js": 1666169875569,
  "controller/Home-dbg.controller.js": 1665692303707,
  "utils/locate-reuse-libs-dbg.js": 1662729348588,
  "Component-dbg.js": 1662729348584,
  "view/MethodTyp.fragment.xml": 1665400627083,
  "view/Master.view.xml": 1666170080795,
  "view/Main.view.xml": 1666169976138,
  "view/Home.view.xml": 1665691074269,
  "view/App.view.xml": 1662729608640,
  "css/style.css": 1662729348596,
  "index.html": 1662729670268
}