{
  "Component-dbg.js": 1669107427988,
  "controller/BaseController.js": 1669107427988,
  "model/models.js": 1669107427992,
  "utils/locate-reuse-libs.js": 1669107427992,
  "controller/ItemMaster.controller.js": 1669107427988,
  "controller/ItemDetail.controller.js": 1669107427988,
  "controller/Details.controller.js": 1669107427988,
  "manifest.json": 1669804540069,
  "controller/App.controller.js": 1669107427988,
  "Component.js": 1669107427988,
  "manifest-bundle.zip": 1669804540086,
  "Component-preload.js": 1669804540545,
  "utils/locate-reuse-libs-dbg.js": 1669107427992,
  "model/models-dbg.js": 1669107427992,
  "controller/ItemMaster-dbg.controller.js": 1669107427988,
  "controller/ItemDetail-dbg.controller.js": 1669107427988,
  "controller/Details-dbg.controller.js": 1669107427988,
  "controller/BaseController-dbg.js": 1669107427988,
  "controller/App-dbg.controller.js": 1669107427988,
  "i18n/i18n.properties": 1669107427988,
  "view/ItemMaster.view.xml": 1669107427992,
  "view/ItemDetail.view.xml": 1669107427992,
  "view/Details.view.xml": 1669715346704,
  "view/App.view.xml": 1669107427992,
  "css/style.css": 1669715346704,
  "index.html": 1669107427988
}