{
  "controller/Details.controller.js": 1649758051722,
  "utils/locate-reuse-libs.js": 1649242317010,
  "manifest.json": 1650813838033,
  "model/models.js": 1649242317010,
  "controller/ItemMaster.controller.js": 1649758051722,
  "controller/ItemDetail.controller.js": 1649242317010,
  "i18n/i18n.properties": 1649242317010,
  "controller/BaseController.js": 1649242317010,
  "controller/App.controller.js": 1649242317010,
  "Component.js": 1649242317010,
  "manifest-bundle.zip": 1650813838047,
  "Component-preload.js": 1650813838459,
  "controller/Details-dbg.controller.js": 1649758051722,
  "model/models-dbg.js": 1649242317010,
  "controller/ItemMaster-dbg.controller.js": 1649758051722,
  "controller/ItemDetail-dbg.controller.js": 1649242317010,
  "utils/locate-reuse-libs-dbg.js": 1649242317010,
  "controller/BaseController-dbg.js": 1649242317010,
  "controller/App-dbg.controller.js": 1649242317010,
  "Component-dbg.js": 1649242317010,
  "view/ItemMaster.view.xml": 1649242317010,
  "view/ItemDetail.view.xml": 1649758051722,
  "view/Details.view.xml": 1649242317010,
  "view/App.view.xml": 1649758051722,
  "css/style.css": 1649242317010,
  "index.html": 1650284487779
}