{
  "controller/BaseController-dbg.js": 1668774907556,
  "model/models.js": 1668774907560,
  "utils/locate-reuse-libs.js": 1668774907560,
  "manifest.json": 1668776438205,
  "controller/ItemMaster.controller.js": 1668774907556,
  "controller/ItemDetail.controller.js": 1668774907556,
  "controller/Details.controller.js": 1668774907556,
  "controller/BaseController.js": 1668774907556,
  "controller/App.controller.js": 1668774907556,
  "Component.js": 1668774907556,
  "manifest-bundle.zip": 1668776438217,
  "Component-preload.js": 1668776438570,
  "controller/App-dbg.controller.js": 1668774907556,
  "model/models-dbg.js": 1668774907560,
  "controller/ItemMaster-dbg.controller.js": 1668774907556,
  "controller/ItemDetail-dbg.controller.js": 1668774907556,
  "controller/Details-dbg.controller.js": 1668774907556,
  "i18n/i18n.properties": 1668774907556,
  "utils/locate-reuse-libs-dbg.js": 1668774907560,
  "Component-dbg.js": 1668774907556,
  "view/ItemMaster.view.xml": 1668774907560,
  "view/ItemDetail.view.xml": 1668774907560,
  "view/Details.view.xml": 1668774907560,
  "view/App.view.xml": 1668774907560,
  "css/style.css": 1668774907556,
  "index.html": 1668774907556
}