{
  "view/ItemMaster.view.xml": 1654124334070,
  "utils/locate-reuse-libs.js": 1654124334070,
  "manifest.json": 1654127136734,
  "model/models.js": 1654124334070,
  "controller/ItemMaster.controller.js": 1654124334066,
  "controller/ItemDetail.controller.js": 1654124334066,
  "controller/Details.controller.js": 1654124334066,
  "controller/BaseController.js": 1654124334066,
  "controller/App.controller.js": 1654124334066,
  "Component.js": 1654124334066,
  "manifest-bundle.zip": 1654127136745,
  "Component-preload.js": 1654127137098,
  "controller/ItemDetail-dbg.controller.js": 1654124334066,
  "model/models-dbg.js": 1654124334070,
  "controller/ItemMaster-dbg.controller.js": 1654124334066,
  "utils/locate-reuse-libs-dbg.js": 1654124334070,
  "controller/Details-dbg.controller.js": 1654124334066,
  "controller/BaseController-dbg.js": 1654124334066,
  "controller/App-dbg.controller.js": 1654124334066,
  "Component-dbg.js": 1654124334066,
  "i18n/i18n.properties": 1654124334066,
  "view/ItemDetail.view.xml": 1654124334070,
  "view/Details.view.xml": 1654124334070,
  "view/App.view.xml": 1654124334070,
  "css/style.css": 1654124334066,
  "index.html": 1654124334066
}