{
  "utils/locate-reuse-libs-dbg.js": 1644402231129,
  "controller/App.controller.js": 1644402231125,
  "utils/locate-reuse-libs.js": 1644402231129,
  "model/models.js": 1644402231129,
  "controller/ItemMaster.controller.js": 1644402231125,
  "controller/ItemDetail.controller.js": 1644402231125,
  "controller/Details.controller.js": 1644402231125,
  "controller/BaseController.js": 1644402231125,
  "manifest.json": 1644418389218,
  "ItemDetail.controller.js": 1644402231125,
  "Component.js": 1644402231125,
  "manifest-bundle.zip": 1644418389230,
  "Component-preload.js": 1644418389586,
  "ItemDetail-dbg.controller.js": 1644402231125,
  "model/models-dbg.js": 1644402231129,
  "controller/ItemMaster-dbg.controller.js": 1644402231125,
  "controller/ItemDetail-dbg.controller.js": 1644402231125,
  "controller/Details-dbg.controller.js": 1644402231125,
  "controller/BaseController-dbg.js": 1644402231125,
  "controller/App-dbg.controller.js": 1644402231125,
  "i18n/i18n.properties": 1644402231125,
  "Component-dbg.js": 1644402231125,
  "view/ItemMaster.view.xml": 1644402231129,
  "view/ItemDetail.view.xml": 1644402231129,
  "view/Details.view.xml": 1644402231129,
  "view/App.view.xml": 1644402231129,
  "css/style.css": 1644402231125,
  "index.html": 1644402231125
}