{
  "index.html": 1643297043780,
  "controller/ItemDetail.controller.js": 1643727038902,
  "utils/locate-reuse-libs.js": 1643297043784,
  "model/models.js": 1643297043780,
  "controller/ItemMaster.controller.js": 1643618279188,
  "manifest.json": 1645528156959,
  "controller/Details.controller.js": 1643297043780,
  "controller/BaseController.js": 1643297043780,
  "controller/App.controller.js": 1643297043780,
  "ItemDetail.controller.js": 1643297043780,
  "Component.js": 1643297043780,
  "manifest-bundle.zip": 1645528156971,
  "Component-preload.js": 1645528157303,
  "controller/ItemMaster-dbg.controller.js": 1643618279188,
  "model/models-dbg.js": 1643297043780,
  "utils/locate-reuse-libs-dbg.js": 1643297043784,
  "controller/ItemDetail-dbg.controller.js": 1643727038902,
  "controller/Details-dbg.controller.js": 1643297043780,
  "controller/BaseController-dbg.js": 1643297043780,
  "controller/App-dbg.controller.js": 1643297043780,
  "ItemDetail-dbg.controller.js": 1643297043780,
  "Component-dbg.js": 1643297043780,
  "view/ItemMaster.view.xml": 1643618279188,
  "view/ItemDetail.view.xml": 1643727118230,
  "view/Details.view.xml": 1643359293510,
  "view/App.view.xml": 1643297043784,
  "css/style.css": 1643618279188,
  "i18n/i18n.properties": 1643618279188
}