{
  "model/models.js": 1653513398403,
  "utils/locate-reuse-libs.js": 1653513398407,
  "manifest.json": 1654077917260,
  "i18n/i18n.properties": 1653513398395,
  "controller/Home.controller.js": 1653513398395,
  "controller/Detail.controller.js": 1653513398391,
  "controller/BaseController.js": 1653513398391,
  "controller/App.controller.js": 1653513398391,
  "Component.js": 1653513398387,
  "manifest-bundle.zip": 1654077917278,
  "Component-preload.js": 1654077918084,
  "controller/App-dbg.controller.js": 1653513398391,
  "model/models-dbg.js": 1653513398403,
  "controller/Home-dbg.controller.js": 1653513398395,
  "controller/Detail-dbg.controller.js": 1653513398391,
  "controller/BaseController-dbg.js": 1653513398391,
  "utils/locate-reuse-libs-dbg.js": 1653513398407,
  "Component-dbg.js": 1653513398387,
  "view/LocDialog.fragment.xml": 1653513398411,
  "view/LineDialog.fragment.xml": 1653513398411,
  "view/Home.view.xml": 1653513398411,
  "view/Detail.view.xml": 1653513398407,
  "view/App.view.xml": 1653513398407,
  "css/style.css": 1653513398395,
  "index.html": 1653513398399
}