{
  "view/LineDialog.fragment.xml": 1661440197859,
  "model/models.js": 1661440197859,
  "utils/locate-reuse-libs.js": 1661440197859,
  "manifest.json": 1667479202692,
  "controller/ItemMaster.controller.js": 1661608541749,
  "controller/ItemDetail.controller.js": 1665563487170,
  "controller/Details.controller.js": 1661440197859,
  "controller/BaseController.js": 1661440197859,
  "controller/App.controller.js": 1661440197859,
  "Component.js": 1661440197859,
  "manifest-bundle.zip": 1667479202703,
  "Component-preload.js": 1667479203164,
  "controller/BaseController-dbg.js": 1661440197859,
  "model/models-dbg.js": 1661440197859,
  "controller/ItemMaster-dbg.controller.js": 1661608541749,
  "controller/ItemDetail-dbg.controller.js": 1665563487170,
  "controller/Details-dbg.controller.js": 1661440197859,
  "utils/locate-reuse-libs-dbg.js": 1661440197859,
  "controller/App-dbg.controller.js": 1661440197859,
  "Component-dbg.js": 1661440197859,
  "view/className.fragment.xml": 1661440197859,
  "view/charValue.fragment.xml": 1661440197859,
  "view/charName.fragment.xml": 1661440197859,
  "view/RestrictionItem.fragment.xml": 1661608541749,
  "view/Restriction.fragment.xml": 1661440197859,
  "view/LocDialog.fragment.xml": 1661440197859,
  "i18n/i18n.properties": 1661440197859,
  "view/ItemMaster.view.xml": 1661440197859,
  "view/ItemDetail.view.xml": 1664266976684,
  "view/Details.view.xml": 1661440197859,
  "view/App.view.xml": 1661440197859,
  "css/style.css": 1661440197859,
  "index.html": 1661440197859
}