{
  "utils/locate-reuse-libs-dbg.js": 1654124354770,
  "controller/App.controller.js": 1654124354762,
  "utils/locate-reuse-libs.js": 1654124354770,
  "model/models.js": 1654124354770,
  "controller/Home.controller.js": 1654124354762,
  "controller/Detail.controller.js": 1654124354762,
  "controller/BaseController.js": 1654124354762,
  "manifest.json": 1654127353061,
  "Component.js": 1654124354762,
  "manifest-bundle.zip": 1654127353073,
  "Component-preload.js": 1654127353333,
  "controller/Home-dbg.controller.js": 1654124354762,
  "model/models-dbg.js": 1654124354770,
  "i18n/i18n.properties": 1654124354762,
  "controller/Detail-dbg.controller.js": 1654124354762,
  "controller/BaseController-dbg.js": 1654124354762,
  "controller/App-dbg.controller.js": 1654124354762,
  "Component-dbg.js": 1654124354762,
  "view/LocDialog.fragment.xml": 1654124354770,
  "view/LineDialog.fragment.xml": 1654124354770,
  "view/Home.view.xml": 1654124354770,
  "view/Detail.view.xml": 1654124354770,
  "view/App.view.xml": 1654124354770,
  "css/style.css": 1654124354762,
  "index.html": 1654124354762
}