{
  "manifest.json": 1654127196886,
  "model/models.js": 1654124330954,
  "utils/locate-reuse-libs.js": 1654124330954,
  "i18n/i18n.properties": 1654124330750,
  "controller/ItemMaster.controller.js": 1654124330750,
  "controller/ItemDetail.controller.js": 1654124330750,
  "controller/Details.controller.js": 1654124330750,
  "controller/BaseController.js": 1654124330750,
  "controller/App.controller.js": 1654124330750,
  "Component.js": 1654124330750,
  "manifest-bundle.zip": 1654127196899,
  "Component-preload.js": 1654127197397,
  "controller/ItemDetail-dbg.controller.js": 1654124330750,
  "model/models-dbg.js": 1654124330954,
  "controller/ItemMaster-dbg.controller.js": 1654124330750,
  "utils/locate-reuse-libs-dbg.js": 1654124330954,
  "controller/Details-dbg.controller.js": 1654124330750,
  "controller/BaseController-dbg.js": 1654124330750,
  "controller/App-dbg.controller.js": 1654124330750,
  "Component-dbg.js": 1654124330750,
  "view/ViewNodesCreation.fragment.xml": 1654124330954,
  "view/ViewNodes.fragment.xml": 1654124330954,
  "view/StructureNodes.fragment.xml": 1654124330954,
  "view/ItemMaster.view.xml": 1654124330954,
  "view/ItemDetail.view.xml": 1654124330954,
  "view/Details.view.xml": 1654124330954,
  "view/App.view.xml": 1654124330954,
  "view/AccesNodes.fragment.xml": 1654124330954,
  "css/style.css": 1654124330750,
  "index.html": 1654124330750
}