{
  "view/Details.view.xml": 1644913665044,
  "model/models.js": 1644913665040,
  "utils/locate-reuse-libs.js": 1644913665040,
  "manifest.json": 1644922275939,
  "controller/Details.controller.js": 1644913665020,
  "Component.js": 1644913665020,
  "manifest-bundle.zip": 1644922275953,
  "Component-preload.js": 1644922276254,
  "controller/Details-dbg.controller.js": 1644913665020,
  "model/models-dbg.js": 1644913665040,
  "utils/locate-reuse-libs-dbg.js": 1644913665040,
  "Component-dbg.js": 1644913665020,
  "i18n/i18n.properties": 1644913665024,
  "css/style.css": 1644913665020,
  "index.html": 1644913665028
}