{
  "controller/ItemMaster-dbg.controller.js": 1669107427968,
  "manifest.json": 1672939434910,
  "utils/locate-reuse-libs.js": 1669107427968,
  "model/models.js": 1669107427968,
  "controller/ItemMaster.controller.js": 1669107427968,
  "controller/ItemDetail.controller.js": 1669107427968,
  "controller/Details.controller.js": 1669107427968,
  "controller/BaseController.js": 1669107427968,
  "controller/App.controller.js": 1669107427968,
  "Component.js": 1669107427968,
  "manifest-bundle.zip": 1672939434927,
  "Component-preload.js": 1672939435641,
  "utils/locate-reuse-libs-dbg.js": 1669107427968,
  "model/models-dbg.js": 1669107427968,
  "i18n/i18n.properties": 1671785672561,
  "controller/ItemDetail-dbg.controller.js": 1669107427968,
  "controller/Details-dbg.controller.js": 1669107427968,
  "controller/BaseController-dbg.js": 1669107427968,
  "controller/App-dbg.controller.js": 1669107427968,
  "Component-dbg.js": 1669107427968,
  "view/ViewNodesCreation.fragment.xml": 1669107427968,
  "view/ViewNodes.fragment.xml": 1669107427968,
  "view/StructureNodes.fragment.xml": 1669107427968,
  "view/ItemMaster.view.xml": 1669107427968,
  "view/ItemDetail.view.xml": 1669107427968,
  "view/Details.view.xml": 1669715346700,
  "view/App.view.xml": 1669107427968,
  "view/AccesNodes.fragment.xml": 1669107427968,
  "css/style.css": 1669715346700,
  "index.html": 1669107427968
}