{
  "view/ViewNodesCreation.fragment.xml": 1661869074939,
  "controller/ItemMaster.controller.js": 1668670306145,
  "utils/locate-reuse-libs.js": 1661869074939,
  "model/models.js": 1661869074939,
  "manifest.json": 1669284264300,
  "controller/ItemDetail.controller.js": 1661869074939,
  "controller/Details.controller.js": 1668670306145,
  "controller/BaseController.js": 1661869074939,
  "controller/App.controller.js": 1661869074939,
  "Component.js": 1661869074939,
  "manifest-bundle.zip": 1669284264313,
  "Component-preload.js": 1669284264821,
  "controller/ItemMaster-dbg.controller.js": 1668670306145,
  "model/models-dbg.js": 1661869074939,
  "utils/locate-reuse-libs-dbg.js": 1661869074939,
  "controller/ItemDetail-dbg.controller.js": 1661869074939,
  "controller/Details-dbg.controller.js": 1668670306145,
  "controller/BaseController-dbg.js": 1661869074939,
  "controller/App-dbg.controller.js": 1661869074939,
  "Component-dbg.js": 1661869074939,
  "i18n/i18n.properties": 1661869074939,
  "view/ViewNodes.fragment.xml": 1661869074939,
  "view/StructureNodes.fragment.xml": 1661869074939,
  "view/ItemMaster.view.xml": 1661869074939,
  "view/ItemDetail.view.xml": 1661869074939,
  "view/Details.view.xml": 1668670306145,
  "view/App.view.xml": 1661869074939,
  "view/AccesNodes.fragment.xml": 1661869074939,
  "css/style.css": 1661869074939,
  "index.html": 1668670306145
}