{
  "utils/locate-reuse-libs.js": 1644913665040,
  "controller/ItemDetail.controller.js": 1645022715505,
  "i18n/i18n.properties": 1645042304024,
  "model/models.js": 1644913665040,
  "controller/ItemMaster.controller.js": 1645034269765,
  "manifest.json": 1645087289334,
  "controller/Details.controller.js": 1644927279562,
  "controller/BaseController.js": 1644927279562,
  "controller/App.controller.js": 1644927279558,
  "Component.js": 1644913665020,
  "manifest-bundle.zip": 1645087289352,
  "Component-preload.js": 1645087289976,
  "controller/App-dbg.controller.js": 1644927279558,
  "model/models-dbg.js": 1644913665040,
  "controller/ItemMaster-dbg.controller.js": 1645034269765,
  "controller/ItemDetail-dbg.controller.js": 1645022715505,
  "controller/Details-dbg.controller.js": 1644927279562,
  "controller/BaseController-dbg.js": 1644927279562,
  "utils/locate-reuse-libs-dbg.js": 1644913665040,
  "Component-dbg.js": 1644913665020,
  "view/ViewNodesCreation.fragment.xml": 1645016818543,
  "view/ViewNodes.fragment.xml": 1645016818543,
  "view/StructureNodes.fragment.xml": 1645016818543,
  "view/ItemMaster.view.xml": 1644927279574,
  "view/ItemDetail.view.xml": 1645016818543,
  "view/Details.view.xml": 1644927279574,
  "view/App.view.xml": 1644927279570,
  "view/AccesNodes.fragment.xml": 1645016818543,
  "css/style.css": 1645016818543,
  "index.html": 1644913665028
}