{
  "view/Details.view.xml": 1645610229849,
  "controller/ItemMaster.controller.js": 1645749377465,
  "utils/locate-reuse-libs.js": 1645610229849,
  "model/models.js": 1645610229849,
  "manifest.json": 1645786414773,
  "controller/ItemDetail.controller.js": 1645749377465,
  "controller/Details.controller.js": 1645610229849,
  "controller/BaseController.js": 1645610229849,
  "controller/App.controller.js": 1645610229849,
  "Component.js": 1645610229849,
  "manifest-bundle.zip": 1645786414785,
  "Component-preload.js": 1645786415145,
  "controller/ItemMaster-dbg.controller.js": 1645749377465,
  "model/models-dbg.js": 1645610229849,
  "utils/locate-reuse-libs-dbg.js": 1645610229849,
  "controller/ItemDetail-dbg.controller.js": 1645749377465,
  "controller/Details-dbg.controller.js": 1645610229849,
  "controller/BaseController-dbg.js": 1645610229849,
  "controller/App-dbg.controller.js": 1645610229849,
  "Component-dbg.js": 1645610229849,
  "view/ItemMaster.view.xml": 1645610229849,
  "view/ItemDetail.view.xml": 1645749377465,
  "i18n/i18n.properties": 1645610229849,
  "view/App.view.xml": 1645610229849,
  "css/style.css": 1645610229849,
  "index.html": 1645610229849
}