{
  "css/style.css": 1669715346688,
  "manifest.json": 1669804556122,
  "utils/locate-reuse-libs.js": 1669107427924,
  "model/models.js": 1669107427924,
  "controller/ItemMaster.controller.js": 1669107427920,
  "controller/ItemDetail.controller.js": 1669107427920,
  "controller/Details.controller.js": 1669107427920,
  "controller/BaseController.js": 1669107427920,
  "controller/App.controller.js": 1669107427920,
  "Component.js": 1669107427920,
  "manifest-bundle.zip": 1669804556137,
  "Component-preload.js": 1669804556601,
  "controller/Details-dbg.controller.js": 1669107427920,
  "model/models-dbg.js": 1669107427924,
  "controller/ItemMaster-dbg.controller.js": 1669107427920,
  "controller/ItemDetail-dbg.controller.js": 1669107427920,
  "utils/locate-reuse-libs-dbg.js": 1669107427924,
  "controller/BaseController-dbg.js": 1669107427920,
  "controller/App-dbg.controller.js": 1669107427920,
  "Component-dbg.js": 1669107427920,
  "view/ItemMaster.view.xml": 1669107427924,
  "view/ItemDetail.view.xml": 1669107427924,
  "view/Details.view.xml": 1669715346688,
  "view/App.view.xml": 1669107427924,
  "i18n/i18n.properties": 1669107427920,
  "index.html": 1669107427924
}