{
  "controller/ItemDetail-dbg.controller.js": 1665479929485,
  "controller/App.controller.js": 1665479929485,
  "utils/locate-reuse-libs.js": 1665479929489,
  "model/models.js": 1665479929489,
  "controller/ItemMaster.controller.js": 1666277911749,
  "controller/ItemDetail.controller.js": 1665479929485,
  "controller/Details.controller.js": 1665479929485,
  "controller/BaseController.js": 1665479929485,
  "manifest.json": 1667302628521,
  "Component.js": 1665479929485,
  "manifest-bundle.zip": 1667302628537,
  "Component-preload.js": 1667302629004,
  "i18n/i18n.properties": 1666258684104,
  "model/models-dbg.js": 1665479929489,
  "controller/ItemMaster-dbg.controller.js": 1666277911749,
  "utils/locate-reuse-libs-dbg.js": 1665479929489,
  "controller/Details-dbg.controller.js": 1665479929485,
  "controller/BaseController-dbg.js": 1665479929485,
  "controller/App-dbg.controller.js": 1665479929485,
  "Component-dbg.js": 1665479929485,
  "view/ItemMaster.view.xml": 1666258684104,
  "view/ItemDetail.view.xml": 1666258684104,
  "view/Details.view.xml": 1665479929489,
  "view/App.view.xml": 1665479929489,
  "css/style.css": 1665479929485,
  "index.html": 1665479929485
}