{
  "controller/Details.controller.js": 1643361120062,
  "controller/ItemMaster.controller.js": 1643807427647,
  "utils/locate-reuse-libs.js": 1643361120070,
  "model/models.js": 1643361120070,
  "manifest.json": 1644241165091,
  "controller/ItemDetail.controller.js": 1643807427647,
  "i18n/i18n.properties": 1643704240779,
  "controller/BaseController.js": 1643361120062,
  "controller/App.controller.js": 1643361120058,
  "Component.js": 1643361120058,
  "manifest-bundle.zip": 1644241165104,
  "Component-preload.js": 1644241165465,
  "Component-dbg.js": 1643361120058,
  "model/models-dbg.js": 1643361120070,
  "controller/ItemMaster-dbg.controller.js": 1643807427647,
  "controller/ItemDetail-dbg.controller.js": 1643807427647,
  "controller/Details-dbg.controller.js": 1643361120062,
  "controller/BaseController-dbg.js": 1643361120062,
  "controller/App-dbg.controller.js": 1643361120058,
  "utils/locate-reuse-libs-dbg.js": 1643361120070,
  "view/ItemMaster.view.xml": 1643704240779,
  "view/ItemDetail.view.xml": 1643704240779,
  "view/Details.view.xml": 1643361120074,
  "view/App.view.xml": 1643361120074,
  "css/style.css": 1643704240779,
  "index.html": 1643361120066
}