{
  "controller/ItemDetail-dbg.controller.js": 1644923555412,
  "Component.js": 1644923555412,
  "utils/locate-reuse-libs.js": 1644923555412,
  "model/models.js": 1644923555412,
  "controller/ItemMaster.controller.js": 1644923555412,
  "controller/ItemDetail.controller.js": 1644923555412,
  "controller/Details.controller.js": 1644923555412,
  "controller/BaseController.js": 1644923555412,
  "controller/App.controller.js": 1644923555412,
  "manifest.json": 1645006119585,
  "manifest-bundle.zip": 1645006119600,
  "Component-preload.js": 1645006120043,
  "model/models-dbg.js": 1644923555412,
  "utils/locate-reuse-libs-dbg.js": 1644923555412,
  "controller/ItemMaster-dbg.controller.js": 1644923555412,
  "i18n/i18n.properties": 1644923555412,
  "controller/Details-dbg.controller.js": 1644923555412,
  "controller/BaseController-dbg.js": 1644923555412,
  "controller/App-dbg.controller.js": 1644923555412,
  "Component-dbg.js": 1644923555412,
  "view/ItemMaster.view.xml": 1644923555412,
  "view/ItemDetail.view.xml": 1644923555412,
  "view/Details.view.xml": 1644923555412,
  "view/App.view.xml": 1644923555412,
  "css/style.css": 1644923555412,
  "index.html": 1644923555412
}