{
  "model/models-dbg.js": 1662042606521,
  "manifest.json": 1667565811781,
  "utils/locate-reuse-libs.js": 1662042606521,
  "model/models.js": 1662042606521,
  "controller/ItemMaster.controller.js": 1666266509011,
  "controller/ItemDetail.controller.js": 1662042606521,
  "controller/Details.controller.js": 1662042606521,
  "controller/BaseController.js": 1662042606521,
  "controller/App.controller.js": 1662042606517,
  "Component.js": 1662042606517,
  "manifest-bundle.zip": 1667565811792,
  "Component-preload.js": 1667565812193,
  "Component-dbg.js": 1662042606517,
  "i18n/i18n.properties": 1666250927814,
  "controller/ItemMaster-dbg.controller.js": 1666266509011,
  "controller/ItemDetail-dbg.controller.js": 1662042606521,
  "controller/Details-dbg.controller.js": 1662042606521,
  "controller/BaseController-dbg.js": 1662042606521,
  "controller/App-dbg.controller.js": 1662042606517,
  "utils/locate-reuse-libs-dbg.js": 1662042606521,
  "view/ItemMaster.view.xml": 1666250927814,
  "view/ItemDetail.view.xml": 1666250927814,
  "view/Details.view.xml": 1662042606521,
  "view/App.view.xml": 1662042606521,
  "css/style.css": 1662042606521,
  "index.html": 1662042606521
}