{
  "controller/BaseController.js": 1643359293498,
  "manifest.json": 1644312232788,
  "utils/locate-reuse-libs.js": 1643359293502,
  "model/models.js": 1643359293502,
  "controller/ItemMaster.controller.js": 1643780014123,
  "controller/ItemDetail.controller.js": 1643782315020,
  "controller/Details.controller.js": 1643359293498,
  "i18n/i18n.properties": 1643618279188,
  "controller/App.controller.js": 1643359293498,
  "Component.js": 1643359293498,
  "manifest-bundle.zip": 1644312232800,
  "Component-preload.js": 1644312233179,
  "controller/ItemDetail-dbg.controller.js": 1643782315020,
  "model/models-dbg.js": 1643359293502,
  "controller/ItemMaster-dbg.controller.js": 1643780014123,
  "utils/locate-reuse-libs-dbg.js": 1643359293502,
  "controller/Details-dbg.controller.js": 1643359293498,
  "controller/BaseController-dbg.js": 1643359293498,
  "controller/App-dbg.controller.js": 1643359293498,
  "Component-dbg.js": 1643359293498,
  "view/ItemMaster.view.xml": 1643618279188,
  "view/ItemDetail.view.xml": 1643618279188,
  "view/Details.view.xml": 1643359293502,
  "view/App.view.xml": 1643359293502,
  "css/style.css": 1643618279188,
  "index.html": 1643359293498
}