{
  "index.html": 1669789252853,
  "controller/App.controller.js": 1669789252853,
  "utils/locate-reuse-libs.js": 1669789252853,
  "model/models.js": 1669789252853,
  "controller/Home.controller.js": 1669789252853,
  "controller/BaseController.js": 1669789252853,
  "manifest.json": 1670237076937,
  "Utils.js": 1669789252853,
  "Component.js": 1669789252849,
  "manifest-bundle.zip": 1670237076952,
  "Component-preload.js": 1670237077406,
  "Component-dbg.js": 1669789252849,
  "model/models-dbg.js": 1669789252853,
  "controller/Home-dbg.controller.js": 1669789252853,
  "controller/BaseController-dbg.js": 1669789252853,
  "controller/App-dbg.controller.js": 1669789252853,
  "Utils-dbg.js": 1669789252853,
  "utils/locate-reuse-libs-dbg.js": 1669789252853,
  "view/ProdDialog.fragment.xml": 1669789252853,
  "view/LocDialog.fragment.xml": 1669789252853,
  "view/Home.view.xml": 1669789349686,
  "view/App.view.xml": 1669789252853,
  "css/style.css": 1669789349682,
  "i18n/i18n.properties": 1669789252853
}