{
  "Utils-dbg.js": 1661869075023,
  "model/models.js": 1661869075023,
  "utils/locate-reuse-libs.js": 1661869075023,
  "manifest.json": 1673353501006,
  "controller/Home.controller.js": 1673352436327,
  "controller/BaseController.js": 1661869075023,
  "controller/App.controller.js": 1661869075023,
  "Utils.js": 1661869075023,
  "Component.js": 1661869075023,
  "manifest-bundle.zip": 1673353501018,
  "Component-preload.js": 1673353501431,
  "Component-dbg.js": 1661869075023,
  "model/models-dbg.js": 1661869075023,
  "controller/Home-dbg.controller.js": 1673352436327,
  "controller/BaseController-dbg.js": 1661869075023,
  "controller/App-dbg.controller.js": 1661869075023,
  "i18n/i18n.properties": 1666188627130,
  "utils/locate-reuse-libs-dbg.js": 1661869075023,
  "view/ProdDialog.fragment.xml": 1661869075023,
  "view/LocDialog.fragment.xml": 1661869075023,
  "view/Home.view.xml": 1673272720967,
  "view/App.view.xml": 1661869075023,
  "css/style.css": 1671801127192,
  "index.html": 1671801127192
}