{
  "Utils.js": 1665479929709,
  "model/models.js": 1665479929709,
  "utils/locate-reuse-libs.js": 1665479929709,
  "manifest.json": 1665486698817,
  "controller/Home.controller.js": 1665479929709,
  "controller/BaseController.js": 1665479929709,
  "controller/App.controller.js": 1665479929709,
  "i18n/i18n.properties": 1665479929709,
  "Component.js": 1665479929709,
  "manifest-bundle.zip": 1665486698832,
  "Component-preload.js": 1665486699292,
  "controller/BaseController-dbg.js": 1665479929709,
  "model/models-dbg.js": 1665479929709,
  "controller/Home-dbg.controller.js": 1665479929709,
  "utils/locate-reuse-libs-dbg.js": 1665479929709,
  "controller/App-dbg.controller.js": 1665479929709,
  "Utils-dbg.js": 1665479929709,
  "Component-dbg.js": 1665479929709,
  "view/ProdDialog.fragment.xml": 1665479929709,
  "view/LocDialog.fragment.xml": 1665479929709,
  "view/Home.view.xml": 1665479929709,
  "view/App.view.xml": 1665479929709,
  "css/style.css": 1665479929709,
  "index.html": 1665479929709
}