{
  "model/models-dbg.js": 1669789252853,
  "model/models.js": 1669789252853,
  "utils/locate-reuse-libs.js": 1669789252853,
  "manifest.json": 1671620056212,
  "controller/Home.controller.js": 1670317170840,
  "controller/BaseController.js": 1669789252853,
  "controller/App.controller.js": 1669789252853,
  "Utils.js": 1669789252853,
  "Component.js": 1669789252849,
  "manifest-bundle.zip": 1671620056224,
  "Component-preload.js": 1671620056636,
  "controller/App-dbg.controller.js": 1669789252853,
  "i18n/i18n.properties": 1669789252853,
  "controller/Home-dbg.controller.js": 1670317170840,
  "controller/BaseController-dbg.js": 1669789252853,
  "utils/locate-reuse-libs-dbg.js": 1669789252853,
  "Utils-dbg.js": 1669789252853,
  "Component-dbg.js": 1669789252849,
  "view/ProdDialog.fragment.xml": 1669789252853,
  "view/LocDialog.fragment.xml": 1669789252853,
  "view/Home.view.xml": 1670317170848,
  "view/App.view.xml": 1669789252853,
  "css/style.css": 1670317170844,
  "index.html": 1669789252853
}