{
  "model/models-dbg.js": 1671100323934,
  "manifest.json": 1671200695428,
  "utils/locate-reuse-libs.js": 1671100323934,
  "model/models.js": 1671100323934,
  "controller/Home.controller.js": 1671100323934,
  "controller/BaseController.js": 1671100323934,
  "controller/App.controller.js": 1671100323934,
  "Utils.js": 1671100323934,
  "Component.js": 1671100323934,
  "manifest-bundle.zip": 1671200695440,
  "Component-preload.js": 1671200695837,
  "controller/Home-dbg.controller.js": 1671100323934,
  "i18n/i18n.properties": 1671100323934,
  "utils/locate-reuse-libs-dbg.js": 1671100323934,
  "controller/BaseController-dbg.js": 1671100323934,
  "controller/App-dbg.controller.js": 1671100323934,
  "Utils-dbg.js": 1671100323934,
  "Component-dbg.js": 1671100323934,
  "view/ProdDialog.fragment.xml": 1671100323934,
  "view/LocDialog.fragment.xml": 1671100323934,
  "view/Home.view.xml": 1671100323934,
  "view/App.view.xml": 1671100323934,
  "css/style.css": 1671100323934,
  "index.html": 1671100323934
}