{
  "i18n/i18n.properties": 1668774907824,
  "controller/App.controller.js": 1668774907824,
  "utils/locate-reuse-libs.js": 1668774907824,
  "model/models.js": 1668774907824,
  "controller/Home.controller.js": 1668774907824,
  "controller/BaseController.js": 1668774907824,
  "manifest.json": 1668776636508,
  "Utils.js": 1668774907824,
  "Component.js": 1668774907824,
  "manifest-bundle.zip": 1668776636520,
  "Component-preload.js": 1668776636922,
  "Utils-dbg.js": 1668774907824,
  "model/models-dbg.js": 1668774907824,
  "controller/Home-dbg.controller.js": 1668774907824,
  "controller/BaseController-dbg.js": 1668774907824,
  "controller/App-dbg.controller.js": 1668774907824,
  "utils/locate-reuse-libs-dbg.js": 1668774907824,
  "Component-dbg.js": 1668774907824,
  "view/ProdDialog.fragment.xml": 1668774907824,
  "view/LocDialog.fragment.xml": 1668774907824,
  "view/Home.view.xml": 1668774907824,
  "view/App.view.xml": 1668774907824,
  "css/style.css": 1668774907824,
  "index.html": 1668774907824
}