{
  "view/App.view.xml": 1665479929709,
  "Utils.js": 1665479929709,
  "utils/locate-reuse-libs.js": 1665479929709,
  "model/models.js": 1665479929709,
  "controller/Home.controller.js": 1667910898110,
  "controller/BaseController.js": 1665479929709,
  "controller/App.controller.js": 1665479929709,
  "manifest.json": 1668930913375,
  "Component.js": 1665479929709,
  "manifest-bundle.zip": 1668930913385,
  "Component-preload.js": 1668930913745,
  "controller/App-dbg.controller.js": 1665479929709,
  "model/models-dbg.js": 1665479929709,
  "controller/Home-dbg.controller.js": 1667910898110,
  "controller/BaseController-dbg.js": 1665479929709,
  "utils/locate-reuse-libs-dbg.js": 1665479929709,
  "Utils-dbg.js": 1665479929709,
  "Component-dbg.js": 1665479929709,
  "view/ProdDialog.fragment.xml": 1665479929709,
  "view/LocDialog.fragment.xml": 1665479929709,
  "view/Home.view.xml": 1667910898110,
  "i18n/i18n.properties": 1666187169448,
  "css/style.css": 1667910898110,
  "index.html": 1667910898110
}