{
  "index.html": 1667911337169,
  "utils/locate-reuse-libs.js": 1662042606669,
  "manifest.json": 1667995778811,
  "model/models.js": 1662042606669,
  "controller/Home.controller.js": 1667911337169,
  "controller/BaseController.js": 1662042606669,
  "controller/App.controller.js": 1662042606669,
  "Utils.js": 1662042606669,
  "Component.js": 1662042606669,
  "manifest-bundle.zip": 1667995778823,
  "Component-preload.js": 1667995779193,
  "controller/App-dbg.controller.js": 1662042606669,
  "model/models-dbg.js": 1662042606669,
  "controller/Home-dbg.controller.js": 1667911337169,
  "controller/BaseController-dbg.js": 1662042606669,
  "utils/locate-reuse-libs-dbg.js": 1662042606669,
  "Utils-dbg.js": 1662042606669,
  "Component-dbg.js": 1662042606669,
  "view/ProdDialog.fragment.xml": 1662042606669,
  "view/LocDialog.fragment.xml": 1662042606669,
  "view/Home.view.xml": 1667911337169,
  "view/App.view.xml": 1662042606669,
  "css/style.css": 1667911337169,
  "i18n/i18n.properties": 1666250927898
}