{
  "manifest-bundle.zip": 1663390784842,
  "model/models.js": 1661869075023,
  "utils/locate-reuse-libs.js": 1661869075023,
  "manifest.json": 1663390784830,
  "controller/Home.controller.js": 1663389922730,
  "controller/BaseController.js": 1661869075023,
  "controller/App.controller.js": 1661869075023,
  "Utils.js": 1661869075023,
  "Component.js": 1661869075023,
  "i18n/i18n.properties": 1663325350082,
  "Component-preload.js": 1663390785311,
  "model/models-dbg.js": 1661869075023,
  "utils/locate-reuse-libs-dbg.js": 1661869075023,
  "controller/Home-dbg.controller.js": 1663389922730,
  "controller/BaseController-dbg.js": 1661869075023,
  "controller/App-dbg.controller.js": 1661869075023,
  "Utils-dbg.js": 1661869075023,
  "Component-dbg.js": 1661869075023,
  "view/ProdDialog.fragment.xml": 1661869075023,
  "view/LocDialog.fragment.xml": 1661869075023,
  "view/Home.view.xml": 1663325350082,
  "view/App.view.xml": 1661869075023,
  "css/style.css": 1661869075023,
  "index.html": 1661869075023
}