{
  "Component-preload.js": 1669733033950,
  "Component.js": 1669729244199,
  "utils/locate-reuse-libs.js": 1669729244199,
  "model/models.js": 1669729244199,
  "controller/Home.controller.js": 1669729244199,
  "controller/BaseController.js": 1669729244199,
  "controller/App.controller.js": 1669729244199,
  "Utils.js": 1669729244199,
  "manifest.json": 1669733033465,
  "manifest-bundle.zip": 1669733033479,
  "i18n/i18n.properties": 1669729244199,
  "controller/BaseController-dbg.js": 1669729244199,
  "model/models-dbg.js": 1669729244199,
  "controller/Home-dbg.controller.js": 1669729244199,
  "utils/locate-reuse-libs-dbg.js": 1669729244199,
  "controller/App-dbg.controller.js": 1669729244199,
  "Utils-dbg.js": 1669729244199,
  "Component-dbg.js": 1669729244199,
  "view/ProdDialog.fragment.xml": 1669729244199,
  "view/LocDialog.fragment.xml": 1669729244199,
  "view/Home.view.xml": 1669729244199,
  "view/App.view.xml": 1669729244199,
  "css/style.css": 1669729244199,
  "index.html": 1669729244199
}