{
  "Component.js": 1659447417394,
  "model/models.js": 1659447417394,
  "utils/locate-reuse-libs.js": 1659447417394,
  "manifest.json": 1659449266570,
  "controller/Home.controller.js": 1659447417394,
  "controller/BaseController.js": 1659447417394,
  "controller/App.controller.js": 1659447417394,
  "Utils.js": 1659447417394,
  "i18n/i18n.properties": 1659447417394,
  "manifest-bundle.zip": 1659449266586,
  "Component-preload.js": 1659449266939,
  "controller/BaseController-dbg.js": 1659447417394,
  "model/models-dbg.js": 1659447417394,
  "controller/Home-dbg.controller.js": 1659447417394,
  "utils/locate-reuse-libs-dbg.js": 1659447417394,
  "controller/App-dbg.controller.js": 1659447417394,
  "Utils-dbg.js": 1659447417394,
  "Component-dbg.js": 1659447417394,
  "view/ProdDialog.fragment.xml": 1659447417394,
  "view/LocDialog.fragment.xml": 1659447417394,
  "view/Home.view.xml": 1659447417394,
  "view/App.view.xml": 1659447417394,
  "css/style.css": 1659447417394,
  "index.html": 1659447417394
}