{
  "i18n/i18n.properties": 1666693187786,
  "Component.js": 1661440197855,
  "utils/locate-reuse-libs.js": 1661440197855,
  "model/models.js": 1661440197855,
  "controller/Home.controller.js": 1672133504905,
  "controller/BaseController.js": 1661440197855,
  "controller/App.controller.js": 1661440197855,
  "Utils.js": 1661440197855,
  "manifest.json": 1672238131826,
  "manifest-bundle.zip": 1672238131838,
  "Component-preload.js": 1672238132283,
  "model/models-dbg.js": 1661440197855,
  "utils/locate-reuse-libs-dbg.js": 1661440197855,
  "controller/Home-dbg.controller.js": 1672133504905,
  "controller/BaseController-dbg.js": 1661440197855,
  "controller/App-dbg.controller.js": 1661440197855,
  "Utils-dbg.js": 1661440197855,
  "Component-dbg.js": 1661440197855,
  "view/ProdDialog.fragment.xml": 1661440197855,
  "view/LocDialog.fragment.xml": 1661440197855,
  "view/Home.view.xml": 1672133504909,
  "view/App.view.xml": 1661440197855,
  "css/style.css": 1671779536892,
  "index.html": 1671779536892
}