{
  "i18n/i18n.properties": 1654077151942,
  "controller/App.controller.js": 1649242317030,
  "model/models.js": 1649242317030,
  "controller/Home.controller.js": 1654054814203,
  "controller/BaseController.js": 1649242317030,
  "manifest.json": 1655838413895,
  "Component.js": 1649242317030,
  "manifest-bundle.zip": 1655838413906,
  "Component-preload.js": 1655838414382,
  "controller/BaseController-dbg.js": 1649242317030,
  "controller/Home-dbg.controller.js": 1654054814203,
  "model/models-dbg.js": 1649242317030,
  "controller/App-dbg.controller.js": 1649242317030,
  "Component-dbg.js": 1649242317030,
  "view/VersionDialog.fragment.xml": 1649242317030,
  "view/StructureNodeDialog.fragment.xml": 1649242317030,
  "view/ScenarioDialog.fragment.xml": 1649242317030,
  "view/ProdDialog.fragment.xml": 1649242317030,
  "view/LocDialog.fragment.xml": 1649242317030,
  "view/Home.view.xml": 1654054814203,
  "view/ComponentDialog.fragment.xml": 1649242317030,
  "view/CompODBreakdown.fragment.xml": 1649758051726,
  "view/App.view.xml": 1649758051726,
  "css/style.css": 1654054814203,
  "index.html": 1650284406967
}