{
  "controller/Home.controller.js": 1669877983937,
  "controller/BaseController.js": 1661440197811,
  "model/models.js": 1661440197811,
  "i18n/i18n.properties": 1666693187702,
  "manifest.json": 1669964788805,
  "controller/App.controller.js": 1661440197811,
  "Component.js": 1661440197811,
  "manifest-bundle.zip": 1669964788818,
  "Component-preload.js": 1669964789282,
  "controller/App-dbg.controller.js": 1661440197811,
  "controller/Home-dbg.controller.js": 1669877983937,
  "controller/BaseController-dbg.js": 1661440197811,
  "model/models-dbg.js": 1661440197811,
  "Component-dbg.js": 1661440197811,
  "view/VersionDialog.fragment.xml": 1661440197811,
  "view/StructureNodeDialog.fragment.xml": 1661440197811,
  "view/ScenarioDialog.fragment.xml": 1661440197811,
  "view/ProdDialog.fragment.xml": 1661440197811,
  "view/LocDialog.fragment.xml": 1661440197811,
  "view/Home.view.xml": 1669373302174,
  "view/ComponentDialog.fragment.xml": 1661440197811,
  "view/CompODBreakdown.fragment.xml": 1661440197811,
  "view/App.view.xml": 1661440197811,
  "css/style.css": 1669372986742,
  "index.html": 1667546481214
}