{
  "view/LocDialog.fragment.xml": 1649242317030,
  "controller/Home.controller.js": 1649242317030,
  "model/models.js": 1649242317030,
  "manifest.json": 1649621852378,
  "controller/BaseController.js": 1649242317030,
  "controller/App.controller.js": 1649242317030,
  "Component.js": 1649242317030,
  "manifest-bundle.zip": 1649621852392,
  "Component-preload.js": 1649621852883,
  "Component-dbg.js": 1649242317030,
  "controller/Home-dbg.controller.js": 1649242317030,
  "controller/BaseController-dbg.js": 1649242317030,
  "controller/App-dbg.controller.js": 1649242317030,
  "model/models-dbg.js": 1649242317030,
  "view/VersionDialog.fragment.xml": 1649242317030,
  "view/StructureNodeDialog.fragment.xml": 1649242317030,
  "view/ScenarioDialog.fragment.xml": 1649242317030,
  "view/ProdDialog.fragment.xml": 1649242317030,
  "i18n/i18n.properties": 1649242317030,
  "view/Home.view.xml": 1649248548772,
  "view/ComponentDialog.fragment.xml": 1649242317030,
  "view/CompODBreakdown.fragment.xml": 1649242317030,
  "view/App.view.xml": 1649242317030,
  "css/style.css": 1649242317030,
  "index.html": 1649242317030
}