{
  "view/CompODBreakdown.fragment.xml": 1648611174672,
  "controller/BaseController.js": 1648611174668,
  "model/models.js": 1648611174672,
  "controller/Home.controller.js": 1648611174668,
  "manifest.json": 1648641791550,
  "controller/App.controller.js": 1648611174668,
  "Component.js": 1648611174668,
  "manifest-bundle.zip": 1648641791572,
  "Component-preload.js": 1648641792911,
  "controller/BaseController-dbg.js": 1648611174668,
  "controller/Home-dbg.controller.js": 1648611174668,
  "controller/App-dbg.controller.js": 1648611174668,
  "model/models-dbg.js": 1648611174672,
  "Component-dbg.js": 1648611174668,
  "view/VersionDialog.fragment.xml": 1648611174672,
  "view/StructureNodeDialog.fragment.xml": 1648611174672,
  "view/ScenarioDialog.fragment.xml": 1648611174672,
  "view/ProdDialog.fragment.xml": 1648611174672,
  "view/LocDialog.fragment.xml": 1648611174672,
  "view/Home.view.xml": 1648611174672,
  "view/ComponentDialog.fragment.xml": 1648611174672,
  "i18n/i18n.properties": 1648611174668,
  "view/App.view.xml": 1648611174672,
  "css/style.css": 1648611174668,
  "index.html": 1648611174672
}