{
  "controller/BaseController.js": 1662042606601,
  "manifest.json": 1668070655816,
  "model/models.js": 1662042606605,
  "controller/Home.controller.js": 1667911337117,
  "i18n/i18n.properties": 1666250927850,
  "controller/App.controller.js": 1662042606601,
  "Component.js": 1662042606601,
  "manifest-bundle.zip": 1668070655836,
  "Component-preload.js": 1668070656456,
  "model/models-dbg.js": 1662042606605,
  "controller/Home-dbg.controller.js": 1667911337117,
  "controller/BaseController-dbg.js": 1662042606601,
  "controller/App-dbg.controller.js": 1662042606601,
  "Component-dbg.js": 1662042606601,
  "view/VersionDialog.fragment.xml": 1662042606605,
  "view/StructureNodeDialog.fragment.xml": 1662042606605,
  "view/ScenarioDialog.fragment.xml": 1662042606605,
  "view/ProdDialog.fragment.xml": 1662042606605,
  "view/LocDialog.fragment.xml": 1662042606605,
  "view/Home.view.xml": 1667911337117,
  "view/ComponentDialog.fragment.xml": 1662042606605,
  "view/CompODBreakdown.fragment.xml": 1662042606605,
  "view/App.view.xml": 1662042606605,
  "css/style.css": 1667911337117,
  "index.html": 1667911337117
}