{
  "view/ComponentDialog.fragment.xml": 1646127273937,
  "Component.js": 1645966219371,
  "model/models.js": 1645966219387,
  "controller/Home.controller.js": 1646388818045,
  "controller/BaseController.js": 1645967882473,
  "controller/App.controller.js": 1645968103357,
  "manifest.json": 1646397169664,
  "manifest-bundle.zip": 1646397169682,
  "Component-preload.js": 1646397170245,
  "controller/Home-dbg.controller.js": 1646388818045,
  "model/models-dbg.js": 1645966219387,
  "controller/BaseController-dbg.js": 1645967882473,
  "controller/App-dbg.controller.js": 1645968103357,
  "Component-dbg.js": 1645966219371,
  "view/VersionDialog.fragment.xml": 1646127273937,
  "view/StructureNodeDialog.fragment.xml": 1646150601854,
  "view/ScenarioDialog.fragment.xml": 1646127273937,
  "view/ProdDialog.fragment.xml": 1646127273937,
  "view/LocDialog.fragment.xml": 1646047969323,
  "view/Home.view.xml": 1646227732677,
  "i18n/i18n.properties": 1646216212479,
  "view/App.view.xml": 1645967409404,
  "css/style.css": 1646209872781,
  "index.html": 1645966219383
}