{
  "manifest-bundle.zip": 1667565914399,
  "controller/App.controller.js": 1662042606601,
  "model/models.js": 1662042606605,
  "controller/Home.controller.js": 1665407065710,
  "controller/BaseController.js": 1662042606601,
  "manifest.json": 1667565914386,
  "Component.js": 1662042606601,
  "i18n/i18n.properties": 1666250927850,
  "Component-preload.js": 1667565914921,
  "controller/Home-dbg.controller.js": 1665407065710,
  "model/models-dbg.js": 1662042606605,
  "controller/BaseController-dbg.js": 1662042606601,
  "controller/App-dbg.controller.js": 1662042606601,
  "Component-dbg.js": 1662042606601,
  "view/VersionDialog.fragment.xml": 1662042606605,
  "view/StructureNodeDialog.fragment.xml": 1662042606605,
  "view/ScenarioDialog.fragment.xml": 1662042606605,
  "view/ProdDialog.fragment.xml": 1662042606605,
  "view/LocDialog.fragment.xml": 1662042606605,
  "view/Home.view.xml": 1666250927850,
  "view/ComponentDialog.fragment.xml": 1662042606605,
  "view/CompODBreakdown.fragment.xml": 1662042606605,
  "view/App.view.xml": 1662042606605,
  "css/style.css": 1662042606601,
  "index.html": 1662042606601
}