{
  "view/VersionDialog.fragment.xml": 1646127273937,
  "manifest.json": 1646749238381,
  "model/models.js": 1645966219387,
  "controller/Home.controller.js": 1646746432535,
  "controller/BaseController.js": 1645967882473,
  "controller/App.controller.js": 1645968103357,
  "Component.js": 1645966219371,
  "manifest-bundle.zip": 1646749238415,
  "Component-preload.js": 1646749238970,
  "controller/Home-dbg.controller.js": 1646746432535,
  "model/models-dbg.js": 1645966219387,
  "controller/BaseController-dbg.js": 1645967882473,
  "controller/App-dbg.controller.js": 1645968103357,
  "Component-dbg.js": 1645966219371,
  "i18n/i18n.properties": 1646662462776,
  "view/StructureNodeDialog.fragment.xml": 1646150601854,
  "view/ScenarioDialog.fragment.xml": 1646127273937,
  "view/ProdDialog.fragment.xml": 1646127273937,
  "view/LocDialog.fragment.xml": 1646047969323,
  "view/Home.view.xml": 1646746683745,
  "view/ComponentDialog.fragment.xml": 1646127273937,
  "view/CompODBreakdown.fragment.xml": 1646738978876,
  "view/App.view.xml": 1645967409404,
  "css/style.css": 1646556043600,
  "index.html": 1645966219383
}