{
  "manifest.json": 1664783634288,
  "i18n/i18n.properties": 1661869074983,
  "model/models.js": 1661869074983,
  "controller/Home.controller.js": 1664356525562,
  "controller/BaseController.js": 1661869074983,
  "controller/App.controller.js": 1661869074983,
  "Component.js": 1661869074983,
  "manifest-bundle.zip": 1664783634297,
  "Component-preload.js": 1664783634647,
  "Component-dbg.js": 1661869074983,
  "controller/Home-dbg.controller.js": 1664356525562,
  "controller/BaseController-dbg.js": 1661869074983,
  "controller/App-dbg.controller.js": 1661869074983,
  "model/models-dbg.js": 1661869074983,
  "view/VersionDialog.fragment.xml": 1661869074983,
  "view/StructureNodeDialog.fragment.xml": 1661869074983,
  "view/ScenarioDialog.fragment.xml": 1661869074983,
  "view/ProdDialog.fragment.xml": 1661869074983,
  "view/LocDialog.fragment.xml": 1661869074983,
  "view/Home.view.xml": 1661869074983,
  "view/ComponentDialog.fragment.xml": 1661869074983,
  "view/CompODBreakdown.fragment.xml": 1661869074983,
  "view/App.view.xml": 1661869074983,
  "css/style.css": 1661869074983,
  "index.html": 1661869074983
}