{
  "manifest.json": 1668075744295,
  "controller/Home.controller.js": 1667910898090,
  "model/models.js": 1665479929589,
  "i18n/i18n.properties": 1666258684156,
  "controller/BaseController.js": 1665479929589,
  "controller/App.controller.js": 1665479929589,
  "Component.js": 1665479929589,
  "manifest-bundle.zip": 1668075744309,
  "Component-preload.js": 1668075744806,
  "controller/App-dbg.controller.js": 1665479929589,
  "controller/Home-dbg.controller.js": 1667910898090,
  "controller/BaseController-dbg.js": 1665479929589,
  "model/models-dbg.js": 1665479929589,
  "Component-dbg.js": 1665479929589,
  "view/VersionDialog.fragment.xml": 1665479929589,
  "view/StructureNodeDialog.fragment.xml": 1665479929589,
  "view/ScenarioDialog.fragment.xml": 1665479929589,
  "view/ProdDialog.fragment.xml": 1665479929589,
  "view/LocDialog.fragment.xml": 1665479929589,
  "view/Home.view.xml": 1667910898090,
  "view/ComponentDialog.fragment.xml": 1665479929589,
  "view/CompODBreakdown.fragment.xml": 1665479929589,
  "view/App.view.xml": 1665479929589,
  "css/style.css": 1667910898090,
  "index.html": 1667910898090
}