{
  "view/App.view.xml": 1665479929589,
  "controller/App.controller.js": 1665479929589,
  "model/models.js": 1665479929589,
  "controller/Home.controller.js": 1665479929589,
  "controller/BaseController.js": 1665479929589,
  "manifest.json": 1665566903851,
  "Component.js": 1665479929589,
  "manifest-bundle.zip": 1665566903870,
  "Component-preload.js": 1665566904454,
  "controller/Home-dbg.controller.js": 1665479929589,
  "model/models-dbg.js": 1665479929589,
  "controller/BaseController-dbg.js": 1665479929589,
  "controller/App-dbg.controller.js": 1665479929589,
  "Component-dbg.js": 1665479929589,
  "view/VersionDialog.fragment.xml": 1665479929589,
  "view/StructureNodeDialog.fragment.xml": 1665479929589,
  "view/ScenarioDialog.fragment.xml": 1665479929589,
  "view/ProdDialog.fragment.xml": 1665479929589,
  "view/LocDialog.fragment.xml": 1665479929589,
  "view/Home.view.xml": 1665479929589,
  "view/ComponentDialog.fragment.xml": 1665479929589,
  "view/CompODBreakdown.fragment.xml": 1665479929589,
  "i18n/i18n.properties": 1665479929589,
  "css/style.css": 1665479929589,
  "index.html": 1665479929589
}