{
  "view/StructureNodeDialog.fragment.xml": 1668774907612,
  "controller/App.controller.js": 1668774907612,
  "model/models.js": 1668774907612,
  "controller/Home.controller.js": 1668774907612,
  "controller/BaseController.js": 1668774907612,
  "manifest.json": 1668776525491,
  "Component.js": 1668774907612,
  "manifest-bundle.zip": 1668776525508,
  "Component-preload.js": 1668776526168,
  "Component-dbg.js": 1668774907612,
  "controller/Home-dbg.controller.js": 1668774907612,
  "controller/BaseController-dbg.js": 1668774907612,
  "controller/App-dbg.controller.js": 1668774907612,
  "model/models-dbg.js": 1668774907612,
  "view/VersionDialog.fragment.xml": 1668774907612,
  "i18n/i18n.properties": 1668774907612,
  "view/ScenarioDialog.fragment.xml": 1668774907612,
  "view/ProdDialog.fragment.xml": 1668774907612,
  "view/LocDialog.fragment.xml": 1668774907612,
  "view/Home.view.xml": 1668774907612,
  "view/ComponentDialog.fragment.xml": 1668774907612,
  "view/CompODBreakdown.fragment.xml": 1668774907612,
  "view/App.view.xml": 1668774907612,
  "css/style.css": 1668774907612,
  "index.html": 1668774907612
}