{
  "view/App.view.xml": 1665479929553,
  "manifest.json": 1667904921510,
  "utils/locate-reuse-libs.js": 1665479929553,
  "model/models.js": 1665479929553,
  "controller/Home.controller.js": 1665479929553,
  "controller/Detail.controller.js": 1665479929553,
  "controller/BaseController.js": 1665479929553,
  "controller/App.controller.js": 1665479929553,
  "Component.js": 1665479929553,
  "manifest-bundle.zip": 1667904921529,
  "Component-preload.js": 1667904921968,
  "controller/BaseController-dbg.js": 1665479929553,
  "model/models-dbg.js": 1665479929553,
  "controller/Home-dbg.controller.js": 1665479929553,
  "controller/Detail-dbg.controller.js": 1665479929553,
  "utils/locate-reuse-libs-dbg.js": 1665479929553,
  "controller/App-dbg.controller.js": 1665479929553,
  "Component-dbg.js": 1665479929553,
  "view/ProdDialog.fragment.xml": 1665479929553,
  "view/LocDialog.fragment.xml": 1665479929553,
  "view/Home.view.xml": 1666258684128,
  "view/Detail.view.xml": 1665479929553,
  "i18n/i18n.properties": 1666258684128,
  "css/style.css": 1665479929553,
  "index.html": 1665479929553
}