{
  "manifest-bundle.zip": 1669732897202,
  "Component.js": 1669729244019,
  "utils/locate-reuse-libs.js": 1669729244019,
  "model/models.js": 1669729244019,
  "controller/Home.controller.js": 1669729244019,
  "controller/Detail.controller.js": 1669729244019,
  "controller/BaseController.js": 1669729244019,
  "controller/App.controller.js": 1669729244019,
  "manifest.json": 1669732897191,
  "i18n/i18n.properties": 1669729244019,
  "Component-preload.js": 1669732897536,
  "model/models-dbg.js": 1669729244019,
  "utils/locate-reuse-libs-dbg.js": 1669729244019,
  "controller/Home-dbg.controller.js": 1669729244019,
  "controller/Detail-dbg.controller.js": 1669729244019,
  "controller/BaseController-dbg.js": 1669729244019,
  "controller/App-dbg.controller.js": 1669729244019,
  "Component-dbg.js": 1669729244019,
  "view/ProdDialog.fragment.xml": 1669729244023,
  "view/LocDialog.fragment.xml": 1669729244019,
  "view/Home.view.xml": 1669729244019,
  "view/Detail.view.xml": 1669729244019,
  "view/App.view.xml": 1669729244019,
  "css/style.css": 1669729244019,
  "index.html": 1669729244019
}