{
  "controller/BaseController.js": 1661440197787,
  "manifest.json": 1669964617649,
  "utils/locate-reuse-libs.js": 1661440197787,
  "model/models.js": 1661440197787,
  "controller/Home.controller.js": 1667546248156,
  "controller/Detail.controller.js": 1661440197787,
  "i18n/i18n.properties": 1666693187678,
  "controller/App.controller.js": 1661440197787,
  "Component.js": 1661440197787,
  "manifest-bundle.zip": 1669964617661,
  "Component-preload.js": 1669964618063,
  "Component-dbg.js": 1661440197787,
  "model/models-dbg.js": 1661440197787,
  "controller/Home-dbg.controller.js": 1667546248156,
  "controller/Detail-dbg.controller.js": 1661440197787,
  "controller/BaseController-dbg.js": 1661440197787,
  "controller/App-dbg.controller.js": 1661440197787,
  "utils/locate-reuse-libs-dbg.js": 1661440197787,
  "view/ProdDialog.fragment.xml": 1661440197787,
  "view/LocDialog.fragment.xml": 1667802064890,
  "view/Home.view.xml": 1669275633477,
  "view/Detail.view.xml": 1661440197787,
  "view/App.view.xml": 1661440197787,
  "css/style.css": 1669275668925,
  "index.html": 1667546238112
}