{
  "view/LocDialog.fragment.xml": 1654124337190,
  "utils/locate-reuse-libs.js": 1654124337190,
  "manifest.json": 1654127176710,
  "model/models.js": 1654124337190,
  "controller/Home.controller.js": 1654124337018,
  "controller/Detail.controller.js": 1654124337018,
  "controller/BaseController.js": 1654124337018,
  "controller/App.controller.js": 1654124337018,
  "Component.js": 1654124337018,
  "manifest-bundle.zip": 1654127176724,
  "Component-preload.js": 1654127177089,
  "controller/Detail-dbg.controller.js": 1654124337018,
  "model/models-dbg.js": 1654124337190,
  "controller/Home-dbg.controller.js": 1654124337018,
  "utils/locate-reuse-libs-dbg.js": 1654124337190,
  "controller/BaseController-dbg.js": 1654124337018,
  "controller/App-dbg.controller.js": 1654124337018,
  "Component-dbg.js": 1654124337018,
  "view/ProdDialog.fragment.xml": 1654124337190,
  "i18n/i18n.properties": 1654124337018,
  "view/Home.view.xml": 1654124337190,
  "view/Detail.view.xml": 1654124337190,
  "view/App.view.xml": 1654124337190,
  "css/style.css": 1654124337018,
  "index.html": 1654124337018
}