{
  "controller/App.controller.js": 1644393225892,
  "manifest.json": 1644843274474,
  "utils/locate-reuse-libs.js": 1644393225896,
  "model/models.js": 1644393225896,
  "controller/Home.controller.js": 1644408444274,
  "controller/Detail.controller.js": 1644393225892,
  "controller/BaseController.js": 1644393225892,
  "i18n/i18n.properties": 1644838220866,
  "Component.js": 1644393225892,
  "manifest-bundle.zip": 1644843274489,
  "Component-preload.js": 1644843274919,
  "Component-dbg.js": 1644393225892,
  "model/models-dbg.js": 1644393225896,
  "controller/Home-dbg.controller.js": 1644408444274,
  "controller/Detail-dbg.controller.js": 1644393225892,
  "controller/BaseController-dbg.js": 1644393225892,
  "controller/App-dbg.controller.js": 1644393225892,
  "utils/locate-reuse-libs-dbg.js": 1644393225896,
  "view/Home.view.xml": 1644393225896,
  "view/Detail.view.xml": 1644416274842,
  "view/App.view.xml": 1644393225896,
  "css/style.css": 1644416274842,
  "index.html": 1644393225892
}