{
  "controller/Detail-dbg.controller.js": 1665479929553,
  "Component.js": 1665479929553,
  "utils/locate-reuse-libs.js": 1665479929553,
  "model/models.js": 1665479929553,
  "controller/Home.controller.js": 1671784730160,
  "controller/Detail.controller.js": 1665479929553,
  "controller/BaseController.js": 1665479929553,
  "controller/App.controller.js": 1665479929553,
  "manifest.json": 1672064825901,
  "manifest-bundle.zip": 1672064825919,
  "Component-preload.js": 1672064826586,
  "Component-dbg.js": 1665479929553,
  "i18n/i18n.properties": 1666258684128,
  "controller/BaseController-dbg.js": 1665479929553,
  "controller/App-dbg.controller.js": 1665479929553,
  "utils/locate-reuse-libs-dbg.js": 1665479929553,
  "model/models-dbg.js": 1665479929553,
  "controller/Home-dbg.controller.js": 1671784730160,
  "view/VariantNames.fragment.xml": 1671784730160,
  "view/ShowVariants.fragment.xml": 1671784730160,
  "view/ProdDialog.fragment.xml": 1665479929553,
  "view/NameVariant.fragment.xml": 1671784730160,
  "view/LocDialog.fragment.xml": 1667910898074,
  "view/Home.view.xml": 1671784730160,
  "view/Detail.view.xml": 1665479929553,
  "view/App.view.xml": 1665479929553,
  "css/style.css": 1671784730160,
  "index.html": 1667910898074
}