{
  "i18n/i18n.properties": 1653838842775,
  "manifest.json": 1654000949947,
  "utils/locate-reuse-libs.js": 1653838842907,
  "model/models.js": 1653838842907,
  "controller/Home.controller.js": 1653838842775,
  "controller/Detail.controller.js": 1653838842775,
  "controller/BaseController.js": 1653838842775,
  "controller/App.controller.js": 1653838842775,
  "Component.js": 1653838842775,
  "manifest-bundle.zip": 1654000949962,
  "Component-preload.js": 1654000950418,
  "controller/Home-dbg.controller.js": 1653838842775,
  "model/models-dbg.js": 1653838842907,
  "utils/locate-reuse-libs-dbg.js": 1653838842907,
  "controller/Detail-dbg.controller.js": 1653838842775,
  "controller/BaseController-dbg.js": 1653838842775,
  "controller/App-dbg.controller.js": 1653838842775,
  "Component-dbg.js": 1653838842775,
  "view/ProdDialog.fragment.xml": 1653838842907,
  "view/LocDialog.fragment.xml": 1653838842907,
  "view/Home.view.xml": 1653838842907,
  "view/Detail.view.xml": 1653838842907,
  "view/App.view.xml": 1653838842907,
  "css/style.css": 1653838842775,
  "index.html": 1653838842775
}