{
  "controller/App-dbg.controller.js": 1655901764639,
  "manifest.json": 1657882417862,
  "utils/locate-reuse-libs.js": 1655901764639,
  "model/models.js": 1655901764639,
  "controller/Home.controller.js": 1655901764639,
  "controller/Detail.controller.js": 1655901764639,
  "controller/BaseController.js": 1655901764639,
  "controller/App.controller.js": 1655901764639,
  "Component.js": 1655901764639,
  "manifest-bundle.zip": 1657882417875,
  "Component-preload.js": 1657882418270,
  "Component-dbg.js": 1655901764639,
  "model/models-dbg.js": 1655901764639,
  "controller/Home-dbg.controller.js": 1655901764639,
  "controller/Detail-dbg.controller.js": 1655901764639,
  "controller/BaseController-dbg.js": 1655901764639,
  "i18n/i18n.properties": 1655901764639,
  "utils/locate-reuse-libs-dbg.js": 1655901764639,
  "view/ProdDialog.fragment.xml": 1655901764639,
  "view/LocDialog.fragment.xml": 1655901764639,
  "view/Home.view.xml": 1655901764639,
  "view/Detail.view.xml": 1655901764639,
  "view/App.view.xml": 1655901764639,
  "css/style.css": 1655901764639,
  "index.html": 1655901764639
}