{
  "view/Detail.view.xml": 1659447417326,
  "controller/Detail.controller.js": 1659447417326,
  "utils/locate-reuse-libs.js": 1659447417326,
  "model/models.js": 1659447417326,
  "controller/Home.controller.js": 1659447417326,
  "manifest.json": 1665401077232,
  "controller/BaseController.js": 1659447417326,
  "controller/App.controller.js": 1659447417326,
  "Component.js": 1659447417326,
  "manifest-bundle.zip": 1665401077251,
  "Component-preload.js": 1665401077747,
  "controller/BaseController-dbg.js": 1659447417326,
  "model/models-dbg.js": 1659447417326,
  "controller/Home-dbg.controller.js": 1659447417326,
  "controller/Detail-dbg.controller.js": 1659447417326,
  "utils/locate-reuse-libs-dbg.js": 1659447417326,
  "controller/App-dbg.controller.js": 1659447417326,
  "Component-dbg.js": 1659447417326,
  "view/ProdDialog.fragment.xml": 1659447417326,
  "view/LocDialog.fragment.xml": 1659447417326,
  "view/Home.view.xml": 1659447417326,
  "i18n/i18n.properties": 1659447417326,
  "view/App.view.xml": 1659447417326,
  "css/style.css": 1659447417326,
  "index.html": 1659447417326
}