{
  "i18n/i18n.properties": 1666180994786,
  "utils/locate-reuse-libs.js": 1661869074963,
  "manifest.json": 1669624998676,
  "model/models.js": 1661869074963,
  "controller/Home.controller.js": 1668670306169,
  "controller/Detail.controller.js": 1661869074959,
  "controller/BaseController.js": 1661869074959,
  "controller/App.controller.js": 1661869074959,
  "Component.js": 1661869074959,
  "manifest-bundle.zip": 1669624998689,
  "Component-preload.js": 1669624999040,
  "controller/Detail-dbg.controller.js": 1661869074959,
  "model/models-dbg.js": 1661869074963,
  "controller/Home-dbg.controller.js": 1668670306169,
  "utils/locate-reuse-libs-dbg.js": 1661869074963,
  "controller/BaseController-dbg.js": 1661869074959,
  "controller/App-dbg.controller.js": 1661869074959,
  "Component-dbg.js": 1661869074959,
  "view/ProdDialog.fragment.xml": 1661869074963,
  "view/LocDialog.fragment.xml": 1668670306169,
  "view/Home.view.xml": 1669364937913,
  "view/Detail.view.xml": 1661869074963,
  "view/App.view.xml": 1661869074963,
  "css/style.css": 1669364937913,
  "index.html": 1668670306169
}