{
  "controller/App.controller.js": 1644393225892,
  "Component.js": 1644393225892,
  "utils/locate-reuse-libs.js": 1644393225896,
  "model/models.js": 1644393225896,
  "controller/Home.controller.js": 1646761921031,
  "controller/Detail.controller.js": 1646556043600,
  "controller/BaseController.js": 1644393225892,
  "i18n/i18n.properties": 1646762486952,
  "manifest.json": 1648138338628,
  "manifest-bundle.zip": 1648138338640,
  "Component-preload.js": 1648138339005,
  "controller/App-dbg.controller.js": 1644393225892,
  "model/models-dbg.js": 1644393225896,
  "controller/Home-dbg.controller.js": 1646761921031,
  "controller/Detail-dbg.controller.js": 1646556043600,
  "controller/BaseController-dbg.js": 1644393225892,
  "utils/locate-reuse-libs-dbg.js": 1644393225896,
  "Component-dbg.js": 1644393225892,
  "view/ProdDialog.fragment.xml": 1645633785925,
  "view/LocDialog.fragment.xml": 1645633785925,
  "view/Home.view.xml": 1646761921031,
  "view/Detail.view.xml": 1646761921031,
  "view/App.view.xml": 1644393225896,
  "css/style.css": 1646556043600,
  "index.html": 1644393225892
}