{
  "view/Home.view.xml": 1669715346708,
  "utils/locate-reuse-libs.js": 1669107428008,
  "manifest.json": 1669794338893,
  "model/models.js": 1669107428008,
  "controller/Home.controller.js": 1669107428004,
  "controller/Detail.controller.js": 1669107428004,
  "controller/BaseController.js": 1669107428004,
  "controller/App.controller.js": 1669107428004,
  "Component.js": 1669107428004,
  "manifest-bundle.zip": 1669794338904,
  "Component-preload.js": 1669794339258,
  "Component-dbg.js": 1669107428004,
  "model/models-dbg.js": 1669107428008,
  "controller/Home-dbg.controller.js": 1669107428004,
  "controller/Detail-dbg.controller.js": 1669107428004,
  "controller/BaseController-dbg.js": 1669107428004,
  "controller/App-dbg.controller.js": 1669107428004,
  "utils/locate-reuse-libs-dbg.js": 1669107428008,
  "view/ProdDialog.fragment.xml": 1669107428008,
  "view/LocDialog.fragment.xml": 1669107428008,
  "i18n/i18n.properties": 1669107428004,
  "view/Detail.view.xml": 1669107428008,
  "view/App.view.xml": 1669107428008,
  "css/style.css": 1669715346708,
  "index.html": 1669107428004
}