{
  "Component-dbg.js": 1668774907576,
  "utils/locate-reuse-libs.js": 1668774907580,
  "manifest.json": 1668776459475,
  "model/models.js": 1668774907580,
  "controller/Home.controller.js": 1668774907576,
  "controller/Detail.controller.js": 1668774907576,
  "controller/BaseController.js": 1668774907576,
  "controller/App.controller.js": 1668774907576,
  "Component.js": 1668774907576,
  "manifest-bundle.zip": 1668776459487,
  "Component-preload.js": 1668776459864,
  "controller/Home-dbg.controller.js": 1668774907576,
  "model/models-dbg.js": 1668774907580,
  "utils/locate-reuse-libs-dbg.js": 1668774907580,
  "controller/Detail-dbg.controller.js": 1668774907576,
  "controller/BaseController-dbg.js": 1668774907576,
  "controller/App-dbg.controller.js": 1668774907576,
  "i18n/i18n.properties": 1668774907576,
  "view/ProdDialog.fragment.xml": 1668774907580,
  "view/LocDialog.fragment.xml": 1668774907580,
  "view/Home.view.xml": 1668774907580,
  "view/Detail.view.xml": 1668774907580,
  "view/App.view.xml": 1668774907580,
  "css/style.css": 1668774907576,
  "index.html": 1668774907576
}