{
  "css/style.css": 1654686743144,
  "Component.js": 1654686743144,
  "utils/locate-reuse-libs.js": 1654686743144,
  "model/models.js": 1654686743144,
  "controller/Home.controller.js": 1654686743144,
  "controller/Detail.controller.js": 1654686743144,
  "controller/BaseController.js": 1654686743144,
  "controller/App.controller.js": 1654686743144,
  "manifest.json": 1654763587473,
  "manifest-bundle.zip": 1654763587489,
  "Component-preload.js": 1654763587901,
  "utils/locate-reuse-libs-dbg.js": 1654686743144,
  "model/models-dbg.js": 1654686743144,
  "controller/Home-dbg.controller.js": 1654686743144,
  "controller/Detail-dbg.controller.js": 1654686743144,
  "controller/BaseController-dbg.js": 1654686743144,
  "controller/App-dbg.controller.js": 1654686743144,
  "Component-dbg.js": 1654686743144,
  "view/ProdDialog.fragment.xml": 1654686743144,
  "view/LocDialog.fragment.xml": 1654686743144,
  "view/Home.view.xml": 1654686743144,
  "view/Detail.view.xml": 1654686743144,
  "view/App.view.xml": 1654686743144,
  "i18n/i18n.properties": 1654686743144,
  "index.html": 1654686743144
}