{
  "i18n/i18n.properties": 1671100323702,
  "Component.js": 1671100323702,
  "utils/locate-reuse-libs.js": 1671100323702,
  "model/models.js": 1671100323702,
  "controller/Home.controller.js": 1671100323702,
  "controller/Detail.controller.js": 1671100323702,
  "controller/BaseController.js": 1671100323702,
  "controller/App.controller.js": 1671100323702,
  "manifest.json": 1671200460648,
  "manifest-bundle.zip": 1671200460672,
  "Component-preload.js": 1671200461256,
  "Component-dbg.js": 1671100323702,
  "model/models-dbg.js": 1671100323702,
  "controller/Home-dbg.controller.js": 1671100323702,
  "controller/Detail-dbg.controller.js": 1671100323702,
  "controller/BaseController-dbg.js": 1671100323702,
  "controller/App-dbg.controller.js": 1671100323702,
  "utils/locate-reuse-libs-dbg.js": 1671100323702,
  "view/ProdDialog.fragment.xml": 1671100323702,
  "view/LocDialog.fragment.xml": 1671100323702,
  "view/Home.view.xml": 1671100323702,
  "view/Detail.view.xml": 1671100323702,
  "view/App.view.xml": 1671100323702,
  "css/style.css": 1671100323702,
  "index.html": 1671100323702
}