{
  "utils/locate-reuse-libs.js": 1648611174660,
  "controller/Detail.controller.js": 1648611174656,
  "i18n/i18n.properties": 1648611174656,
  "model/models.js": 1648611174660,
  "controller/Home.controller.js": 1648611174656,
  "manifest.json": 1648805438031,
  "controller/BaseController.js": 1648611174656,
  "controller/App.controller.js": 1648611174656,
  "Component.js": 1648611174656,
  "manifest-bundle.zip": 1648805438045,
  "Component-preload.js": 1648805438414,
  "model/models-dbg.js": 1648611174660,
  "utils/locate-reuse-libs-dbg.js": 1648611174660,
  "controller/Home-dbg.controller.js": 1648611174656,
  "controller/Detail-dbg.controller.js": 1648611174656,
  "controller/BaseController-dbg.js": 1648611174656,
  "controller/App-dbg.controller.js": 1648611174656,
  "Component-dbg.js": 1648611174656,
  "view/ProdDialog.fragment.xml": 1648611174660,
  "view/LocDialog.fragment.xml": 1648611174660,
  "view/Home.view.xml": 1648611174660,
  "view/Detail.view.xml": 1648611174660,
  "view/App.view.xml": 1648611174660,
  "css/style.css": 1648611174656,
  "index.html": 1648611174656
}