{
  "css/style.css": 1667803399909,
  "controller/Home.controller.js": 1667546248156,
  "utils/locate-reuse-libs.js": 1661440197787,
  "model/models.js": 1661440197787,
  "manifest.json": 1668168376167,
  "controller/Detail.controller.js": 1661440197787,
  "controller/BaseController.js": 1661440197787,
  "controller/App.controller.js": 1661440197787,
  "Component.js": 1661440197787,
  "manifest-bundle.zip": 1668168376179,
  "Component-preload.js": 1668168376498,
  "controller/App-dbg.controller.js": 1661440197787,
  "model/models-dbg.js": 1661440197787,
  "controller/Home-dbg.controller.js": 1667546248156,
  "controller/Detail-dbg.controller.js": 1661440197787,
  "controller/BaseController-dbg.js": 1661440197787,
  "utils/locate-reuse-libs-dbg.js": 1661440197787,
  "Component-dbg.js": 1661440197787,
  "view/ProdDialog.fragment.xml": 1661440197787,
  "view/LocDialog.fragment.xml": 1667802064890,
  "view/Home.view.xml": 1667803945126,
  "view/Detail.view.xml": 1661440197787,
  "view/App.view.xml": 1661440197787,
  "i18n/i18n.properties": 1666693187678,
  "index.html": 1667546238112
}