{
  "index.html": 1644923555448,
  "model/models.js": 1644923555448,
  "utils/locate-reuse-libs.js": 1644923555448,
  "manifest.json": 1645006139450,
  "controller/Home.controller.js": 1644923555448,
  "controller/Detail.controller.js": 1644923555448,
  "controller/BaseController.js": 1644923555448,
  "controller/App.controller.js": 1644923555448,
  "Component.js": 1644923555448,
  "manifest-bundle.zip": 1645006139464,
  "Component-preload.js": 1645006139807,
  "Component-dbg.js": 1644923555448,
  "model/models-dbg.js": 1644923555448,
  "controller/Home-dbg.controller.js": 1644923555448,
  "controller/Detail-dbg.controller.js": 1644923555448,
  "controller/BaseController-dbg.js": 1644923555448,
  "controller/App-dbg.controller.js": 1644923555448,
  "utils/locate-reuse-libs-dbg.js": 1644923555448,
  "view/Home.view.xml": 1644923555448,
  "view/Detail.view.xml": 1644923555448,
  "view/App.view.xml": 1644923555448,
  "css/style.css": 1644923555448,
  "i18n/i18n.properties": 1644923555448
}