{
  "view/Detail.view.xml": 1653855224671,
  "Component.js": 1644230205720,
  "utils/locate-reuse-libs.js": 1644230205748,
  "model/models.js": 1644230205736,
  "controller/Home.controller.js": 1649056221522,
  "controller/Detail.controller.js": 1649056256118,
  "controller/BaseController.js": 1644230876972,
  "controller/App.controller.js": 1644230872504,
  "manifest.json": 1654681448204,
  "manifest-bundle.zip": 1654681448232,
  "Component-preload.js": 1654681448730,
  "controller/App-dbg.controller.js": 1644230872504,
  "model/models-dbg.js": 1644230205736,
  "controller/Home-dbg.controller.js": 1649056221522,
  "controller/Detail-dbg.controller.js": 1649056256118,
  "controller/BaseController-dbg.js": 1644230876972,
  "utils/locate-reuse-libs-dbg.js": 1644230205748,
  "Component-dbg.js": 1644230205720,
  "view/ProdDialog.fragment.xml": 1645597176304,
  "view/LocDialog.fragment.xml": 1645597162020,
  "view/Home.view.xml": 1654017304213,
  "i18n/i18n.properties": 1653651305467,
  "view/App.view.xml": 1649322484414,
  "css/style.css": 1654017349909,
  "index.html": 1650361929039
}