{
  "welcomeFile": "/index.html",
  "authenticationMethod": "route",
  "routes": [
    {
        "source": "^/v2/pal/(.*)$",
        "target": "/v2/pal/$1",
        "destination": "ConfigProdPrd",
        "authenticationType": "none",
        "csrfProtection": false
      },
      {
        "source": "^/v2/catalog/(.*)$",
        "target": "/v2/catalog/$1",
        "destination": "ConfigProdPrd",
        "authenticationType": "xsuaa",
        "csrfProtection": true,
        "scope":{
          "GET": ["$XSAPPNAME.Display", "$XSAPPNAME.Planner"],
          "PUT": ["$XSAPPNAME.Display", "$XSAPPNAME.Planner"],
          "PATCH": ["$XSAPPNAME.Display", "$XSAPPNAME.Planner"],
          "POST": ["$XSAPPNAME.Display", "$XSAPPNAME.Planner"],
          "DELETE": ["$XSAPPNAME.Display", "$XSAPPNAME.Planner"],
          "default": ["$XSAPPNAME.Display", "$XSAPPNAME.Planner"]
      }
      },
    {
      "source": "^/resources/(.*)$",
      "target": "/resources/$1",
      "authenticationType": "none",
      "destination": "ui5"
    },
    {
      "source": "^/test-resources/(.*)$",
      "target": "/test-resources/$1",
      "authenticationType": "none",
      "destination": "ui5"
    },
    {
      "source": "^(.*)$",
      "target": "$1",
      "service": "html5-apps-repo-rt",
      "authenticationType": "xsuaa"
    }
  ]
}
