{
  "Component.js": 1672815184960,
  "model/models.js": 1672815184972,
  "utils/locate-reuse-libs.js": 1672815184972,
  "manifest.json": 1672939881767,
  "controller/Home.controller.js": 1672841870896,
  "controller/BaseController.js": 1672815184960,
  "controller/App.controller.js": 1672815184960,
  "i18n/i18n.properties": 1672815184972,
  "Component-preload.js": 1672939882143,
  "controller/BaseController-dbg.js": 1672815184960,
  "model/models-dbg.js": 1672815184972,
  "controller/Home-dbg.controller.js": 1672841870896,
  "utils/locate-reuse-libs-dbg.js": 1672815184972,
  "controller/App-dbg.controller.js": 1672815184960,
  "Component-dbg.js": 1672815184960,
  "view/Home.view.xml": 1672815184972,
  "view/App.view.xml": 1672815184972,
  "css/style.css": 1672815184972,
  "index.html": 1672841780060
}