{
  "i18n/i18n.properties": 1672906269349,
  "controller/Home.controller.js": 1672906269349,
  "utils/locate-reuse-libs.js": 1672906269357,
  "model/models.js": 1672906269357,
  "manifest.json": 1673353707352,
  "controller/BaseController.js": 1672906269349,
  "controller/App.controller.js": 1672906269349,
  "Component.js": 1672906269349,
  "Component-preload.js": 1673353707768,
  "controller/App-dbg.controller.js": 1672906269349,
  "model/models-dbg.js": 1672906269357,
  "controller/Home-dbg.controller.js": 1672906269349,
  "controller/BaseController-dbg.js": 1672906269349,
  "utils/locate-reuse-libs-dbg.js": 1672906269357,
  "Component-dbg.js": 1672906269349,
  "view/Home.view.xml": 1672906269357,
  "view/App.view.xml": 1672906269357,
  "css/style.css": 1672906269349,
  "index.html": 1672906269349
}