{
  "model/models.js": 1650971488039,
  "manifest.json": 1652106836888,
  "utils/locate-reuse-libs.js": 1650971488039,
  "i18n/i18n.properties": 1650971488039,
  "controller/View1.controller.js": 1650971488039,
  "Component.js": 1650971488039,
  "manifest-bundle.zip": 1652106836901,
  "Component-preload.js": 1652106837139,
  "model/models-dbg.js": 1650971488039,
  "utils/locate-reuse-libs-dbg.js": 1650971488039,
  "controller/View1-dbg.controller.js": 1650971488039,
  "Component-dbg.js": 1650971488039,
  "view/View1.view.xml": 1650971488039,
  "css/style.css": 1650971488039,
  "index.html": 1650971488039
}