[
    {
        "PAGEID": 1,
        "DESCRIPTION": "About Variant Configuration Planner",
        "CONTENT": "<p><span style=\"font-size: 16px\">&nbsp; &nbsp; Variant Configuration Planner (VC Planner) is a demand planning solution for configurable products.</span></p>\n<p><span style=\"font-size: 16px\">&nbsp; &nbsp; VC Planner processes the order history of a product to identify possible configuration demand for the future and there by identify the Components requirements. </span></p>\n",
        "__metadata": {
            "type": "CatalogService.getPagePgrh",
            "uri": "https://port4004-workspaces-ws-gc9qz.us10.applicationstudio.cloud.sap/v2/catalog/getPagePgrh(1)"
        }
    },
    {
        "PAGEID": 2,
        "DESCRIPTION": "Architecture",
        "CONTENT": "<p><img style=\"padding-top: 40px ; padding-left: 40px\" src=\"images/Architecture.png\" width=\"710\" height=\"280\"></p>",
        "__metadata": {
            "type": "CatalogService.getPagePgrh",
            "uri": "https://port4004-workspaces-ws-gc9qz.us10.applicationstudio.cloud.sap/v2/catalog/getPagePgrh(2)"
        }
    },
    {
        "PAGEID": 3,
        "DESCRIPTION": "Integration",
        "CONTENT": "<p><span style=\"font-size: 16px\">&nbsp; &nbsp; VC Planner is integrated with SAP IBP VC</span></p>\n<p><img style=\"padding-top: 40px ; padding-left: 40px\" src=\"images/2.png\" width=\"710\" height=\"280\"></p>",
        "__metadata": {
            "type": "CatalogService.getPagePgrh",
            "uri": "https://port4004-workspaces-ws-gc9qz.us10.applicationstudio.cloud.sap/v2/catalog/getPagePgrh(3)"
        }
    },
    {
        "PAGEID": 4,
        "DESCRIPTION": "Benefits of VC Planner",
        "CONTENT": "\n<ul><li> <span style=\"font-size: 16px\">&nbsp; &nbsp; Increase order fulfilment rate.</span></li></ul>\n<ul><li><span style=\"font-size: 16px\">&nbsp; &nbsp; Generate 0ptimal and feasible material schedule for assemblies.</span></li></ul>\n<ul><li><span style=\"font-size: 16px\">&nbsp; &nbsp; Characteristic Based Planning.</span></li></ul>\n<ul><li><span style=\"font-size: 16px\">&nbsp; &nbsp; Increased Planner efficiency and effectiveness.</span></li></ul>",
        "__metadata": {
            "type": "CatalogService.getPagePgrh",
            "uri": "https://port4004-workspaces-ws-gc9qz.us10.applicationstudio.cloud.sap/v2/catalog/getPagePgrh(4)"
        }
    },
    {
        "PAGEID": 5,
        "DESCRIPTION": "Applications",
        "CONTENT": "<p>&nbsp; &nbsp;&nbsp;</p>",
        "__metadata": {
            "type": "CatalogService.getPagePgrh",
            "uri": "https://port4004-workspaces-ws-gc9qz.us10.applicationstudio.cloud.sap/v2/catalog/getPagePgrh(5)"
        }
    },
    {
        "PAGEID": 6,
        "DESCRIPTION": "Master Data Applications",
        "CONTENT": null,
        "__metadata": {
            "type": "CatalogService.getPagePgrh",
            "uri": "https://port4004-workspaces-ws-gc9qz.us10.applicationstudio.cloud.sap/v2/catalog/getPagePgrh(6)"
        }
    },
    {
        "PAGEID": 7,
        "DESCRIPTION": "Location",
        "CONTENT": "<p><span style=\"font-size: 16px\"> &nbsp; &nbsp; SAP ERP master data types Plant, Customer and vendor are collected and transformed as a single master data type: location. The&nbsp; &nbsp; </span></p>\n<p><span style=\"font-size: 16px\">&nbsp; &nbsp; location type identifies whether it is a plant, a customer or a vendor.&nbsp;</span></p>\n<p><img style=\"padding-top: 40px ; padding-left: 40px\" src=\"images/3.png\" width=\"710\" height=\"280\"></p>\n<p>&nbsp; &nbsp; &nbsp;</p>\n<p>&nbsp; &nbsp; <span style=\"color: cornflowerblue\">&nbsp;<span style=\"font-size: 24px\">Selection</span></span></p>\n<ul>\n<li><span style=\"font-size: 16px\"> Location</span></li>\n</ul>\n<ul>\n<li><span style=\"font-size: 16px\"> Location Type</span></li>\n</ul>\n<p><span style=\"color: black\">&nbsp; &nbsp; &nbsp;<span style=\"font-size: 24px ; color: cornflowerblue\">Output</span></span></p>\n<ul>\n<li><span style=\"font-size: 16px\"> Location</span></li>\n</ul>\n<ul>\n<li><span style=\"font-size: 16px\"> Location Description</span></li>\n</ul>\n<ul>\n<li><span style=\"font-size: 16px\"> Location Type</span></li>\n</ul>\n<ul>\n<li><span style=\"font-size: 16px\"> Latitude</span></li>\n</ul>\n<ul>\n<li><span style=\"font-size: 16px\"> Longitude</span></li>\n</ul>\n<ul>\n<li><span style=\"font-size: 16px\"> Reserve Field 1</span></li>\n</ul>\n<ul>\n<li><span style=\"font-size: 16px\"> Reserve Field 2</span></li>\n</ul>\n<ul>\n<li><span style=\"font-size: 16px\"> Reserve Field 3</span></li>\n</ul>\n<ul>\n<li><span style=\"font-size: 16px\"> Reserve Field 4</span></li>\n</ul>\n<ul>\n<li><span style=\"font-size: 16px\"> Reserve Field 5</span></li>\n</ul>",
        "__metadata": {
            "type": "CatalogService.getPagePgrh",
            "uri": "https://port4004-workspaces-ws-gc9qz.us10.applicationstudio.cloud.sap/v2/catalog/getPagePgrh(7)"
        }
    },
    {
        "PAGEID": 8,
        "DESCRIPTION": "Customer Group",
        "CONTENT": "<p style=\"line-height: 107% ; font-size: 15px ; font-family: &#34;calibri&#34; , sans-serif ; margin: 0cm 0cm 8pt ; text-align: left\">&nbsp;</p>\n<p style=\"line-height: 107% ; font-size: 15px ; font-family: &#34;calibri&#34; , sans-serif ; margin: 0cm 0cm 8pt ; text-align: left\">&nbsp; &nbsp; <img src=\"images/4.png\" width=\"720\" height=\"280\"><span style=\"font-size: 16px\">&nbsp;</span></p>\n<p style=\"line-height: 107% ; font-size: 15px ; font-family: &#34;calibri&#34; , sans-serif ; margin: 0cm 0cm 8pt ; text-align: left ; padding-left: 40px\">&nbsp;</p>\n<p><span style=\"color: #4472c4\"><span style=\"font-size: 24px\">&nbsp; &nbsp; Selection</span></span></p>\n<ul>\n<li><span style=\"font-size: 16px\"> Customer Group</span></li>\n</ul>\n<p><span style=\"color: #4472c4\"><span style=\"font-size: 24px\">&nbsp; &nbsp; Output</span></span></p>\n<ul>\n<li><span style=\"font-size: 16px\"> Customer Group</span></li>\n</ul>\n<ul>\n<li><span style=\"font-size: 16px\"> Customer Group Description</span></li>\n</ul>",
        "__metadata": {
            "type": "CatalogService.getPagePgrh",
            "uri": "https://port4004-workspaces-ws-gc9qz.us10.applicationstudio.cloud.sap/v2/catalog/getPagePgrh(8)"
        }
    },
    {
        "PAGEID": 9,
        "DESCRIPTION": "SDI Integration",
        "CONTENT": "<p>&nbsp; &nbsp; List of files expected in SDI path with the loading sequence with template files.</p>\n<p>&nbsp; &nbsp;&nbsp;</p>\n<p>&nbsp; &nbsp;</p>\n<table style=\"height: 1008px ; width: 742px ; border-style: solid ; float: left\" border=\"1\">\n<tbody>\n<tr style=\"height: 32.6pt\">\n<td style=\"width: 157.038px ; text-align: center ; height: 78px\">\n<p><strong>Loading</strong></p>\n<p><strong>Sequence</strong></p>\n</td>\n<td style=\"width: 570.162px ; height: 78px ; text-align: justify\">\n<p style=\"text-align: left ; padding-left: 200px\"><strong>File content</strong></p>\n</td>\n</tr>\n<tr style=\"height: 47px\">\n<td style=\"width: 157.038px ; height: 47px ; text-align: center\">\n<p>1</p>\n</td>\n<td style=\"width: 570.162px ; height: 47px ; text-align: justify\">\n<p style=\"padding-left: 200px\">Location data&nbsp; &nbsp; &nbsp; &nbsp; &nbsp; &nbsp; &nbsp; &nbsp; &nbsp; &nbsp; &nbsp; &nbsp; &nbsp; &nbsp; &nbsp; &nbsp; &nbsp; &nbsp; &nbsp; &nbsp; &nbsp; &nbsp; &nbsp; &nbsp; &nbsp; &nbsp; &nbsp; &nbsp; &nbsp; &nbsp; &nbsp; &nbsp; &nbsp; &nbsp; &nbsp; &nbsp; &nbsp; &nbsp; &nbsp; &nbsp; &nbsp; &nbsp; &nbsp; &nbsp; &nbsp; &nbsp;&nbsp;</p>\n</td>\n</tr>\n<tr style=\"height: 46px\">\n<td style=\"width: 157.038px ; height: 46px ; text-align: center\">\n<p>2</p>\n</td>\n<td style=\"width: 570.162px ; height: 46px ; text-align: justify\">\n<p style=\"padding-left: 120px\">Customer Group that is consistent with IBP&nbsp; &nbsp; &nbsp; &nbsp; &nbsp; &nbsp; &nbsp; &nbsp; &nbsp; &nbsp; &nbsp; &nbsp; &nbsp; &nbsp; &nbsp; &nbsp; &nbsp; &nbsp; &nbsp; &nbsp; &nbsp; &nbsp; &nbsp;</p>\n</td>\n</tr>\n<tr style=\"height: 46px\">\n<td style=\"width: 157.038px ; height: 46px ; text-align: center\">\n<p>3</p>\n</td>\n<td style=\"width: 570.162px ; height: 46px ; text-align: justify\">\n<p style=\"padding-left: 120px\">Products: Finished, Assemblies, Components&nbsp; &nbsp; &nbsp; &nbsp; &nbsp; &nbsp; &nbsp; &nbsp; &nbsp; &nbsp; &nbsp; &nbsp; &nbsp; &nbsp; &nbsp; &nbsp; &nbsp; &nbsp; &nbsp; &nbsp; &nbsp;&nbsp;</p>\n</td>\n</tr>\n<tr style=\"height: 64px\">\n<td style=\"width: 157.038px ; height: 64px ; text-align: center\">\n<p>4</p>\n</td>\n<td style=\"width: 570.162px ; height: 64px ; text-align: justify\">\n<p style=\"padding-left: 160px\">Location &ndash; Product data&nbsp; &nbsp; &nbsp; &nbsp; &nbsp; &nbsp; &nbsp; &nbsp; &nbsp; &nbsp; &nbsp; &nbsp; &nbsp; &nbsp; &nbsp; &nbsp; &nbsp; &nbsp; &nbsp; &nbsp; &nbsp; &nbsp; &nbsp; &nbsp; &nbsp; &nbsp; &nbsp; &nbsp; &nbsp; &nbsp; &nbsp; &nbsp; &nbsp; &nbsp; &nbsp; &nbsp; &nbsp; &nbsp;&nbsp;</p>\n</td>\n</tr>\n<tr style=\"height: 64px\">\n<td style=\"width: 157.038px ; height: 64px ; text-align: center\">\n<p>5</p>\n</td>\n<td style=\"width: 570.162px ; height: 64px ; text-align: justify\">\n<p style=\"padding-left: 200px\">Class Header&nbsp; &nbsp; &nbsp; &nbsp; &nbsp; &nbsp; &nbsp; &nbsp; &nbsp; &nbsp; &nbsp; &nbsp; &nbsp; &nbsp; &nbsp; &nbsp; &nbsp; &nbsp; &nbsp; &nbsp; &nbsp; &nbsp; &nbsp; &nbsp; &nbsp; &nbsp; &nbsp; &nbsp; &nbsp; &nbsp; &nbsp; &nbsp; &nbsp; &nbsp; &nbsp; &nbsp; &nbsp; &nbsp; &nbsp; &nbsp; &nbsp; &nbsp; &nbsp; &nbsp; &nbsp; &nbsp; &nbsp;</p>\n</td>\n</tr>\n<tr style=\"height: 64px\">\n<td style=\"width: 157.038px ; height: 64px ; text-align: center\">\n<p>6</p>\n</td>\n<td style=\"width: 570.162px ; height: 64px ; text-align: justify\">\n<p style=\"padding-left: 160px\">Product &ndash; Class Assignment&nbsp; &nbsp; &nbsp; &nbsp; &nbsp; &nbsp; &nbsp; &nbsp; &nbsp; &nbsp; &nbsp; &nbsp; &nbsp; &nbsp; &nbsp; &nbsp; &nbsp; &nbsp; &nbsp; &nbsp; &nbsp; &nbsp; &nbsp; &nbsp; &nbsp; &nbsp; &nbsp; &nbsp; &nbsp; &nbsp; &nbsp; &nbsp; &nbsp; &nbsp; &nbsp;</p>\n</td>\n</tr>\n<tr style=\"height: 46px\">\n<td style=\"width: 157.038px ; height: 46px ; text-align: center\">\n<p>7</p>\n</td>\n<td style=\"width: 570.162px ; height: 46px ; text-align: justify\">\n<p style=\"padding-left: 160px\">Class &ndash; Characteristics relationship&nbsp; &nbsp; &nbsp; &nbsp; &nbsp; &nbsp; &nbsp; &nbsp; &nbsp; &nbsp; &nbsp; &nbsp; &nbsp; &nbsp; &nbsp; &nbsp; &nbsp; &nbsp; &nbsp; &nbsp; &nbsp; &nbsp; &nbsp; &nbsp; &nbsp; &nbsp; &nbsp; &nbsp; &nbsp;&nbsp;</p>\n</td>\n</tr>\n<tr style=\"height: 46px\">\n<td style=\"width: 157.038px ; height: 46px ; text-align: center\">\n<p>8</p>\n</td>\n<td style=\"width: 570.162px ; height: 46px ; text-align: justify\">\n<p style=\"padding-left: 120px\">Characteristics-Characteristic Values relationship&nbsp; &nbsp; &nbsp; &nbsp; &nbsp; &nbsp; &nbsp; &nbsp; &nbsp; &nbsp; &nbsp; &nbsp; &nbsp; &nbsp; &nbsp; &nbsp; &nbsp; &nbsp;&nbsp;</p>\n</td>\n</tr>\n<tr style=\"height: 46px\">\n<td style=\"width: 157.038px ; height: 46px ; text-align: center\">\n<p>9</p>\n</td>\n<td style=\"width: 570.162px ; height: 46px ; text-align: justify\">\n<p style=\"padding-left: 120px\">Bill of Material, Parent &ndash; Components&nbsp; &nbsp; &nbsp; &nbsp; &nbsp; &nbsp; &nbsp; &nbsp; &nbsp; &nbsp; &nbsp; &nbsp; &nbsp; &nbsp; &nbsp; &nbsp; &nbsp; &nbsp; &nbsp; &nbsp; &nbsp; &nbsp; &nbsp; &nbsp; &nbsp; &nbsp; &nbsp;&nbsp;</p>\n</td>\n</tr>\n<tr style=\"height: 46px\">\n<td style=\"width: 157.038px ; height: 46px ; text-align: center\">\n<p>10</p>\n</td>\n<td style=\"width: 570.162px ; height: 46px ; text-align: justify\">\n<p style=\"text-align: left ; padding-left: 120px\">Selection condition header, relation to BOM component&nbsp; &nbsp; &nbsp; &nbsp; &nbsp; &nbsp; &nbsp; &nbsp; &nbsp; &nbsp; &nbsp; &nbsp;</p>\n</td>\n</tr>\n<tr style=\"height: 46px\">\n<td style=\"width: 157.038px ; height: 46px ; text-align: center\">\n<p>11</p>\n</td>\n<td style=\"width: 570.162px ; height: 46px ; text-align: justify\">\n<p style=\"padding-left: 160px\">Selection condition details&nbsp; &nbsp; &nbsp; &nbsp; &nbsp; &nbsp; &nbsp; &nbsp; &nbsp; &nbsp; &nbsp; &nbsp; &nbsp; &nbsp; &nbsp; &nbsp; &nbsp; &nbsp; &nbsp; &nbsp; &nbsp; &nbsp; &nbsp; &nbsp; &nbsp; &nbsp; &nbsp; &nbsp; &nbsp; &nbsp; &nbsp; &nbsp; &nbsp; &nbsp; &nbsp;&nbsp;</p>\n</td>\n</tr>\n<tr style=\"height: 64px\">\n<td style=\"width: 157.038px ; height: 64px ; text-align: center\">\n<p>12</p>\n</td>\n<td style=\"width: 570.162px ; height: 64px ; text-align: justify\">\n<p style=\"padding-left: 200px\">Sales history header&nbsp; &nbsp; &nbsp; &nbsp; &nbsp; &nbsp; &nbsp; &nbsp; &nbsp; &nbsp; &nbsp; &nbsp; &nbsp; &nbsp; &nbsp; &nbsp; &nbsp; &nbsp; &nbsp; &nbsp; &nbsp; &nbsp; &nbsp; &nbsp; &nbsp; &nbsp; &nbsp; &nbsp; &nbsp; &nbsp; &nbsp; &nbsp; &nbsp; &nbsp; &nbsp; &nbsp; &nbsp; &nbsp; &nbsp; &nbsp;&nbsp;</p>\n</td>\n</tr>\n<tr style=\"height: 64px\">\n<td style=\"width: 157.038px ; height: 64px ; text-align: center\">\n<p>13</p>\n</td>\n<td style=\"width: 570.162px ; height: 64px ; text-align: justify\">\n<p style=\"padding-left: 160px\">Sales history by configuration&nbsp; &nbsp; &nbsp; &nbsp; &nbsp; &nbsp; &nbsp; &nbsp; &nbsp; &nbsp; &nbsp; &nbsp; &nbsp; &nbsp; &nbsp; &nbsp; &nbsp; &nbsp; &nbsp; &nbsp; &nbsp; &nbsp; &nbsp; &nbsp; &nbsp; &nbsp; &nbsp; &nbsp; &nbsp; &nbsp; &nbsp; &nbsp; &nbsp;&nbsp;</p>\n</td>\n</tr>\n</tbody>\n</table>",
        "__metadata": {
            "type": "CatalogService.getPagePgrh",
            "uri": "https://port4004-workspaces-ws-gc9qz.us10.applicationstudio.cloud.sap/v2/catalog/getPagePgrh(9)"
        }
    },
    {
        "PAGEID": 10,
        "DESCRIPTION": "Product",
        "CONTENT": "<p>&nbsp; &nbsp;&nbsp; <img style=\"width: 720px ; height: 280px\" src=\"images/5.png\">&nbsp;</p>\n<p>&nbsp;</p>\n<p>&nbsp; &nbsp; <span style=\"color: cornflowerblue\"><span style=\"font-size: 24px\">Selection</span></span></p>\n<ul>\n<li><span style=\"font-size: 16px\">Product</span></li></ul>\n<ul><li><span style=\"font-size: 16px\">Product Series</span></li>\n</ul>\n<p>&nbsp; &nbsp; <span style=\"color: cornflowerblue\"><span style=\"font-size: 24px\">Output</span></span></p>\n<ul>\n<li><span style=\"font-size: 16px\">Product</span></li></ul>\n<ul><li><span style=\"font-size: 16px\">Product Description</span></li></ul>\n<ul><li><span style=\"font-size: 16px\">Product Family</span></li></ul>\n<ul><li><span style=\"font-size: 16px\">Product Series</span></li></ul>\n<ul><li><span style=\"font-size: 16px\">Product Range</span></li></ul>\n<ul><li><span style=\"font-size: 16px\">Product Model</span></li>\n</ul>",
        "__metadata": {
            "type": "CatalogService.getPagePgrh",
            "uri": "https://port4004-workspaces-ws-gc9qz.us10.applicationstudio.cloud.sap/v2/catalog/getPagePgrh(10)"
        }
    },
    {
        "PAGEID": 11,
        "DESCRIPTION": "Location-Product",
        "CONTENT": "<p><span style=\"font-size: 16px\">&nbsp; &nbsp; <img src=\"images/6.png\" width=\"720\" height=\"280\"></span></p>\n<p style=\"line-height: normal ; font-size: 15px ; font-family: &#34;calibri&#34; , sans-serif ; margin: 0cm 0cm 0cm 54.0pt\">&nbsp;</p>\n<p style=\"line-height: normal ; font-size: 15px ; font-family: &#34;calibri&#34; , sans-serif\"><span style=\"color: #4472c4 ; font-size: 28px\">&nbsp; &nbsp; <span style=\"color: cornflowerblue\"><span style=\"font-size: 24px\">Selection</span></span></span></p>\n<ul>\n<li><span style=\"font-size: 16px\">Location</span></li>\n</ul>\n<ul>\n<li><span style=\"font-size: 16px\">Product</span></li>\n</ul>\n<p style=\"line-height: normal ; font-size: 15px ; font-family: &#34;calibri&#34; , sans-serif\"><span style=\"color: #4472c4 ; font-size: 28px\">&nbsp; &nbsp;<span style=\"color: cornflowerblue\"><span style=\"font-size: 24px\">Output</span></span></span></p>\n<ul>\n<li ><span style = \"font-size:16px; font-family:\"72\",Arial,sans-serif;  line-height:107%;\">\nLocation</span></li></ul>\n<ul><li ><span style = \"font-size:16px; font-family:\"72\",Arial,sans-serif;  line-height:107%;\">\nProduct</span></li></ul>\n<ul><li><span style = \"font-size:16px; font-family:\"72\",Arial,sans-serif;  line-height:107%;\">\nLot Size Key</span></li></ul>\n<ul><li><span style = \"font-size:16px; font-family:\"72\",Arial,sans-serif;  line-height:107%;\">\nProcurement Type</span></li></ul>\n<ul><li><span style = \"font-size:16px; font-family:\"72\",Arial,sans-serif;  line-height:107%;\">\nPlanning Strategy</span></li>\n</ul>",
        "__metadata": {
            "type": "CatalogService.getPagePgrh",
            "uri": "https://port4004-workspaces-ws-gc9qz.us10.applicationstudio.cloud.sap/v2/catalog/getPagePgrh(11)"
        }
    },
    {
        "PAGEID": 12,
        "DESCRIPTION": "Product Configuration",
        "CONTENT": "<p>&nbsp; &nbsp; <img style=\"width: 720px ; height: 280px\" src=\"images/7.png\" alt=\"Graphical user interface, text, application, emailDescription automatically generated\">&nbsp;</p>\n<p>&nbsp;</p>\n<p><span style = \"font-size:16px; font-family:\"72\",Arial,sans-serif;  line-height:107%;\">\n&nbsp; &nbsp; &nbsp;Drill down to see details</span>&nbsp;</p>\n<p style=\"padding-left: 40px\">&nbsp;</p>\n<p>&nbsp; &nbsp; <img style=\"width: 710px ; height: 280px\" src=\"images/8.png\" alt=\"Graphical user interfaceDescription automatically generated with medium confidence\"><span lang=\"EN-IN\"><br></span></p>\n<p style=\"line-height: normal ; font-size: 15px ; font-family: &#34;calibri&#34; , sans-serif ; margin: 0cm ; text-align: left ; padding-left: 40px\"><span style=\"font-size: 16px\">&nbsp;&nbsp;</span></p>",
        "__metadata": {
            "type": "CatalogService.getPagePgrh",
            "uri": "https://port4004-workspaces-ws-gc9qz.us10.applicationstudio.cloud.sap/v2/catalog/getPagePgrh(12)"
        }
    },
    {
        "PAGEID": 13,
        "DESCRIPTION": "Bill of Materials",
        "CONTENT": "<p>&nbsp; &nbsp; <img style=\"width: 720px ; height: 280px\" src=\"images/9.png\" alt=\"Graphical user interface, applicationDescription automatically\n  generated\">&nbsp;</p>\n<p>&nbsp;</p>\n<p><span style=\"font-size: 16px\"> &nbsp; &nbsp; Drill down to see Object Dependency Characteristics</span>&nbsp;</p>\n<p>&nbsp;</p>\n<p>&nbsp; &nbsp; <img style=\"width: 720px ; height: 280px\" src=\"images/10.png\" alt=\"Graphical user interface,\n  applicationDescription automatically generated\">&nbsp; &nbsp;</p>",
        "__metadata": {
            "type": "CatalogService.getPagePgrh",
            "uri": "https://port4004-workspaces-ws-gc9qz.us10.applicationstudio.cloud.sap/v2/catalog/getPagePgrh(13)"
        }
    },
    {
        "PAGEID": 14,
        "DESCRIPTION": "BTP Master Data Applications",
        "CONTENT": null,
        "__metadata": {
            "type": "CatalogService.getPagePgrh",
            "uri": "https://port4004-workspaces-ws-gc9qz.us10.applicationstudio.cloud.sap/v2/catalog/getPagePgrh(14)"
        }
    },
    {
        "PAGEID": 15,
        "DESCRIPTION": "Create PVS Nodes",
        "CONTENT": "<p>&nbsp; &nbsp; <img src=\"images/11.png\" width=\"720\" height=\"280\"></p>",
        "__metadata": {
            "type": "CatalogService.getPagePgrh",
            "uri": "https://port4004-workspaces-ws-gc9qz.us10.applicationstudio.cloud.sap/v2/catalog/getPagePgrh(15)"
        }
    },
    {
        "PAGEID": 16,
        "DESCRIPTION": "BOM-Product Variant Structure",
        "CONTENT": "<p>&nbsp; &nbsp; Click on Add Access Node, assign values and save.</p>\n<p>&nbsp;</p>\n<p>&nbsp; &nbsp; <img src=\"images/12.png\" width=\"720\" height=\"280\"></p>\n<p>&nbsp;</p>\n<p>&nbsp; &nbsp; <img src=\"images/13.png\" width=\"720\" height=\"280\"></p>",
        "__metadata": {
            "type": "CatalogService.getPagePgrh",
            "uri": "https://port4004-workspaces-ws-gc9qz.us10.applicationstudio.cloud.sap/v2/catalog/getPagePgrh(16)"
        }
    },
    {
        "PAGEID": 17,
        "DESCRIPTION": "Maintain Prediction Profile",
        "CONTENT": "<p><span style=\"font-size: 16px\">&nbsp; &nbsp; Prediction Profiles is an algorithm with set of parameters for Model generation.</span></p>\n<p style=\"line-height: 107% ; font-size: 15px ; font-family: &#34;calibri&#34; , sans-serif ; margin: 0cm 0cm 8pt\">&nbsp;</p>\n<p style=\"line-height: 107% ; font-size: 15px ; font-family: &#34;calibri&#34; , sans-serif ; margin: 0cm 0cm 8pt\">&nbsp; &nbsp; <img src=\"images/14.png\" width=\"710\" height=\"280\"></p>\n<p style=\"line-height: 107% ; font-size: 15px ; font-family: &#34;calibri&#34; , sans-serif ; margin: 0cm 0cm 8pt\">&nbsp;</p>\n<p><span style=\"font-size: 16px\">&nbsp; &nbsp; Select and click on display to show the details.</span></p>\n<p style=\"line-height: 107% ; font-size: 15px ; font-family: &#34;calibri&#34; , sans-serif ; margin: 0cm 0cm 8pt\">&nbsp;</p>\n<p style=\"line-height: 107% ; font-size: 15px ; font-family: &#34;calibri&#34; , sans-serif ; margin: 0cm 0cm 8pt\">&nbsp;</p>\n<p style=\"line-height: 107% ; font-size: 15px ; font-family: &#34;calibri&#34; , sans-serif ; margin: 0cm 0cm 8pt\">&nbsp; &nbsp; <img src=\"images/mpp2.png\" width=\"710\" height=\"280\"></p>",
        "__metadata": {
            "type": "CatalogService.getPagePgrh",
            "uri": "https://port4004-workspaces-ws-gc9qz.us10.applicationstudio.cloud.sap/v2/catalog/getPagePgrh(17)"
        }
    },
    {
        "PAGEID": 18,
        "DESCRIPTION": "Assign Prediction Profile",
        "CONTENT": "<p><span style=\"font-size: 16px\">&nbsp; &nbsp; This application is used to apply default prediction profiles to Product Component. While generating models, the prediction profiles </span></p>\n<p><span style=\"font-size: 16px\">&nbsp; &nbsp; assigned in the application will be considered.&nbsp; &nbsp; &nbsp;</span></p>\n<p style=\"line-height: 107% ; font-size: 15px ; font-family: &#34;calibri&#34; , sans-serif ; margin: 0cm 0cm 8pt\">&nbsp;</p>\n<p style=\"line-height: 107% ; font-size: 15px ; font-family: &#34;calibri&#34; , sans-serif ; margin: 0cm 0cm 8pt\">&nbsp; &nbsp; <img src=\"images/16.png\" width=\"720\" height=\"280\"></p>\n<p style=\"line-height: 107% ; font-size: 15px ; font-family: &#34;calibri&#34; , sans-serif ; margin: 0cm 0cm 8pt\">&nbsp;</p>\n<p><span style=\"font-size: 16px\">&nbsp; &nbsp; Click on Assign button, choose the profile and click on Assign Profile button.</span></p>\n<p style=\"line-height: 107% ; font-size: 15px ; font-family: &#34;calibri&#34; , sans-serif ; margin: 0cm 0cm 8pt\">&nbsp;</p>\n<p style=\"line-height: 107% ; font-size: 15px ; font-family: &#34;calibri&#34; , sans-serif ; margin: 0cm 0cm 8pt\">&nbsp; &nbsp; <img src=\"images/assign2.png\" width=\"720\" height=\"280\"></p>\n<p style=\"line-height: 107% ; font-size: 15px ; font-family: &#34;calibri&#34; , sans-serif ; margin: 0cm 0cm 8pt\">&nbsp;</p>\n<p><span style=\"font-size: 16px\">&nbsp; &nbsp; Select the record and click on Unassign profile to remove the assignment of profile.</span></p>\n<p style=\"line-height: 107% ; font-size: 15px ; font-family: &#34;calibri&#34; , sans-serif ; margin: 0cm 0cm 8pt\">&nbsp;</p>\n<p style=\"line-height: 107% ; font-size: 15px ; font-family: &#34;calibri&#34; , sans-serif ; margin: 0cm 0cm 8pt\">&nbsp; &nbsp; <img src=\"images/assign3.png\" width=\"720\" height=\"280\"></p>",
        "__metadata": {
            "type": "CatalogService.getPagePgrh",
            "uri": "https://port4004-workspaces-ws-gc9qz.us10.applicationstudio.cloud.sap/v2/catalog/getPagePgrh(18)"
        }
    },
    {
        "PAGEID": 19,
        "DESCRIPTION": "Transactional Data",
        "CONTENT": null,
        "__metadata": {
            "type": "CatalogService.getPagePgrh",
            "uri": "https://port4004-workspaces-ws-gc9qz.us10.applicationstudio.cloud.sap/v2/catalog/getPagePgrh(19)"
        }
    },
    {
        "PAGEID": 20,
        "DESCRIPTION": "Sales History",
        "CONTENT": "<p style=\"line-height: 107% ; font-size: 15px ; font-family: &#34;calibri&#34; , sans-serif ; margin: 0cm 0cm 8pt\">&nbsp; &nbsp; <img src=\"images/19.png\" width=\"720\" height=\"280\"></p>\n<p style=\"line-height: 107% ; font-size: 16px ; font-family: &#34;calibri&#34; , sans-serif\">&nbsp;</p>\n<p ><span style = \"font-size:16px; font-family:\"72\",Arial,sans-serif;  line-height:107%;\">&nbsp; &nbsp; Drill down on a line</span></p>\n<p style=\"line-height: 107% ; font-size: 15px ; font-family: &#34;calibri&#34; , sans-serif ; margin: 0cm 0cm 8pt\">&nbsp;</p>\n<p style=\"line-height: 107% ; font-size: 15px ; font-family: &#34;calibri&#34; , sans-serif ; margin: 0cm 0cm 8pt\">&nbsp; &nbsp; &nbsp;<img src=\"images/20.png\" width=\"720\" height=\"280\"></p>",
        "__metadata": {
            "type": "CatalogService.getPagePgrh",
            "uri": "https://port4004-workspaces-ws-gc9qz.us10.applicationstudio.cloud.sap/v2/catalog/getPagePgrh(20)"
        }
    },
    {
        "PAGEID": 21,
        "DESCRIPTION": "IBP Planning View Demand / Option\n  View",
        "CONTENT": null,
        "__metadata": {
            "type": "CatalogService.getPagePgrh",
            "uri": "https://port4004-workspaces-ws-gc9qz.us10.applicationstudio.cloud.sap/v2/catalog/getPagePgrh(21)"
        }
    },
    {
        "PAGEID": 22,
        "DESCRIPTION": "Job Scheduling",
        "CONTENT": null,
        "__metadata": {
            "type": "CatalogService.getPagePgrh",
            "uri": "https://port4004-workspaces-ws-gc9qz.us10.applicationstudio.cloud.sap/v2/catalog/getPagePgrh(22)"
        }
    },
    {
        "PAGEID": 23,
        "DESCRIPTION": "Job Scheduling",
        "CONTENT": "<p><span style=\"font-size: 16px\">&nbsp; &nbsp; This application is used for scheduling Background job required for VC Planner. Individual Job contains specific input parameters that </span></p>\n<p><span style=\"font-size: 16px\">&nbsp; &nbsp; needs to be provided.</span></p>\n<p>&nbsp;</p>\n<p><span style=\"font-size: 20px\">&nbsp; &nbsp; List of Job Types</span></p>\n<ul>\n<li><span style=\"font-size: 16px\">SDI Integration</span></li>\n</ul>\n<ul>\n<li><span style=\"font-size: 16px\">Timeseries</span></li>\n</ul>\n<ul>\n<li><span style=\"font-size: 16px\">IBP Integration</span></li>\n</ul>\n<ul>\n<li><span style=\"font-size: 16px\">Timeseries Future</span></li>\n</ul>\n<ul>\n<li><span style=\"font-size: 16px\">Model Generations</span></li>\n</ul>\n<ul>\n<li><span style=\"font-size: 16px\">Predictions</span></li>\n</ul>\n<p><span style=\"font-size: 16px\">&nbsp; &nbsp; &nbsp;More details are available in Section 5</span></p>",
        "__metadata": {
            "type": "CatalogService.getPagePgrh",
            "uri": "https://port4004-workspaces-ws-gc9qz.us10.applicationstudio.cloud.sap/v2/catalog/getPagePgrh(23)"
        }
    },
    {
        "PAGEID": 24,
        "DESCRIPTION": "Components Requirement",
        "CONTENT": null,
        "__metadata": {
            "type": "CatalogService.getPagePgrh",
            "uri": "https://port4004-workspaces-ws-gc9qz.us10.applicationstudio.cloud.sap/v2/catalog/getPagePgrh(24)"
        }
    },
    {
        "PAGEID": 25,
        "DESCRIPTION": "Assembly Requirements",
        "CONTENT": null,
        "__metadata": {
            "type": "CatalogService.getPagePgrh",
            "uri": "https://port4004-workspaces-ws-gc9qz.us10.applicationstudio.cloud.sap/v2/catalog/getPagePgrh(25)"
        }
    },
    {
        "PAGEID": 26,
        "DESCRIPTION": "Components Requirement",
        "CONTENT": null,
        "__metadata": {
            "type": "CatalogService.getPagePgrh",
            "uri": "https://port4004-workspaces-ws-gc9qz.us10.applicationstudio.cloud.sap/v2/catalog/getPagePgrh(26)"
        }
    },
    {
        "PAGEID": 27,
        "DESCRIPTION": "Job Scheduling",
        "CONTENT": "<p style=\"line-height: normal ; font-size: 15px ; font-family: &#34;calibri&#34; , sans-serif ; margin: 0cm\">&nbsp; &nbsp; Click on Create Job and choose the job type</p>\n<p style=\"line-height: normal ; font-size: 15px ; font-family: &#34;calibri&#34; , sans-serif ; margin: 0cm\">&nbsp;</p>\n<p style=\"line-height: normal ; font-size: 15px ; font-family: &#34;calibri&#34; , sans-serif ; margin: 0cm\"><strong><span style=\"font-size: 16px\">&nbsp; &nbsp; <img src=\"images/21.png\" width=\"714\" height=\"337\"></span></strong></p>\n<p style=\"line-height: normal ; font-size: 15px ; font-family: &#34;calibri&#34; , sans-serif ; margin: 0cm\">&nbsp;</p>\n<p style=\"line-height: normal ; font-size: 15px ; font-family: &#34;calibri&#34; , sans-serif ; margin: 0cm\">&nbsp;</p>\n<p style=\"line-height: normal ; font-size: 15px ; font-family: &#34;calibri&#34; , sans-serif ; margin: 0cm\"><strong><span style=\"font-size: 16px\">&nbsp; &nbsp;&nbsp;</span></strong></p>\n<p style=\"line-height: normal ; font-size: 15px ; font-family: &#34;calibri&#34; , sans-serif ; margin: 0cm\">&nbsp;</p>\n<p style=\"line-height: normal ; font-size: 15px ; font-family: &#34;calibri&#34; , sans-serif ; margin: 0cm\"><strong><span style=\"font-size: 16px\">&nbsp; &nbsp; <img src=\"images/JBsch2.png\" width=\"714\" height=\"337\"></span></strong></p>",
        "__metadata": {
            "type": "CatalogService.getPagePgrh",
            "uri": "https://port4004-workspaces-ws-gc9qz.us10.applicationstudio.cloud.sap/v2/catalog/getPagePgrh(27)"
        }
    },
    {
        "PAGEID": 28,
        "DESCRIPTION": "SDI Integration",
        "CONTENT": "<p ><span style = \"font-size:16px; font-family:\"72\",Arial,sans-serif;  line-height:107%;\">&nbsp; &nbsp; Choose appropriate option to load data into BTP&nbsp;</span></p>\n<p style=\"line-height: normal ; font-size: 15px ; font-family: &#34;calibri&#34; , sans-serif ; margin: 0cm\">&nbsp;</p>\n<p style=\"line-height: normal ; font-size: 15px ; font-family: &#34;calibri&#34; , sans-serif ; margin: 0cm\">&nbsp;</p>\n<p style=\"line-height: normal ; font-size: 15px ; font-family: &#34;calibri&#34; , sans-serif ; margin: 0cm\"><span style=\"font-size: 16px\">&nbsp; &nbsp; <img src=\"images/23.png\" width=\"720\" height=\"height\"></span></p>",
        "__metadata": {
            "type": "CatalogService.getPagePgrh",
            "uri": "https://port4004-workspaces-ws-gc9qz.us10.applicationstudio.cloud.sap/v2/catalog/getPagePgrh(28)"
        }
    },
    {
        "PAGEID": 29,
        "DESCRIPTION": "Time Series for History",
        "CONTENT": "<p>&nbsp; &nbsp; <img src=\"images/24.png\" width=\"720\" height=\"280\"></p>",
        "__metadata": {
            "type": "CatalogService.getPagePgrh",
            "uri": "https://port4004-workspaces-ws-gc9qz.us10.applicationstudio.cloud.sap/v2/catalog/getPagePgrh(29)"
        }
    },
    {
        "PAGEID": 30,
        "DESCRIPTION": "IBP Integration",
        "CONTENT": null,
        "__metadata": {
            "type": "CatalogService.getPagePgrh",
            "uri": "https://port4004-workspaces-ws-gc9qz.us10.applicationstudio.cloud.sap/v2/catalog/getPagePgrh(30)"
        }
    },
    {
        "PAGEID": 31,
        "DESCRIPTION": "IBP Export",
        "CONTENT": "<p><span style=\"font-size: 16px\">&nbsp; &nbsp; Export Master and Transactional data to IBP</span></p>\n<ul>\n<li><span style=\"font-size: 16px\">Location</span></li>\n</ul>\n<ul>\n<li><span style=\"font-size: 16px\">Customer Group</span></li>\n</ul>\n<ul>\n<li><span style=\"font-size: 16px\">Product</span></li>\n</ul>\n<ul>\n<li><span style=\"font-size: 16px\">Class</span></li>\n</ul>\n<ul>\n<li><span style=\"font-size: 16px\">Sales History</span></li>\n</ul>\n<ul>\n<li><span style=\"font-size: 16px\">Sales History Configuration</span></li>\n</ul>\n<ul>\n<li><span style=\"font-size: 16px\">Actual Components Demand</span></li>\n</ul>\n<ul>\n<li><span style=\"font-size: 16px\">Components Requirement Quantity</span></li>\n</ul>\n<p>&nbsp;</p>\n<p style=\"line-height: normal ; font-size: 15px ; font-family: &#34;calibri&#34; , sans-serif ; margin: 0cm\"><strong><span style=\"font-size: 16px\">&nbsp; &nbsp; <img src=\"images/ibpexp.png\" width=\"720\" height=\"337\"></span></strong></p>",
        "__metadata": {
            "type": "CatalogService.getPagePgrh",
            "uri": "https://port4004-workspaces-ws-gc9qz.us10.applicationstudio.cloud.sap/v2/catalog/getPagePgrh(31)"
        }
    },
    {
        "PAGEID": 32,
        "DESCRIPTION": "IBP Import",
        "CONTENT": "<p ><span style = \"font-size:16px; font-family:\"72\",Arial,sans-serif;  line-height:107%;\">&nbsp; &nbsp; Import IBP Demand and IBP Future Plan</span></p>\n<p style=\"line-height: 107% ; font-size: 15px ; font-family: &#34;calibri&#34; , sans-serif ; margin: 0cm 0cm 8pt\">&nbsp;</p>\n<p style=\"line-height: 107% ; font-size: 15px ; font-family: &#34;calibri&#34; , sans-serif ; margin: 0cm 0cm 8pt\">&nbsp; &nbsp; <img src=\"images/26.png\" width=\"602\"></p>",
        "__metadata": {
            "type": "CatalogService.getPagePgrh",
            "uri": "https://port4004-workspaces-ws-gc9qz.us10.applicationstudio.cloud.sap/v2/catalog/getPagePgrh(32)"
        }
    },
    {
        "PAGEID": 33,
        "DESCRIPTION": "Time Series for Future",
        "CONTENT": "<p>&nbsp; &nbsp; <img src=\"images/27.png\" width=\"720\" height=\"280\"></p>",
        "__metadata": {
            "type": "CatalogService.getPagePgrh",
            "uri": "https://port4004-workspaces-ws-gc9qz.us10.applicationstudio.cloud.sap/v2/catalog/getPagePgrh(33)"
        }
    },
    {
        "PAGEID": 34,
        "DESCRIPTION": "Model Generation",
        "CONTENT": "\n    <p>&nbsp; &nbsp; <img src=\"images/28.png\" width=\"720\" height=\"280\"></p>",
        "__metadata": {
            "type": "CatalogService.getPagePgrh",
            "uri": "https://port4004-workspaces-ws-gc9qz.us10.applicationstudio.cloud.sap/v2/catalog/getPagePgrh(34)"
        }
    },
    {
        "PAGEID": 35,
        "DESCRIPTION": "Predictions",
        "CONTENT": "\n    <p>&nbsp;  &nbsp;<img src=\"images/29.png\" width=\"720\" height=\"280\"></p>",
        "__metadata": {
            "type": "CatalogService.getPagePgrh",
            "uri": "https://port4004-workspaces-ws-gc9qz.us10.applicationstudio.cloud.sap/v2/catalog/getPagePgrh(35)"
        }
    },
    {
        "PAGEID": 36,
        "DESCRIPTION": "User Roles",
        "CONTENT": "<p><span style=\"font-size: 16px\">&nbsp; &nbsp; User assess can be restricted at Launchpad level. Based on customer specifications, various launchpads will be created and access will </span></p>\n<p><span style=\"font-size: 16px\">&nbsp; &nbsp; be provided.</span></p>\n<p>&nbsp;</p>\n<p><span style=\"font-size: 16px\">&nbsp; &nbsp; There are two roles available for this application</span></p>\n<ul>\n<li><span style=\"font-size: 16px; line-height:117%\">Admin Role </span>\n<ul>\n<li><span style=\"font-size: 16px; line-height:117%\">All the applications can be accessed through this role.</span></li>\n</ul>\n</li>\n<li><span style=\"font-size: 16px; line-height:117%\">Planner Role </span>\n<ul>\n<li><span style=\"font-size: 16px; line-height:117%\">Assembly Requirements, Components Requirements and Sales History applications are available for this role.</span></li>\n</ul>\n</li>\n</ul>",
        "__metadata": {
            "type": "CatalogService.getPagePgrh",
            "uri": "https://port4004-workspaces-ws-gc9qz.us10.applicationstudio.cloud.sap/v2/catalog/getPagePgrh(36)"
        }
    }
]