{
  "i18n/i18n.properties": 1655958743293,
  "Component.js": 1655957124247,
  "utils/locate-reuse-libs.js": 1655957124251,
  "model/models.js": 1655957124251,
  "controller/Home.controller.js": 1655959096742,
  "controller/Detail.controller.js": 1655958396824,
  "controller/BaseController.js": 1655958325719,
  "controller/App.controller.js": 1655957860474,
  "manifest.json": 1655970278934,
  "manifest-bundle.zip": 1655970278949,
  "Component-preload.js": 1655970279441,
  "controller/Detail-dbg.controller.js": 1655958396824,
  "model/models-dbg.js": 1655957124251,
  "controller/Home-dbg.controller.js": 1655959096742,
  "utils/locate-reuse-libs-dbg.js": 1655957124251,
  "controller/BaseController-dbg.js": 1655958325719,
  "controller/App-dbg.controller.js": 1655957860474,
  "Component-dbg.js": 1655957124247,
  "view/className.fragment.xml": 1655958480352,
  "view/charValue.fragment.xml": 1655958480124,
  "view/charName.fragment.xml": 1655958479884,
  "view/ProdDialog.fragment.xml": 1655958481028,
  "view/LocDialog.fragment.xml": 1655958480808,
  "view/Home.view.xml": 1655959591948,
  "view/Detail.view.xml": 1655960165977,
  "view/CharDetails.fragment.xml": 1655958479768,
  "view/App.view.xml": 1655958585472,
  "css/style.css": 1655969934278,
  "index.html": 1655959732544
}