{
  "controller/BaseController.js": 1644923555436,
  "controller/App.controller.js": 1644923555436,
  "utils/locate-reuse-libs.js": 1644923555436,
  "model/models.js": 1644923555436,
  "controller/Home.controller.js": 1644923555436,
  "i18n/i18n.properties": 1644923555436,
  "manifest.json": 1645006124836,
  "Component.js": 1644923555436,
  "manifest-bundle.zip": 1645006124852,
  "Component-preload.js": 1645006125260,
  "utils/locate-reuse-libs-dbg.js": 1644923555436,
  "model/models-dbg.js": 1644923555436,
  "controller/Home-dbg.controller.js": 1644923555436,
  "controller/BaseController-dbg.js": 1644923555436,
  "controller/App-dbg.controller.js": 1644923555436,
  "Component-dbg.js": 1644923555436,
  "view/ObjDepChar.fragment.xml": 1644923555436,
  "view/Home.view.xml": 1644923555436,
  "view/App.view.xml": 1644923555436,
  "css/style.css": 1644923555436,
  "index.html": 1644923555436
}