{
  "utils/locate-reuse-libs-dbg.js": 1649242317002,
  "utils/locate-reuse-libs.js": 1649242317002,
  "manifest.json": 1653384450763,
  "model/models.js": 1649242317002,
  "controller/Home.controller.js": 1649758051722,
  "controller/BaseController.js": 1649242317002,
  "controller/App.controller.js": 1649242317002,
  "Component.js": 1649242317002,
  "manifest-bundle.zip": 1653384450776,
  "Component-preload.js": 1653384451213,
  "i18n/i18n.properties": 1649242317002,
  "model/models-dbg.js": 1649242317002,
  "controller/Home-dbg.controller.js": 1649758051722,
  "controller/BaseController-dbg.js": 1649242317002,
  "controller/App-dbg.controller.js": 1649242317002,
  "Component-dbg.js": 1649242317002,
  "view/ObjDepChar.fragment.xml": 1649758051722,
  "view/Home.view.xml": 1649758051722,
  "view/App.view.xml": 1649758051722,
  "css/style.css": 1649242317002,
  "index.html": 1650284526619
}