{
  "i18n/i18n.properties": 1644235971979,
  "controller/Home.controller.js": 1644393225884,
  "utils/locate-reuse-libs.js": 1643886605255,
  "model/models.js": 1643886605255,
  "manifest.json": 1645528166930,
  "controller/BaseController.js": 1643886605255,
  "controller/App.controller.js": 1643886605255,
  "Component.js": 1643886605247,
  "manifest-bundle.zip": 1645528166942,
  "Component-preload.js": 1645528167284,
  "controller/BaseController-dbg.js": 1643886605255,
  "model/models-dbg.js": 1643886605255,
  "controller/Home-dbg.controller.js": 1644393225884,
  "utils/locate-reuse-libs-dbg.js": 1643886605255,
  "controller/App-dbg.controller.js": 1643886605255,
  "Component-dbg.js": 1643886605247,
  "view/ObjDepChar.fragment.xml": 1644202888825,
  "view/Home.view.xml": 1644393225884,
  "view/App.view.xml": 1643886605255,
  "css/style.css": 1643886605255,
  "index.html": 1643886605255
}