{
  "manifest-bundle.zip": 1646749172895,
  "Component.js": 1643886605247,
  "utils/locate-reuse-libs.js": 1643886605255,
  "model/models.js": 1643886605255,
  "controller/Home.controller.js": 1646556043596,
  "controller/BaseController.js": 1643886605255,
  "controller/App.controller.js": 1643886605255,
  "manifest.json": 1646749172882,
  "i18n/i18n.properties": 1644235971979,
  "Component-preload.js": 1646749173283,
  "model/models-dbg.js": 1643886605255,
  "utils/locate-reuse-libs-dbg.js": 1643886605255,
  "controller/Home-dbg.controller.js": 1646556043596,
  "controller/BaseController-dbg.js": 1643886605255,
  "controller/App-dbg.controller.js": 1643886605255,
  "Component-dbg.js": 1643886605247,
  "view/ObjDepChar.fragment.xml": 1646556043600,
  "view/Home.view.xml": 1646556043600,
  "view/App.view.xml": 1643886605255,
  "css/style.css": 1646556043600,
  "index.html": 1643886605255
}