{
  "manifest-bundle.zip": 1644241170979,
  "manifest.json": 1644241170962,
  "utils/locate-reuse-libs.js": 1643883260947,
  "model/models.js": 1643883260947,
  "controller/Home.controller.js": 1643883260943,
  "controller/BaseController.js": 1643883260943,
  "controller/App.controller.js": 1643883260943,
  "Component.js": 1643883260943,
  "i18n/i18n.properties": 1643883260943,
  "Component-preload.js": 1644241171338,
  "controller/BaseController-dbg.js": 1643883260943,
  "model/models-dbg.js": 1643883260947,
  "controller/Home-dbg.controller.js": 1643883260943,
  "utils/locate-reuse-libs-dbg.js": 1643883260947,
  "controller/App-dbg.controller.js": 1643883260943,
  "Component-dbg.js": 1643883260943,
  "view/Home.view.xml": 1643883260947,
  "view/App.view.xml": 1643883260947,
  "css/style.css": 1643883260943,
  "index.html": 1643883260943
}