{
  "i18n/i18n.properties": 1644402231121,
  "controller/App.controller.js": 1644402231121,
  "utils/locate-reuse-libs.js": 1644402231121,
  "model/models.js": 1644402231121,
  "controller/Home.controller.js": 1644402231121,
  "controller/BaseController.js": 1644402231121,
  "manifest.json": 1644418399287,
  "Component.js": 1644402231121,
  "manifest-bundle.zip": 1644418399303,
  "Component-preload.js": 1644418399765,
  "model/models-dbg.js": 1644402231121,
  "utils/locate-reuse-libs-dbg.js": 1644402231121,
  "controller/Home-dbg.controller.js": 1644402231121,
  "controller/BaseController-dbg.js": 1644402231121,
  "controller/App-dbg.controller.js": 1644402231121,
  "Component-dbg.js": 1644402231121,
  "view/ObjDepChar.fragment.xml": 1644402231121,
  "view/Home.view.xml": 1644402231121,
  "view/App.view.xml": 1644402231121,
  "css/style.css": 1644402231121,
  "index.html": 1644402231121
}