{
  "view/VersionDialog.fragment.xml": 1669102975219,
  "Component.js": 1669371048754,
  "model/models.js": 1669102975207,
  "controller/Home.controller.js": 1669712774078,
  "controller/BaseController.js": 1669371048754,
  "controller/App.controller.js": 1669371048754,
  "manifest.json": 1671995153559,
  "Component-preload.js": 1671995154100,
  "controller/App-dbg.controller.js": 1669371048754,
  "controller/Home-dbg.controller.js": 1669712774078,
  "controller/BaseController-dbg.js": 1669371048754,
  "model/models-dbg.js": 1669102975207,
  "Component-dbg.js": 1669371048754,
  "i18n/i18n.properties": 1669102975063,
  "view/StructureNodeDialog.fragment.xml": 1669102975219,
  "view/ScenarioDialog.fragment.xml": 1669102975219,
  "view/ProdDialog.fragment.xml": 1669102975219,
  "view/LocDialog.fragment.xml": 1669102975215,
  "view/Home.view.xml": 1671700670439,
  "view/ComponentDialog.fragment.xml": 1669102975215,
  "view/CompODBreakdown.fragment.xml": 1669102975215,
  "view/App.view.xml": 1669371048754,
  "css/style.css": 1669371048754,
  "index.html": 1669371048754
}