{
  "view/ProdDialog.fragment.xml": 1669283432134,
  "manifest.json": 1669462038350,
  "model/models.js": 1669283432134,
  "controller/Home.controller.js": 1669364937917,
  "controller/BaseController.js": 1669364937917,
  "controller/App.controller.js": 1669364937917,
  "Component.js": 1669364937917,
  "Component-preload.js": 1669462038877,
  "controller/Home-dbg.controller.js": 1669364937917,
  "model/models-dbg.js": 1669283432134,
  "controller/BaseController-dbg.js": 1669364937917,
  "controller/App-dbg.controller.js": 1669364937917,
  "Component-dbg.js": 1669364937917,
  "view/VersionDialog.fragment.xml": 1669283432134,
  "view/StructureNodeDialog.fragment.xml": 1669283432134,
  "view/ScenarioDialog.fragment.xml": 1669283432134,
  "i18n/i18n.properties": 1669283431986,
  "view/LocDialog.fragment.xml": 1669283432134,
  "view/Home.view.xml": 1669364937917,
  "view/ComponentDialog.fragment.xml": 1669283432134,
  "view/CompODBreakdown.fragment.xml": 1669283432134,
  "view/App.view.xml": 1669364937917,
  "css/style.css": 1669364937917,
  "index.html": 1669364937917
}