{
  "view/LocDialog.fragment.xml": 1669104445232,
  "manifest.json": 1669965282455,
  "model/models.js": 1669104445220,
  "controller/Home.controller.js": 1669802940538,
  "controller/BaseController.js": 1669107908548,
  "controller/App.controller.js": 1669107915696,
  "Component.js": 1669107964576,
  "Component-preload.js": 1669965282939,
  "model/models-dbg.js": 1669104445220,
  "controller/Home-dbg.controller.js": 1669802940538,
  "controller/BaseController-dbg.js": 1669107908548,
  "controller/App-dbg.controller.js": 1669107915696,
  "Component-dbg.js": 1669107964576,
  "view/VersionDialog.fragment.xml": 1669104445232,
  "view/StructureNodeDialog.fragment.xml": 1669104445232,
  "view/ScenarioDialog.fragment.xml": 1669104445232,
  "view/ProdDialog.fragment.xml": 1669104445232,
  "i18n/i18n.properties": 1669107303526,
  "view/Home.view.xml": 1669805735997,
  "view/ComponentDialog.fragment.xml": 1669104445228,
  "view/CompODBreakdown.fragment.xml": 1669104445228,
  "view/App.view.xml": 1669107950764,
  "css/style.css": 1669278796034,
  "index.html": 1669107979168
}