{
  "view/LocDialog.fragment.xml": 1669107428240,
  "model/models.js": 1669107428240,
  "manifest.json": 1672939816092,
  "controller/Home.controller.js": 1669715346784,
  "controller/BaseController.js": 1669715346784,
  "controller/App.controller.js": 1669715346784,
  "Component.js": 1669715346784,
  "Component-preload.js": 1672939816761,
  "controller/Home-dbg.controller.js": 1669715346784,
  "model/models-dbg.js": 1669107428240,
  "controller/BaseController-dbg.js": 1669715346784,
  "controller/App-dbg.controller.js": 1669715346784,
  "Component-dbg.js": 1669715346784,
  "view/VersionDialog.fragment.xml": 1669107428240,
  "view/StructureNodeDialog.fragment.xml": 1669107428240,
  "view/ScenarioDialog.fragment.xml": 1669107428240,
  "view/ProdDialog.fragment.xml": 1669107428240,
  "i18n/i18n.properties": 1669107428240,
  "view/Home.view.xml": 1671785672861,
  "view/ComponentDialog.fragment.xml": 1669107428240,
  "view/CompODBreakdown.fragment.xml": 1669107428240,
  "view/App.view.xml": 1669715346784,
  "css/style.css": 1669715346784,
  "index.html": 1669715346784
}