{
  "controller/App.controller.js": 1641295353559,
  "controller/BaseController.js": 1641295353559,
  "model/models.js": 1641295353499,
  "controller/Home.controller.js": 1641295353499,
  "manifest.json": 1641372312546,
  "i18n/i18n.properties": 1641295353499,
  "Component.js": 1641295353559,
  "manifest-bundle.zip": 1641372312565,
  "Component-preload.js": 1641372313107,
  "controller/BaseController-dbg.js": 1641295353559,
  "controller/Home-dbg.controller.js": 1641295353499,
  "model/models-dbg.js": 1641295353499,
  "controller/App-dbg.controller.js": 1641295353559,
  "Component-dbg.js": 1641295353559,
  "view/ProdDialog.fragment.xml": 1641295353503,
  "view/PredDialog.fragment.xml": 1641295353503,
  "view/ObjDepDialog.fragment.xml": 1641295353503,
  "view/LocDialog.fragment.xml": 1641295353503,
  "view/Home.view.xml": 1641295353499,
  "view/App.view.xml": 1641295353499,
  "css/style.css": 1641295353499,
  "index.html": 1641295353499
}