{
  "controller/Home.controller.js": 1642615180251,
  "controller/App.controller.js": 1641206284962,
  "model/models.js": 1641196294269,
  "i18n/i18n.properties": 1642614552471,
  "controller/BaseController.js": 1641201254609,
  "manifest.json": 1642615494676,
  "Component.js": 1641196294265,
  "manifest-bundle.zip": 1642615494694,
  "Component-preload.js": 1642615495238,
  "controller/Home-dbg.controller.js": 1642615180251,
  "model/models-dbg.js": 1641196294269,
  "controller/BaseController-dbg.js": 1641201254609,
  "controller/App-dbg.controller.js": 1641206284962,
  "Component-dbg.js": 1641196294265,
  "view/ProdDialog.fragment.xml": 1642573838059,
  "view/PredDialog.fragment.xml": 1642596209125,
  "view/ObjDepDialog.fragment.xml": 1642573838059,
  "view/LocDialog.fragment.xml": 1641201842817,
  "view/Home.view.xml": 1642613859359,
  "view/App.view.xml": 1641201713502,
  "css/style.css": 1641196294265,
  "index.html": 1641196294265
}