{
  "Component-dbg.js": 1669107428020,
  "manifest.json": 1669816732861,
  "utils/locate-reuse-libs.js": 1669107428020,
  "model/models.js": 1669107428020,
  "controller/Home.controller.js": 1669107428020,
  "controller/BaseController.js": 1669107428020,
  "controller/App.controller.js": 1669107428020,
  "Component.js": 1669107428020,
  "manifest-bundle.zip": 1669816732878,
  "Component-preload.js": 1669816733289,
  "controller/App-dbg.controller.js": 1669107428020,
  "model/models-dbg.js": 1669107428020,
  "controller/Home-dbg.controller.js": 1669107428020,
  "controller/BaseController-dbg.js": 1669107428020,
  "utils/locate-reuse-libs-dbg.js": 1669107428020,
  "i18n/i18n.properties": 1669107428020,
  "view/Home.view.xml": 1669715346708,
  "view/App.view.xml": 1669107428020,
  "css/style.css": 1669715346708,
  "index.html": 1669107428020
}