{
  "controller/Home-dbg.controller.js": 1668774907588,
  "controller/BaseController.js": 1668774907588,
  "utils/locate-reuse-libs.js": 1668774907588,
  "model/models.js": 1668774907588,
  "controller/Home.controller.js": 1668774907588,
  "manifest.json": 1668776672010,
  "controller/App.controller.js": 1668774907588,
  "Component.js": 1668774907588,
  "manifest-bundle.zip": 1668776672030,
  "Component-preload.js": 1668776672420,
  "i18n/i18n.properties": 1668774907588,
  "model/models-dbg.js": 1668774907588,
  "utils/locate-reuse-libs-dbg.js": 1668774907588,
  "controller/BaseController-dbg.js": 1668774907588,
  "controller/App-dbg.controller.js": 1668774907588,
  "Component-dbg.js": 1668774907588,
  "view/Home.view.xml": 1668774907588,
  "view/App.view.xml": 1668774907588,
  "css/style.css": 1668774907588,
  "index.html": 1668774907588
}