{
  "i18n/i18n.properties": 1662042606585,
  "manifest.json": 1668070812162,
  "utils/locate-reuse-libs.js": 1662042606589,
  "model/models.js": 1662042606589,
  "controller/Home.controller.js": 1667911337101,
  "controller/BaseController.js": 1662042606585,
  "controller/App.controller.js": 1662042606585,
  "Component.js": 1662042606585,
  "manifest-bundle.zip": 1668070812176,
  "Component-preload.js": 1668070812538,
  "utils/locate-reuse-libs-dbg.js": 1662042606589,
  "model/models-dbg.js": 1662042606589,
  "controller/Home-dbg.controller.js": 1667911337101,
  "controller/BaseController-dbg.js": 1662042606585,
  "controller/App-dbg.controller.js": 1662042606585,
  "Component-dbg.js": 1662042606585,
  "view/Home.view.xml": 1667911337101,
  "view/App.view.xml": 1662042606589,
  "css/style.css": 1662042606585,
  "index.html": 1667911337101
}