{
  "Component-dbg.js": 1661440197795,
  "controller/BaseController.js": 1661440197795,
  "utils/locate-reuse-libs.js": 1661440197795,
  "model/models.js": 1661440197795,
  "controller/Home.controller.js": 1661608541745,
  "manifest.json": 1666941183407,
  "controller/App.controller.js": 1661440197795,
  "Component.js": 1661440197795,
  "manifest-bundle.zip": 1666941183422,
  "Component-preload.js": 1666941183756,
  "controller/App-dbg.controller.js": 1661440197795,
  "model/models-dbg.js": 1661440197795,
  "controller/Home-dbg.controller.js": 1661608541745,
  "controller/BaseController-dbg.js": 1661440197795,
  "utils/locate-reuse-libs-dbg.js": 1661440197795,
  "i18n/i18n.properties": 1661440197795,
  "view/Home.view.xml": 1661440197795,
  "view/App.view.xml": 1661440197795,
  "css/style.css": 1661440197795,
  "index.html": 1661440197795
}