{
  "Component-preload.js": 1653568662394,
  "utils/locate-reuse-libs.js": 1653379439789,
  "manifest.json": 1653568662119,
  "model/models.js": 1653379439789,
  "controller/Home.controller.js": 1653499882335,
  "controller/BaseController.js": 1653379439785,
  "controller/App.controller.js": 1653379439785,
  "Component.js": 1653379439785,
  "manifest-bundle.zip": 1653568662132,
  "i18n/i18n.properties": 1653512215154,
  "controller/BaseController-dbg.js": 1653379439785,
  "model/models-dbg.js": 1653379439789,
  "controller/Home-dbg.controller.js": 1653499882335,
  "utils/locate-reuse-libs-dbg.js": 1653379439789,
  "controller/App-dbg.controller.js": 1653379439785,
  "Component-dbg.js": 1653379439785,
  "view/Home.view.xml": 1653513049068,
  "view/App.view.xml": 1653379439789,
  "css/style.css": 1653499882335,
  "index.html": 1653379439789
}