{
  "manifest.json": 1654763656995,
  "controller/BaseController.js": 1654686748648,
  "utils/locate-reuse-libs.js": 1654686748652,
  "model/models.js": 1654686748652,
  "controller/Home.controller.js": 1654686748648,
  "i18n/i18n.properties": 1654686748648,
  "controller/App.controller.js": 1654686748648,
  "Component.js": 1654686748648,
  "manifest-bundle.zip": 1654763657008,
  "Component-preload.js": 1654763657290,
  "Component-dbg.js": 1654686748648,
  "model/models-dbg.js": 1654686748652,
  "controller/Home-dbg.controller.js": 1654686748648,
  "controller/BaseController-dbg.js": 1654686748648,
  "controller/App-dbg.controller.js": 1654686748648,
  "utils/locate-reuse-libs-dbg.js": 1654686748652,
  "view/Home.view.xml": 1654686748652,
  "view/App.view.xml": 1654686748652,
  "css/style.css": 1654686748648,
  "index.html": 1654686748648
}