{
  "utils/locate-reuse-libs-dbg.js": 1653307575240,
  "controller/App.controller.js": 1653308308784,
  "utils/locate-reuse-libs.js": 1653307575240,
  "model/models.js": 1653307575248,
  "controller/Home.controller.js": 1653944106522,
  "controller/BaseController.js": 1653308316536,
  "manifest.json": 1654844244887,
  "Component.js": 1653307575236,
  "manifest-bundle.zip": 1654844244900,
  "Component-preload.js": 1654844245165,
  "model/models-dbg.js": 1653307575248,
  "i18n/i18n.properties": 1653651998376,
  "controller/Home-dbg.controller.js": 1653944106522,
  "controller/BaseController-dbg.js": 1653308316536,
  "controller/App-dbg.controller.js": 1653308308784,
  "Component-dbg.js": 1653307575236,
  "view/Home.view.xml": 1653833672550,
  "view/App.view.xml": 1653308298900,
  "css/style.css": 1654071939093,
  "index.html": 1653307575236
}