{
  "utils/locate-reuse-libs.js": 1653838853143,
  "controller/App.controller.js": 1653838853135,
  "i18n/i18n.properties": 1653838853135,
  "model/models.js": 1653838853143,
  "controller/Home.controller.js": 1653838853135,
  "controller/BaseController.js": 1653838853135,
  "manifest.json": 1654507265646,
  "Component.js": 1653838853135,
  "manifest-bundle.zip": 1654507265659,
  "Component-preload.js": 1654507265928,
  "model/models-dbg.js": 1653838853143,
  "utils/locate-reuse-libs-dbg.js": 1653838853143,
  "controller/Home-dbg.controller.js": 1653838853135,
  "controller/BaseController-dbg.js": 1653838853135,
  "controller/App-dbg.controller.js": 1653838853135,
  "Component-dbg.js": 1653838853135,
  "view/Home.view.xml": 1653838853143,
  "view/App.view.xml": 1653838853143,
  "css/style.css": 1653838853135,
  "index.html": 1653838853135
}