{
  "controller/Home-dbg.controller.js": 1654509516069,
  "controller/Home.controller.js": 1654509516069,
  "utils/locate-reuse-libs.js": 1653838853143,
  "model/models.js": 1653838853143,
  "manifest.json": 1654514217142,
  "controller/BaseController.js": 1653838853135,
  "controller/App.controller.js": 1653838853135,
  "Component.js": 1653838853135,
  "manifest-bundle.zip": 1654514217154,
  "Component-preload.js": 1654514217448,
  "Component-dbg.js": 1653838853135,
  "model/models-dbg.js": 1653838853143,
  "i18n/i18n.properties": 1653838853135,
  "controller/BaseController-dbg.js": 1653838853135,
  "controller/App-dbg.controller.js": 1653838853135,
  "utils/locate-reuse-libs-dbg.js": 1653838853143,
  "view/Home.view.xml": 1653838853143,
  "view/App.view.xml": 1653838853143,
  "css/style.css": 1654509516069,
  "index.html": 1653838853135
}