{
  "index.html": 1653379439789,
  "model/models.js": 1653379439789,
  "utils/locate-reuse-libs.js": 1653379439789,
  "manifest.json": 1654058881298,
  "controller/Home.controller.js": 1654054814227,
  "controller/BaseController.js": 1653379439785,
  "controller/App.controller.js": 1653379439785,
  "Component.js": 1653379439785,
  "manifest-bundle.zip": 1654058881310,
  "Component-preload.js": 1654058881593,
  "model/models-dbg.js": 1653379439789,
  "utils/locate-reuse-libs-dbg.js": 1653379439789,
  "controller/Home-dbg.controller.js": 1654054814227,
  "controller/BaseController-dbg.js": 1653379439785,
  "controller/App-dbg.controller.js": 1653379439785,
  "Component-dbg.js": 1653379439785,
  "view/Home.view.xml": 1654054814227,
  "view/App.view.xml": 1653379439789,
  "css/style.css": 1653499882335,
  "i18n/i18n.properties": 1653512215154
}