{
  "view/Details.view.xml": 1661153490916,
  "controller/ItemDetail.controller.js": 1661264937803,
  "utils/locate-reuse-libs.js": 1661153490912,
  "model/models.js": 1661153490912,
  "controller/ItemMaster.controller.js": 1661262299838,
  "manifest.json": 1661330144439,
  "controller/Details.controller.js": 1661153490912,
  "controller/BaseController.js": 1661153490912,
  "controller/App.controller.js": 1661153490912,
  "Component.js": 1661153490912,
  "manifest-bundle.zip": 1661330144452,
  "Component-preload.js": 1661330144881,
  "utils/locate-reuse-libs-dbg.js": 1661153490912,
  "model/models-dbg.js": 1661153490912,
  "controller/ItemMaster-dbg.controller.js": 1661262299838,
  "controller/ItemDetail-dbg.controller.js": 1661264937803,
  "controller/Details-dbg.controller.js": 1661153490912,
  "controller/BaseController-dbg.js": 1661153490912,
  "controller/App-dbg.controller.js": 1661153490912,
  "Component-dbg.js": 1661153490912,
  "view/RestrictionItem.fragment.xml": 1661262299842,
  "view/Restriction.fragment.xml": 1661262299842,
  "view/LocDialog.fragment.xml": 1661262299842,
  "view/LineDialog.fragment.xml": 1661262299838,
  "view/ItemMaster.view.xml": 1661262299838,
  "view/ItemDetail.view.xml": 1661262299838,
  "i18n/i18n.properties": 1661262299838,
  "view/App.view.xml": 1661153490916,
  "css/style.css": 1661153490912,
  "index.html": 1661153490912
}