{
  "view/className.fragment.xml": 1665479929717,
  "controller/App.controller.js": 1665479929713,
  "utils/locate-reuse-libs.js": 1665479929717,
  "model/models.js": 1665479929717,
  "controller/ItemMaster.controller.js": 1669214442602,
  "controller/ItemDetail.controller.js": 1665479929713,
  "controller/Details.controller.js": 1667910898110,
  "controller/BaseController.js": 1665479929713,
  "manifest.json": 1672149916878,
  "Component.js": 1665479929713,
  "manifest-bundle.zip": 1672149916891,
  "Component-preload.js": 1672149917434,
  "controller/App-dbg.controller.js": 1665479929713,
  "model/models-dbg.js": 1665479929717,
  "controller/ItemMaster-dbg.controller.js": 1669214442602,
  "controller/ItemDetail-dbg.controller.js": 1665479929713,
  "controller/Details-dbg.controller.js": 1667910898110,
  "controller/BaseController-dbg.js": 1665479929713,
  "utils/locate-reuse-libs-dbg.js": 1665479929717,
  "Component-dbg.js": 1665479929713,
  "i18n/i18n.properties": 1665479929717,
  "view/charValue.fragment.xml": 1665479929717,
  "view/charName.fragment.xml": 1665479929717,
  "view/RestrictionItem.fragment.xml": 1665479929717,
  "view/Restriction.fragment.xml": 1665479929717,
  "view/LocDialog.fragment.xml": 1665479929717,
  "view/LineDialog.fragment.xml": 1669214003138,
  "view/ItemMaster.view.xml": 1665479929717,
  "view/ItemDetail.view.xml": 1665479929717,
  "view/Details.view.xml": 1669371048754,
  "view/App.view.xml": 1665479929717,
  "css/style.css": 1669371048754,
  "index.html": 1667910898110
}