{
  "i18n/i18n.properties": 1653472177805,
  "Component.js": 1653472037927,
  "utils/locate-reuse-libs.js": 1653472037935,
  "model/models.js": 1653472037955,
  "controller/Home.controller.js": 1653502416254,
  "controller/Detail.controller.js": 1653487385738,
  "controller/BaseController.js": 1653475466760,
  "controller/App.controller.js": 1653475500016,
  "manifest.json": 1654844253327,
  "manifest-bundle.zip": 1654844253339,
  "Component-preload.js": 1654844253601,
  "controller/Home-dbg.controller.js": 1653502416254,
  "utils/locate-reuse-libs-dbg.js": 1653472037935,
  "controller/Detail-dbg.controller.js": 1653487385738,
  "controller/BaseController-dbg.js": 1653475466760,
  "controller/App-dbg.controller.js": 1653475500016,
  "model/models-dbg.js": 1653472037955,
  "Component-dbg.js": 1653472037927,
  "view/LocDialog.fragment.xml": 1653475568177,
  "view/LineDialog.fragment.xml": 1653487082442,
  "view/Home.view.xml": 1653476123900,
  "view/Detail.view.xml": 1653487251336,
  "view/App.view.xml": 1653475533324,
  "css/style.css": 1653472037959,
  "index.html": 1653472037927
}