{
  "controller/ItemDetail.controller.js": 1669107428244,
  "utils/locate-reuse-libs.js": 1669107428244,
  "manifest.json": 1669879264832,
  "model/models.js": 1669107428244,
  "controller/ItemMaster.controller.js": 1669715346788,
  "i18n/i18n.properties": 1669107428244,
  "controller/Details.controller.js": 1669107428244,
  "controller/BaseController.js": 1669107428244,
  "controller/App.controller.js": 1669107428244,
  "Component.js": 1669107428244,
  "manifest-bundle.zip": 1669879264843,
  "Component-preload.js": 1669879265295,
  "controller/ItemMaster-dbg.controller.js": 1669715346788,
  "model/models-dbg.js": 1669107428244,
  "utils/locate-reuse-libs-dbg.js": 1669107428244,
  "controller/ItemDetail-dbg.controller.js": 1669107428244,
  "controller/Details-dbg.controller.js": 1669107428244,
  "controller/BaseController-dbg.js": 1669107428244,
  "controller/App-dbg.controller.js": 1669107428244,
  "Component-dbg.js": 1669107428244,
  "view/className.fragment.xml": 1669107428244,
  "view/charValue.fragment.xml": 1669107428244,
  "view/charName.fragment.xml": 1669107428244,
  "view/RestrictionItem.fragment.xml": 1669107428244,
  "view/Restriction.fragment.xml": 1669107428244,
  "view/LocDialog.fragment.xml": 1669107428244,
  "view/LineDialog.fragment.xml": 1669715346788,
  "view/ItemMaster.view.xml": 1669107428244,
  "view/ItemDetail.view.xml": 1669107428244,
  "view/Details.view.xml": 1669715346788,
  "view/App.view.xml": 1669107428244,
  "css/style.css": 1669715346788,
  "index.html": 1669107428244
}