{
  "Component.js": 1661440197791,
  "i18n/i18n.properties": 1666693187686,
  "model/models.js": 1661440197791,
  "controller/Home.controller.js": 1666693187686,
  "controller/BaseController.js": 1661440197791,
  "controller/App.controller.js": 1661440197791,
  "manifest.json": 1667289489713,
  "manifest-bundle.zip": 1667289489732,
  "Component-preload.js": 1667289490244,
  "model/models-dbg.js": 1661440197791,
  "controller/Home-dbg.controller.js": 1666693187686,
  "controller/BaseController-dbg.js": 1661440197791,
  "controller/App-dbg.controller.js": 1661440197791,
  "Component-dbg.js": 1661440197791,
  "view/VersionDialog.fragment.xml": 1661440197791,
  "view/StructureNodeDialog.fragment.xml": 1661440197791,
  "view/ScenarioDialog.fragment.xml": 1661440197791,
  "view/ProdDialog.fragment.xml": 1661440197791,
  "view/LocDialog.fragment.xml": 1661440197791,
  "view/Home.view.xml": 1666693187686,
  "view/ComponentDialog.fragment.xml": 1661440197791,
  "view/CompODBreakdown.fragment.xml": 1662359369406,
  "view/AsmbCompDialog.fragment.xml": 1661440197791,
  "view/App.view.xml": 1661440197791,
  "css/style.css": 1661440197791,
  "index.html": 1661440197791
}