{
  "controller/App-dbg.controller.js": 1649242317022,
  "controller/BaseController.js": 1649242317022,
  "model/models.js": 1649242317022,
  "controller/Home.controller.js": 1653565692486,
  "manifest.json": 1654077883757,
  "controller/App.controller.js": 1649242317022,
  "Component.js": 1649242317022,
  "manifest-bundle.zip": 1654077883776,
  "Component-preload.js": 1654077884363,
  "model/models-dbg.js": 1649242317022,
  "controller/Home-dbg.controller.js": 1653565692486,
  "controller/BaseController-dbg.js": 1649242317022,
  "i18n/i18n.properties": 1654076988685,
  "Component-dbg.js": 1649242317022,
  "view/VersionDialog.fragment.xml": 1649242317022,
  "view/StructureNodeDialog.fragment.xml": 1649242317022,
  "view/ScenarioDialog.fragment.xml": 1649242317022,
  "view/ProdDialog.fragment.xml": 1649242317022,
  "view/LocDialog.fragment.xml": 1649242317022,
  "view/Home.view.xml": 1654054814199,
  "view/ComponentDialog.fragment.xml": 1649242317022,
  "view/CompODBreakdown.fragment.xml": 1649758051726,
  "view/AsmbCompDialog.fragment.xml": 1649758051726,
  "view/App.view.xml": 1649758051726,
  "css/style.css": 1654054814199,
  "index.html": 1650284448347
}