{
  "css/style.css": 1649758051726,
  "Component.js": 1649242317022,
  "model/models.js": 1649242317022,
  "controller/Home.controller.js": 1649758051726,
  "controller/BaseController.js": 1649242317022,
  "controller/App.controller.js": 1649242317022,
  "manifest.json": 1650367156028,
  "manifest-bundle.zip": 1650367156046,
  "Component-preload.js": 1650367156661,
  "model/models-dbg.js": 1649242317022,
  "controller/Home-dbg.controller.js": 1649758051726,
  "controller/BaseController-dbg.js": 1649242317022,
  "controller/App-dbg.controller.js": 1649242317022,
  "Component-dbg.js": 1649242317022,
  "view/VersionDialog.fragment.xml": 1649242317022,
  "view/StructureNodeDialog.fragment.xml": 1649242317022,
  "view/ScenarioDialog.fragment.xml": 1649242317022,
  "view/ProdDialog.fragment.xml": 1649242317022,
  "view/LocDialog.fragment.xml": 1649242317022,
  "view/Home.view.xml": 1649758051726,
  "view/ComponentDialog.fragment.xml": 1649242317022,
  "view/CompODBreakdown.fragment.xml": 1649758051726,
  "view/AsmbCompDialog.fragment.xml": 1649758051726,
  "view/App.view.xml": 1649758051726,
  "i18n/i18n.properties": 1649242317022,
  "index.html": 1650284448347
}