{
  "view/ComponentDialog.fragment.xml": 1662042606585,
  "controller/BaseController.js": 1662042606581,
  "model/models.js": 1662042606585,
  "controller/Home.controller.js": 1666250927842,
  "manifest.json": 1667565966269,
  "controller/App.controller.js": 1662042606581,
  "Component.js": 1662042606581,
  "manifest-bundle.zip": 1667565966285,
  "Component-preload.js": 1667565966865,
  "Component-dbg.js": 1662042606581,
  "controller/Home-dbg.controller.js": 1666250927842,
  "controller/BaseController-dbg.js": 1662042606581,
  "controller/App-dbg.controller.js": 1662042606581,
  "model/models-dbg.js": 1662042606585,
  "view/VersionDialog.fragment.xml": 1662042606585,
  "view/StructureNodeDialog.fragment.xml": 1662042606585,
  "view/ScenarioDialog.fragment.xml": 1662042606585,
  "view/ProdDialog.fragment.xml": 1662042606585,
  "view/LocDialog.fragment.xml": 1662042606585,
  "view/Home.view.xml": 1666250927850,
  "i18n/i18n.properties": 1666250927842,
  "view/CompODBreakdown.fragment.xml": 1662042606585,
  "view/AsmbCompDialog.fragment.xml": 1662042606585,
  "view/App.view.xml": 1662042606585,
  "css/style.css": 1662042606581,
  "index.html": 1662042606581
}