{
  "view/LocDialog.fragment.xml": 1647951010186,
  "model/models.js": 1647950261254,
  "manifest.json": 1648138417177,
  "controller/Home.controller.js": 1648135983903,
  "controller/BaseController.js": 1647950876749,
  "controller/App.controller.js": 1647950868737,
  "Component.js": 1647950261246,
  "manifest-bundle.zip": 1648138417190,
  "Component-preload.js": 1648138417751,
  "controller/App-dbg.controller.js": 1647950868737,
  "controller/Home-dbg.controller.js": 1648135983903,
  "controller/BaseController-dbg.js": 1647950876749,
  "model/models-dbg.js": 1647950261254,
  "Component-dbg.js": 1647950261246,
  "view/VersionDialog.fragment.xml": 1647951011062,
  "view/StructureNodeDialog.fragment.xml": 1647951010846,
  "view/ScenarioDialog.fragment.xml": 1647951010622,
  "view/ProdDialog.fragment.xml": 1647951010402,
  "i18n/i18n.properties": 1648137994762,
  "view/Home.view.xml": 1647951168303,
  "view/ComponentDialog.fragment.xml": 1647951009962,
  "view/CompODBreakdown.fragment.xml": 1647951009750,
  "view/App.view.xml": 1647951028358,
  "css/style.css": 1647950261250,
  "index.html": 1647950261250
}