{
  "view/AsmbCompDialog.fragment.xml": 1661869074967,
  "manifest.json": 1673353439194,
  "model/models.js": 1661869074963,
  "controller/Home.controller.js": 1673017061415,
  "controller/BaseController.js": 1661869074963,
  "controller/App.controller.js": 1661869074963,
  "Component.js": 1661869074963,
  "manifest-bundle.zip": 1673353439210,
  "Component-preload.js": 1673353439776,
  "Component-dbg.js": 1661869074963,
  "controller/Home-dbg.controller.js": 1673017061415,
  "controller/BaseController-dbg.js": 1661869074963,
  "controller/App-dbg.controller.js": 1661869074963,
  "model/models-dbg.js": 1661869074963,
  "view/VersionDialog.fragment.xml": 1661869074967,
  "view/StructureNodeDialog.fragment.xml": 1661869074967,
  "view/ScenarioDialog.fragment.xml": 1661869074967,
  "view/ProdDialog.fragment.xml": 1661869074967,
  "view/LocDialog.fragment.xml": 1672906269301,
  "view/Home.view.xml": 1672924154898,
  "view/DemandLocDialog.fragment.xml": 1673017061419,
  "view/ComponentDialog.fragment.xml": 1661869074967,
  "view/CompODBreakdown.fragment.xml": 1661869074967,
  "i18n/i18n.properties": 1666178721272,
  "view/App.view.xml": 1661869074967,
  "css/style.css": 1669364937913,
  "index.html": 1668670306169
}