{
  "Component-dbg.js": 1661869074963,
  "manifest.json": 1663749573526,
  "model/models.js": 1661869074963,
  "controller/Home.controller.js": 1661869074963,
  "controller/BaseController.js": 1661869074963,
  "controller/App.controller.js": 1661869074963,
  "Component.js": 1661869074963,
  "manifest-bundle.zip": 1663749573542,
  "Component-preload.js": 1663749574132,
  "controller/App-dbg.controller.js": 1661869074963,
  "controller/Home-dbg.controller.js": 1661869074963,
  "controller/BaseController-dbg.js": 1661869074963,
  "model/models-dbg.js": 1661869074963,
  "i18n/i18n.properties": 1661869074963,
  "view/VersionDialog.fragment.xml": 1661869074967,
  "view/StructureNodeDialog.fragment.xml": 1661869074967,
  "view/ScenarioDialog.fragment.xml": 1661869074967,
  "view/ProdDialog.fragment.xml": 1661869074967,
  "view/LocDialog.fragment.xml": 1661869074967,
  "view/Home.view.xml": 1661869074967,
  "view/ComponentDialog.fragment.xml": 1661869074967,
  "view/CompODBreakdown.fragment.xml": 1661869074967,
  "view/AsmbCompDialog.fragment.xml": 1661869074967,
  "view/App.view.xml": 1661869074967,
  "css/style.css": 1661869074963,
  "index.html": 1661869074963
}