{
  "view/CompODBreakdown.fragment.xml": 1655901766467,
  "controller/BaseController.js": 1655901766467,
  "model/models.js": 1655901766467,
  "controller/Home.controller.js": 1656584934077,
  "manifest.json": 1657800199728,
  "controller/App.controller.js": 1655901766467,
  "Component.js": 1655901766467,
  "manifest-bundle.zip": 1657800199748,
  "Component-preload.js": 1657800200629,
  "controller/BaseController-dbg.js": 1655901766467,
  "controller/Home-dbg.controller.js": 1656584934077,
  "model/models-dbg.js": 1655901766467,
  "controller/App-dbg.controller.js": 1655901766467,
  "Component-dbg.js": 1655901766467,
  "view/VersionDialog.fragment.xml": 1655901766467,
  "view/StructureNodeDialog.fragment.xml": 1655901766467,
  "view/ScenarioDialog.fragment.xml": 1655901766467,
  "view/ProdDialog.fragment.xml": 1655901766467,
  "view/LocDialog.fragment.xml": 1655901766467,
  "view/Home.view.xml": 1655901766467,
  "view/ComponentDialog.fragment.xml": 1655901766467,
  "i18n/i18n.properties": 1655901766467,
  "view/AsmbCompDialog.fragment.xml": 1655901766467,
  "view/App.view.xml": 1655901766467,
  "css/style.css": 1655901766467,
  "index.html": 1655901766467
}