{
  "model/models.js": 1638526699495,
  "controller/App.controller.js": 1638544519604,
  "i18n/i18n.properties": 1638539212151,
  "model/formatter.js": 1638526699491,
  "controller/Worklist.controller.js": 1638544591764,
  "controller/Object.controller.js": 1638527181959,
  "controller/NotFound.controller.js": 1638527181939,
  "controller/ErrorHandler.js": 1638527181935,
  "controller/BaseController.js": 1638527181935,
  "manifest.json": 1638735222452,
  "Component.js": 1638544406800,
  "manifest-bundle.zip": 1638735222469,
  "Component-preload.js": 1638735222937,
  "controller/App-dbg.controller.js": 1638544519604,
  "model/formatter-dbg.js": 1638526699491,
  "controller/Worklist-dbg.controller.js": 1638544591764,
  "controller/Object-dbg.controller.js": 1638527181959,
  "controller/NotFound-dbg.controller.js": 1638527181939,
  "controller/ErrorHandler-dbg.js": 1638527181935,
  "controller/BaseController-dbg.js": 1638527181935,
  "model/models-dbg.js": 1638526699495,
  "Component-dbg.js": 1638544406800,
  "view/Worklist.view.xml": 1638544212261,
  "view/ObjectNotFound.view.xml": 1638527194183,
  "view/Object.view.xml": 1638527182047,
  "view/NotFound.view.xml": 1638527182047,
  "view/App.view.xml": 1638527182047,
  "index.html": 1638527181959
}