{
  "controller/BaseController-dbg.js": 1641814964258,
  "controller/App.controller.js": 1641814964258,
  "model/models.js": 1641814964266,
  "controller/NodeMaster.controller.js": 1641814964262,
  "controller/NodeDetail.controller.js": 1641814964262,
  "controller/Home.controller.js": 1641814964262,
  "controller/Detail.controller.js": 1641814964262,
  "controller/BaseController.js": 1641814964258,
  "manifest.json": 1642676091131,
  "Component.js": 1641814964258,
  "manifest-bundle.zip": 1642676091149,
  "Component-preload.js": 1642676091608,
  "model/models-dbg.js": 1641814964266,
  "controller/NodeMaster-dbg.controller.js": 1641814964262,
  "controller/NodeDetail-dbg.controller.js": 1641814964262,
  "controller/Home-dbg.controller.js": 1641814964262,
  "controller/Detail-dbg.controller.js": 1641814964262,
  "i18n/i18n.properties": 1641814964266,
  "controller/App-dbg.controller.js": 1641814964258,
  "Component-dbg.js": 1641814964258,
  "view/NodeMaster.view.xml": 1641814964274,
  "view/NodeDetail.view.xml": 1641814964274,
  "view/Home.view.xml": 1641814964274,
  "view/Detail.view.xml": 1641814964274,
  "view/CreateNode.fragment.xml": 1641814964274,
  "view/App.view.xml": 1641814964274,
  "css/style.css": 1641814964262,
  "index.html": 1641814964266
}