{
  "controller/ItemDetail.controller.js": 1654071302131,
  "controller/Details.controller.js": 1645105342287,
  "utils/locate-reuse-libs.js": 1645104320297,
  "model/models.js": 1645104320293,
  "controller/ItemMaster.controller.js": 1649056588604,
  "i18n/i18n.properties": 1645519964237,
  "manifest.json": 1654681543244,
  "controller/BaseController.js": 1645105304483,
  "controller/App.controller.js": 1645104513661,
  "Component.js": 1645104320285,
  "manifest-bundle.zip": 1654681543259,
  "Component-preload.js": 1654681543748,
  "controller/ItemDetail-dbg.controller.js": 1654071302131,
  "model/models-dbg.js": 1645104320293,
  "controller/ItemMaster-dbg.controller.js": 1649056588604,
  "utils/locate-reuse-libs-dbg.js": 1645104320297,
  "controller/Details-dbg.controller.js": 1645105342287,
  "controller/BaseController-dbg.js": 1645105304483,
  "controller/App-dbg.controller.js": 1645104513661,
  "Component-dbg.js": 1645104320285,
  "view/ViewNodes.fragment.xml": 1645104693557,
  "view/StructureNodes.fragment.xml": 1645104693557,
  "view/ProdDialog.fragment.xml": 1645104693557,
  "view/LocDialog.fragment.xml": 1645104693557,
  "view/ItemMaster.view.xml": 1645210932112,
  "view/ItemDetail.view.xml": 1653917311991,
  "view/Details.view.xml": 1645105454707,
  "view/App.view.xml": 1645105435887,
  "view/AccessNodesList.fragment.xml": 1645104693565,
  "view/AccesNodes.fragment.xml": 1645104693565,
  "css/style.css": 1653915595404,
  "index.html": 1650361934079
}