{
  "model/models-dbg.js": 1654686745496,
  "controller/ItemMaster.controller.js": 1654686745484,
  "utils/locate-reuse-libs.js": 1654686745496,
  "model/models.js": 1654686745496,
  "manifest.json": 1654763610553,
  "controller/ItemDetail.controller.js": 1654686745484,
  "controller/Details.controller.js": 1654686745484,
  "controller/BaseController.js": 1654686745484,
  "controller/App.controller.js": 1654686745484,
  "Component.js": 1654686745484,
  "manifest-bundle.zip": 1654763610569,
  "Component-preload.js": 1654763611131,
  "controller/ItemDetail-dbg.controller.js": 1654686745484,
  "i18n/i18n.properties": 1654686745488,
  "controller/ItemMaster-dbg.controller.js": 1654686745484,
  "utils/locate-reuse-libs-dbg.js": 1654686745496,
  "controller/Details-dbg.controller.js": 1654686745484,
  "controller/BaseController-dbg.js": 1654686745484,
  "controller/App-dbg.controller.js": 1654686745484,
  "Component-dbg.js": 1654686745484,
  "view/ViewNodes.fragment.xml": 1654686745496,
  "view/StructureNodes.fragment.xml": 1654686745496,
  "view/ProdDialog.fragment.xml": 1654686745496,
  "view/LocDialog.fragment.xml": 1654686745496,
  "view/ItemMaster.view.xml": 1654686745496,
  "view/ItemDetail.view.xml": 1654686745496,
  "view/Details.view.xml": 1654686745496,
  "view/App.view.xml": 1654686745496,
  "view/AccessNodesList.fragment.xml": 1654686745496,
  "view/AccesNodes.fragment.xml": 1654686745496,
  "css/style.css": 1654686745484,
  "index.html": 1654686745488
}