{
  "view/AccesNodes.fragment.xml": 1669789252653,
  "controller/ItemDetail.controller.js": 1669789252649,
  "utils/locate-reuse-libs.js": 1669789252653,
  "model/models.js": 1669789252653,
  "controller/ItemMaster.controller.js": 1669789252649,
  "manifest.json": 1671619907213,
  "controller/Details.controller.js": 1669789252649,
  "controller/BaseController.js": 1669789252649,
  "controller/App.controller.js": 1669789252649,
  "Component.js": 1669789252649,
  "manifest-bundle.zip": 1671619907228,
  "Component-preload.js": 1671619907776,
  "controller/App-dbg.controller.js": 1669789252649,
  "model/models-dbg.js": 1669789252653,
  "controller/ItemMaster-dbg.controller.js": 1669789252649,
  "controller/ItemDetail-dbg.controller.js": 1669789252649,
  "controller/Details-dbg.controller.js": 1669789252649,
  "controller/BaseController-dbg.js": 1669789252649,
  "utils/locate-reuse-libs-dbg.js": 1669789252653,
  "Component-dbg.js": 1669789252649,
  "view/ViewNodes.fragment.xml": 1669789252653,
  "view/StructureNodes.fragment.xml": 1669789252653,
  "view/ProdDialog.fragment.xml": 1669789252653,
  "view/LocDialog.fragment.xml": 1669789252653,
  "view/ItemMaster.view.xml": 1669789252653,
  "view/ItemDetail.view.xml": 1669789252653,
  "view/Details.view.xml": 1669789349558,
  "view/App.view.xml": 1669789252653,
  "view/AccessNodesList.fragment.xml": 1669789252653,
  "i18n/i18n.properties": 1669789252649,
  "css/style.css": 1669789349554,
  "index.html": 1669789252649
}