{
  "Component-preload.js": 1646397158819,
  "controller/App.controller.js": 1645111634104,
  "utils/locate-reuse-libs.js": 1645111634108,
  "model/models.js": 1645111634108,
  "controller/ItemMaster.controller.js": 1645794384189,
  "controller/ItemDetail.controller.js": 1645795794385,
  "controller/Details.controller.js": 1645111634104,
  "controller/BaseController.js": 1645111634104,
  "manifest.json": 1646397158090,
  "Component.js": 1645111634104,
  "manifest-bundle.zip": 1646397158110,
  "i18n/i18n.properties": 1645527818993,
  "controller/BaseController-dbg.js": 1645111634104,
  "model/models-dbg.js": 1645111634108,
  "controller/ItemMaster-dbg.controller.js": 1645794384189,
  "controller/ItemDetail-dbg.controller.js": 1645795794385,
  "controller/Details-dbg.controller.js": 1645111634104,
  "utils/locate-reuse-libs-dbg.js": 1645111634108,
  "controller/App-dbg.controller.js": 1645111634104,
  "Component-dbg.js": 1645111634104,
  "view/ViewNodes.fragment.xml": 1645111634112,
  "view/StructureNodes.fragment.xml": 1645111634108,
  "view/ProdDialog.fragment.xml": 1645111634108,
  "view/LocDialog.fragment.xml": 1645111634108,
  "view/ItemMaster.view.xml": 1645431799033,
  "view/ItemDetail.view.xml": 1645527818993,
  "view/Details.view.xml": 1645111634108,
  "view/App.view.xml": 1645111634108,
  "view/AccessNodesList.fragment.xml": 1645111634108,
  "view/AccesNodes.fragment.xml": 1645111634108,
  "css/style.css": 1645527818993,
  "index.html": 1645111634104
}