{
  "view/AccessNodesList.fragment.xml": 1649242317026,
  "Component.js": 1649242317026,
  "utils/locate-reuse-libs.js": 1649242317026,
  "model/models.js": 1649242317026,
  "controller/ItemMaster.controller.js": 1649242317026,
  "controller/ItemDetail.controller.js": 1654076988685,
  "controller/Details.controller.js": 1649242317026,
  "controller/BaseController.js": 1649242317026,
  "controller/App.controller.js": 1649242317026,
  "manifest.json": 1654077835132,
  "manifest-bundle.zip": 1654077835145,
  "Component-preload.js": 1654077835769,
  "Component-dbg.js": 1649242317026,
  "model/models-dbg.js": 1649242317026,
  "controller/ItemMaster-dbg.controller.js": 1649242317026,
  "controller/ItemDetail-dbg.controller.js": 1654076988685,
  "controller/Details-dbg.controller.js": 1649242317026,
  "controller/BaseController-dbg.js": 1649242317026,
  "controller/App-dbg.controller.js": 1649242317026,
  "utils/locate-reuse-libs-dbg.js": 1649242317026,
  "view/ViewNodes.fragment.xml": 1649242317026,
  "view/StructureNodes.fragment.xml": 1649242317026,
  "view/ProdDialog.fragment.xml": 1649242317026,
  "view/LocDialog.fragment.xml": 1649242317026,
  "view/ItemMaster.view.xml": 1649242317026,
  "view/ItemDetail.view.xml": 1654054814199,
  "view/Details.view.xml": 1649242317026,
  "view/App.view.xml": 1649242317026,
  "i18n/i18n.properties": 1649242317026,
  "view/AccesNodes.fragment.xml": 1649242317026,
  "css/style.css": 1654054814199,
  "index.html": 1650284431847
}