{
  "model/models.js": 1665479929577,
  "manifest.json": 1665566871438,
  "utils/locate-reuse-libs.js": 1665479929577,
  "i18n/i18n.properties": 1665479929577,
  "controller/ItemMaster.controller.js": 1665479929577,
  "controller/ItemDetail.controller.js": 1665479929577,
  "controller/Details.controller.js": 1665479929573,
  "controller/BaseController.js": 1665479929573,
  "controller/App.controller.js": 1665479929573,
  "Component.js": 1665479929569,
  "manifest-bundle.zip": 1665566871450,
  "Component-preload.js": 1665566872004,
  "Component-dbg.js": 1665479929569,
  "model/models-dbg.js": 1665479929577,
  "controller/ItemMaster-dbg.controller.js": 1665479929577,
  "controller/ItemDetail-dbg.controller.js": 1665479929577,
  "controller/Details-dbg.controller.js": 1665479929573,
  "controller/BaseController-dbg.js": 1665479929573,
  "controller/App-dbg.controller.js": 1665479929573,
  "utils/locate-reuse-libs-dbg.js": 1665479929577,
  "view/ViewNodes.fragment.xml": 1665479929577,
  "view/StructureNodes.fragment.xml": 1665479929577,
  "view/ProdDialog.fragment.xml": 1665479929577,
  "view/LocDialog.fragment.xml": 1665479929577,
  "view/ItemMaster.view.xml": 1665479929577,
  "view/ItemDetail.view.xml": 1665479929577,
  "view/Details.view.xml": 1665479929577,
  "view/App.view.xml": 1665479929577,
  "view/AccessNodesList.fragment.xml": 1665479929577,
  "view/AccesNodes.fragment.xml": 1665479929577,
  "css/style.css": 1665479929577,
  "index.html": 1665479929577
}