{
  "model/models.js": 1654124324798,
  "controller/Home.controller.js": 1654124324798,
  "i18n/i18n.properties": 1654124324798,
  "manifest.json": 1654127065981,
  "controller/BaseController.js": 1654124324794,
  "controller/App.controller.js": 1654124324794,
  "Component.js": 1654124324794,
  "manifest-bundle.zip": 1654127065999,
  "Component-preload.js": 1654127066498,
  "controller/Home-dbg.controller.js": 1654124324798,
  "model/models-dbg.js": 1654124324798,
  "controller/BaseController-dbg.js": 1654124324794,
  "controller/App-dbg.controller.js": 1654124324794,
  "Component-dbg.js": 1654124324794,
  "view/ProdDialog.fragment.xml": 1654124324798,
  "view/PredDialog.fragment.xml": 1654124324798,
  "view/ObjDepDialog.fragment.xml": 1654124324798,
  "view/LocDialog.fragment.xml": 1654124324798,
  "view/Home.view.xml": 1654124324798,
  "view/Details.fragment.xml": 1654124324798,
  "view/App.view.xml": 1654124324798,
  "css/style.css": 1654124324798,
  "index.html": 1654124324798
}