{
  "view/PredDialog.fragment.xml": 1641814964294,
  "controller/Home.controller.js": 1641814964294,
  "model/models.js": 1641814964294,
  "manifest.json": 1641909177562,
  "controller/BaseController.js": 1641814964294,
  "controller/App.controller.js": 1641814964294,
  "Component.js": 1641814964294,
  "manifest-bundle.zip": 1641909177577,
  "Component-preload.js": 1641909178062,
  "controller/BaseController-dbg.js": 1641814964294,
  "controller/Home-dbg.controller.js": 1641814964294,
  "model/models-dbg.js": 1641814964294,
  "controller/App-dbg.controller.js": 1641814964294,
  "Component-dbg.js": 1641814964294,
  "view/ProdDialog.fragment.xml": 1641814964294,
  "i18n/i18n.properties": 1641814964294,
  "view/ObjDepDialog.fragment.xml": 1641814964294,
  "view/LocDialog.fragment.xml": 1641814964294,
  "view/Home.view.xml": 1641814964294,
  "view/App.view.xml": 1641814964294,
  "css/style.css": 1641814964294,
  "index.html": 1641814964294
}