{
  "css/style.css": 1649242316974,
  "controller/Home.controller.js": 1650269280037,
  "model/models.js": 1649242316974,
  "manifest.json": 1650286843177,
  "controller/BaseController.js": 1649242316974,
  "controller/App.controller.js": 1649758051722,
  "Component.js": 1649242316974,
  "manifest-bundle.zip": 1650286843194,
  "Component-preload.js": 1650286844128,
  "controller/Home-dbg.controller.js": 1650269280037,
  "model/models-dbg.js": 1649242316974,
  "controller/BaseController-dbg.js": 1649242316974,
  "controller/App-dbg.controller.js": 1649758051722,
  "Component-dbg.js": 1649242316974,
  "view/ProdDialog.fragment.xml": 1649242316974,
  "view/PredDialog.fragment.xml": 1649242316974,
  "view/ObjDepDialog.fragment.xml": 1649242316974,
  "view/LocDialog.fragment.xml": 1649242316974,
  "view/Home.view.xml": 1649758051722,
  "view/App.view.xml": 1649242316974,
  "i18n/i18n.properties": 1649242316974,
  "index.html": 1650284334203
}