{
  "view/Home.view.xml": 1649317541782,
  "Component.js": 1641823720395,
  "model/models.js": 1641823720395,
  "controller/Home.controller.js": 1650885376595,
  "controller/BaseController.js": 1641823720395,
  "controller/App.controller.js": 1649317301509,
  "manifest.json": 1654843818644,
  "manifest-bundle.zip": 1654843818666,
  "Component-preload.js": 1654843819086,
  "model/models-dbg.js": 1641823720395,
  "controller/Home-dbg.controller.js": 1650885376595,
  "controller/BaseController-dbg.js": 1641823720395,
  "controller/App-dbg.controller.js": 1649317301509,
  "Component-dbg.js": 1641823720395,
  "view/ProdDialog.fragment.xml": 1642539357370,
  "view/PredDialog.fragment.xml": 1645704126770,
  "view/ObjDepDialog.fragment.xml": 1643363011687,
  "view/LocDialog.fragment.xml": 1646324457702,
  "i18n/i18n.properties": 1646635533097,
  "view/Details.fragment.xml": 1650627033664,
  "view/App.view.xml": 1641823720395,
  "css/style.css": 1646325685828,
  "index.html": 1650361898943
}