{
  "view/PredDialog.fragment.xml": 1641201881322,
  "Component.js": 1641196294265,
  "model/models.js": 1641196294269,
  "controller/Home.controller.js": 1641293103745,
  "controller/BaseController.js": 1641201254609,
  "controller/App.controller.js": 1641206284962,
  "manifest.json": 1641368330762,
  "manifest-bundle.zip": 1641368330778,
  "Component-preload.js": 1641368331265,
  "controller/App-dbg.controller.js": 1641206284962,
  "controller/Home-dbg.controller.js": 1641293103745,
  "controller/BaseController-dbg.js": 1641201254609,
  "model/models-dbg.js": 1641196294269,
  "Component-dbg.js": 1641196294265,
  "view/ProdDialog.fragment.xml": 1641201865845,
  "i18n/i18n.properties": 1641214536218,
  "view/ObjDepDialog.fragment.xml": 1641201901506,
  "view/LocDialog.fragment.xml": 1641201842817,
  "view/Home.view.xml": 1641235535385,
  "view/App.view.xml": 1641201713502,
  "css/style.css": 1641196294265,
  "index.html": 1641196294265
}