{
  "Component.js": 1655902011245,
  "controller/BaseController.js": 1655902011245,
  "utils/locate-reuse-libs.js": 1655902011373,
  "model/models.js": 1655902011373,
  "controller/Home.controller.js": 1655906365808,
  "controller/Detail.controller.js": 1655906398709,
  "manifest.json": 1656097769703,
  "controller/App.controller.js": 1655902011245,
  "i18n/i18n.properties": 1655902011245,
  "manifest-bundle.zip": 1656097769715,
  "Component-preload.js": 1656097770184,
  "controller/App-dbg.controller.js": 1655902011245,
  "model/models-dbg.js": 1655902011373,
  "controller/Home-dbg.controller.js": 1655906365808,
  "controller/Detail-dbg.controller.js": 1655906398709,
  "controller/BaseController-dbg.js": 1655902011245,
  "utils/locate-reuse-libs-dbg.js": 1655902011373,
  "Component-dbg.js": 1655902011245,
  "view/className.fragment.xml": 1655902011373,
  "view/charValue.fragment.xml": 1655902011373,
  "view/charName.fragment.xml": 1655902011373,
  "view/ProdDialog.fragment.xml": 1655902011373,
  "view/LocDialog.fragment.xml": 1655902011373,
  "view/Home.view.xml": 1655902011373,
  "view/Detail.view.xml": 1655902011373,
  "view/CharDetails.fragment.xml": 1655902011373,
  "view/App.view.xml": 1655902011373,
  "css/style.css": 1655902011245,
  "index.html": 1655902011245
}