{
  "Component-preload.js": 1650010708425,
  "Component.js": 1649955407273,
  "utils/locate-reuse-libs.js": 1649955407285,
  "model/models.js": 1649955407289,
  "controller/Home.controller.js": 1649956701805,
  "controller/BaseController.js": 1649956824409,
  "controller/App.controller.js": 1649956812117,
  "manifest.json": 1650010708023,
  "manifest-bundle.zip": 1650010708036,
  "i18n/i18n.properties": 1649958086838,
  "controller/Home-dbg.controller.js": 1649956701805,
  "model/models-dbg.js": 1649955407289,
  "utils/locate-reuse-libs-dbg.js": 1649955407285,
  "controller/BaseController-dbg.js": 1649956824409,
  "controller/App-dbg.controller.js": 1649956812117,
  "Component-dbg.js": 1649955407273,
  "view/ProdDialog.fragment.xml": 1649957028229,
  "view/LocDialog.fragment.xml": 1649957027945,
  "view/Home.view.xml": 1649958197378,
  "view/CreateProduct.fragment.xml": 1649957027669,
  "view/App.view.xml": 1649957049981,
  "css/style.css": 1649958144418,
  "index.html": 1649955407277
}