{
  "Component-preload.js": 1650883114171,
  "Component.js": 1649955407273,
  "utils/locate-reuse-libs.js": 1649955407285,
  "model/models.js": 1649955407289,
  "controller/Home.controller.js": 1650451273284,
  "controller/Detail.controller.js": 1650451273284,
  "controller/BaseController.js": 1649956824409,
  "controller/App.controller.js": 1649956812117,
  "manifest.json": 1650883113607,
  "manifest-bundle.zip": 1650883113629,
  "i18n/i18n.properties": 1650451273288,
  "controller/Detail-dbg.controller.js": 1650451273284,
  "model/models-dbg.js": 1649955407289,
  "controller/Home-dbg.controller.js": 1650451273284,
  "utils/locate-reuse-libs-dbg.js": 1649955407285,
  "controller/BaseController-dbg.js": 1649956824409,
  "controller/App-dbg.controller.js": 1649956812117,
  "Component-dbg.js": 1649955407273,
  "view/className.fragment.xml": 1650451273300,
  "view/charValue.fragment.xml": 1650451273296,
  "view/charName.fragment.xml": 1650451273296,
  "view/ProdDialog.fragment.xml": 1649957028229,
  "view/LocDialog.fragment.xml": 1649957027945,
  "view/Home.view.xml": 1650451273296,
  "view/Detail.view.xml": 1650451273296,
  "view/CharDetails.fragment.xml": 1650451273292,
  "view/App.view.xml": 1649957049981,
  "css/style.css": 1650451273284,
  "index.html": 1650377730931
}