{
  "controller/App-dbg.controller.js": 1665479929505,
  "controller/Home.controller.js": 1666169199798,
  "utils/locate-reuse-libs.js": 1665479929509,
  "model/models.js": 1665479929509,
  "manifest.json": 1666266856300,
  "controller/BaseController.js": 1665479929505,
  "controller/App.controller.js": 1665479929505,
  "Component.js": 1665479929505,
  "manifest-bundle.zip": 1666266856318,
  "Component-preload.js": 1666266856900,
  "utils/locate-reuse-libs-dbg.js": 1665479929509,
  "model/models-dbg.js": 1665479929509,
  "controller/Home-dbg.controller.js": 1666169199798,
  "controller/BaseController-dbg.js": 1665479929505,
  "i18n/i18n.properties": 1666258684108,
  "Component-dbg.js": 1665479929505,
  "view/VersionDialog.fragment.xml": 1665479929509,
  "view/ScenarioDialog.fragment.xml": 1665479929509,
  "view/ProdDialog.fragment.xml": 1665479929509,
  "view/LocDialog.fragment.xml": 1665479929509,
  "view/Home.view.xml": 1666258684112,
  "view/CharDetails.fragment.xml": 1665479929509,
  "view/App.view.xml": 1665479929509,
  "css/style.css": 1666100768189,
  "index.html": 1665479929509
}