{
  "index.html": 1668774907520,
  "utils/locate-reuse-libs.js": 1668774907520,
  "manifest.json": 1668776746488,
  "model/models.js": 1668774907520,
  "controller/Home.controller.js": 1668774907520,
  "controller/BaseController.js": 1668774907520,
  "controller/App.controller.js": 1668774907520,
  "Component.js": 1668774907520,
  "manifest-bundle.zip": 1668776746497,
  "Component-preload.js": 1668776746879,
  "controller/App-dbg.controller.js": 1668774907520,
  "model/models-dbg.js": 1668774907520,
  "controller/Home-dbg.controller.js": 1668774907520,
  "controller/BaseController-dbg.js": 1668774907520,
  "utils/locate-reuse-libs-dbg.js": 1668774907520,
  "Component-dbg.js": 1668774907520,
  "view/VersionDialog.fragment.xml": 1668774907520,
  "view/ScenarioDialog.fragment.xml": 1668774907520,
  "view/ProdDialog.fragment.xml": 1668774907520,
  "view/LocDialog.fragment.xml": 1668774907520,
  "view/Home.view.xml": 1668774907520,
  "view/CharDetails.fragment.xml": 1668774907520,
  "view/App.view.xml": 1668774907520,
  "css/style.css": 1668774907520,
  "i18n/i18n.properties": 1668774907520
}