{
  "Component-dbg.js": 1669107427940,
  "manifest.json": 1672939716290,
  "utils/locate-reuse-libs.js": 1669107427944,
  "model/models.js": 1669107427944,
  "controller/UniqueCharDetails.controller.js": 1672913097756,
  "controller/Home.controller.js": 1672931374850,
  "controller/BaseController.js": 1672913097756,
  "controller/App.controller.js": 1669107427940,
  "Component.js": 1669107427940,
  "manifest-bundle.zip": 1672939716305,
  "Component-preload.js": 1672939717149,
  "i18n/i18n.properties": 1672913097756,
  "model/models-dbg.js": 1669107427944,
  "controller/UniqueCharDetails-dbg.controller.js": 1672913097756,
  "controller/Home-dbg.controller.js": 1672931374850,
  "controller/BaseController-dbg.js": 1672913097756,
  "controller/App-dbg.controller.js": 1669107427940,
  "utils/locate-reuse-libs-dbg.js": 1669107427944,
  "view/VersionDialog.fragment.xml": 1669107427944,
  "view/UniqueChars.fragment.xml": 1671530624082,
  "view/UniqueCharDetails.view.xml": 1672913097756,
  "view/ScenarioDialog.fragment.xml": 1669107427944,
  "view/ProdDialog.fragment.xml": 1672913097756,
  "view/LocDialog.fragment.xml": 1672913097756,
  "view/Home.view.xml": 1672913097756,
  "view/DemandLocDialog.fragment.xml": 1672913097756,
  "view/CharDetails.fragment.xml": 1669107427944,
  "view/App.view.xml": 1669107427944,
  "css/style.css": 1672913097756,
  "index.html": 1669107427940
}