{
  "model/models.js": 1665479929509,
  "manifest.json": 1672387842412,
  "utils/locate-reuse-libs.js": 1665479929509,
  "i18n/i18n.properties": 1669712774014,
  "controller/UniqueCharDetails.controller.js": 1671710777689,
  "controller/Home.controller.js": 1671710777689,
  "controller/BaseController.js": 1665479929505,
  "controller/App.controller.js": 1665479929505,
  "Component.js": 1665479929505,
  "manifest-bundle.zip": 1672387842429,
  "Component-preload.js": 1672387843039,
  "utils/locate-reuse-libs-dbg.js": 1665479929509,
  "model/models-dbg.js": 1665479929509,
  "controller/UniqueCharDetails-dbg.controller.js": 1671710777689,
  "controller/Home-dbg.controller.js": 1671710777689,
  "controller/BaseController-dbg.js": 1665479929505,
  "controller/App-dbg.controller.js": 1665479929505,
  "Component-dbg.js": 1665479929505,
  "view/VersionDialog.fragment.xml": 1665479929509,
  "view/UniqueChars.fragment.xml": 1671710777689,
  "view/UniqueCharDetails.view.xml": 1671710777689,
  "view/ScenarioDialog.fragment.xml": 1665479929509,
  "view/ProdDialog.fragment.xml": 1665479929509,
  "view/LocDialog.fragment.xml": 1665479929509,
  "view/Home.view.xml": 1671713513268,
  "view/CharDetails.fragment.xml": 1665479929509,
  "view/App.view.xml": 1665479929509,
  "css/style.css": 1670241770324,
  "index.html": 1667910898058
}