{
  "model/models.js": 1662662017077,
  "controller/App.controller.js": 1662994029038,
  "utils/locate-reuse-libs.js": 1662662017073,
  "i18n/i18n.properties": 1666943499797,
  "controller/Home.controller.js": 1669282198061,
  "controller/BaseController.js": 1662663737361,
  "manifest.json": 1669284557119,
  "Component.js": 1662662017069,
  "manifest-bundle.zip": 1669284557137,
  "Component-preload.js": 1669284557715,
  "Component-dbg.js": 1662662017069,
  "model/models-dbg.js": 1662662017077,
  "controller/Home-dbg.controller.js": 1669282198061,
  "controller/BaseController-dbg.js": 1662663737361,
  "controller/App-dbg.controller.js": 1662994029038,
  "utils/locate-reuse-libs-dbg.js": 1662662017073,
  "view/VersionDialog.fragment.xml": 1662663989838,
  "view/ScenarioDialog.fragment.xml": 1662663979098,
  "view/ProdDialog.fragment.xml": 1662663965054,
  "view/LocDialog.fragment.xml": 1662663952782,
  "view/Home.view.xml": 1669234056886,
  "view/CharDetails.fragment.xml": 1663748826516,
  "view/App.view.xml": 1662663298963,
  "css/style.css": 1668970760121,
  "index.html": 1668670306137
}