{
  "controller/Home-dbg.controller.js": 1668165327791,
  "controller/BaseController.js": 1665484360548,
  "utils/locate-reuse-libs.js": 1665484360548,
  "model/models.js": 1665484360548,
  "controller/Home.controller.js": 1668165327791,
  "manifest.json": 1668602980367,
  "controller/App.controller.js": 1665484360548,
  "Component.js": 1665484360548,
  "manifest-bundle.zip": 1668602980381,
  "Component-preload.js": 1668602980885,
  "controller/App-dbg.controller.js": 1665484360548,
  "model/models-dbg.js": 1665484360548,
  "i18n/i18n.properties": 1667221558258,
  "controller/BaseController-dbg.js": 1665484360548,
  "utils/locate-reuse-libs-dbg.js": 1665484360548,
  "Component-dbg.js": 1665484360548,
  "view/VersionDialog.fragment.xml": 1665484360548,
  "view/ScenarioDialog.fragment.xml": 1665484360548,
  "view/ProdDialog.fragment.xml": 1665484360548,
  "view/LocDialog.fragment.xml": 1665484360548,
  "view/Home.view.xml": 1668165327791,
  "view/CharDetails.fragment.xml": 1665484360548,
  "view/App.view.xml": 1665484360548,
  "css/style.css": 1668165327791,
  "index.html": 1668165327791
}