{
  "view/Home.view.xml": 1666177552226,
  "controller/Home.controller.js": 1666149881990,
  "utils/locate-reuse-libs.js": 1662662017073,
  "model/models.js": 1662662017077,
  "manifest.json": 1666191426120,
  "controller/BaseController.js": 1662663737361,
  "controller/App.controller.js": 1662994029038,
  "Component.js": 1662662017069,
  "manifest-bundle.zip": 1666191426136,
  "Component-preload.js": 1666191426630,
  "utils/locate-reuse-libs-dbg.js": 1662662017073,
  "model/models-dbg.js": 1662662017077,
  "controller/Home-dbg.controller.js": 1666149881990,
  "controller/BaseController-dbg.js": 1662663737361,
  "controller/App-dbg.controller.js": 1662994029038,
  "Component-dbg.js": 1662662017069,
  "view/VersionDialog.fragment.xml": 1662663989838,
  "view/ScenarioDialog.fragment.xml": 1662663979098,
  "view/ProdDialog.fragment.xml": 1662663965054,
  "view/LocDialog.fragment.xml": 1662663952782,
  "i18n/i18n.properties": 1666181936767,
  "view/CharDetails.fragment.xml": 1663748826516,
  "view/App.view.xml": 1662663298963,
  "css/style.css": 1665747311039,
  "index.html": 1662721321321
}