{
  "Component-preload.js": 1664456478277,
  "controller/App.controller.js": 1662994029038,
  "utils/locate-reuse-libs.js": 1662662017073,
  "model/models.js": 1662662017077,
  "controller/Home.controller.js": 1664442299866,
  "controller/BaseController.js": 1662663737361,
  "manifest.json": 1664456477699,
  "Component.js": 1662662017069,
  "manifest-bundle.zip": 1664456477713,
  "i18n/i18n.properties": 1663748839068,
  "model/models-dbg.js": 1662662017077,
  "utils/locate-reuse-libs-dbg.js": 1662662017073,
  "controller/Home-dbg.controller.js": 1664442299866,
  "controller/BaseController-dbg.js": 1662663737361,
  "controller/App-dbg.controller.js": 1662994029038,
  "Component-dbg.js": 1662662017069,
  "view/VersionDialog.fragment.xml": 1662663989838,
  "view/ScenarioDialog.fragment.xml": 1662663979098,
  "view/ProdDialog.fragment.xml": 1662663965054,
  "view/LocDialog.fragment.xml": 1662663952782,
  "view/Home.view.xml": 1664442830292,
  "view/CharDetails.fragment.xml": 1663748826516,
  "view/App.view.xml": 1662663298963,
  "css/style.css": 1664374560335,
  "index.html": 1662721321321
}