{
  "view/ProdDialog.fragment.xml": 1669789252553,
  "controller/Home.controller.js": 1670236341365,
  "utils/locate-reuse-libs.js": 1669789252549,
  "model/models.js": 1669789252549,
  "manifest.json": 1671620179710,
  "controller/BaseController.js": 1669789252549,
  "controller/App.controller.js": 1669789252549,
  "Component.js": 1669789252549,
  "manifest-bundle.zip": 1671620179730,
  "Component-preload.js": 1671620180333,
  "controller/BaseController-dbg.js": 1669789252549,
  "model/models-dbg.js": 1669789252549,
  "controller/Home-dbg.controller.js": 1670236341365,
  "utils/locate-reuse-libs-dbg.js": 1669789252549,
  "controller/App-dbg.controller.js": 1669789252549,
  "Component-dbg.js": 1669789252549,
  "view/VersionDialog.fragment.xml": 1669789252553,
  "view/ScenarioDialog.fragment.xml": 1669789252553,
  "i18n/i18n.properties": 1669789349486,
  "view/LocDialog.fragment.xml": 1669789252553,
  "view/Home.view.xml": 1670413292155,
  "view/CharDetails.fragment.xml": 1669789252553,
  "view/App.view.xml": 1669789252553,
  "css/style.css": 1669790870746,
  "index.html": 1669789252549
}