{
  "view/StructureNodeDialog.fragment.xml": 1669789349790,
  "controller/Home.controller.js": 1669789349690,
  "model/models.js": 1669789349786,
  "manifest.json": 1670237319909,
  "controller/BaseController.js": 1669789349690,
  "controller/App.controller.js": 1669789349690,
  "Component.js": 1669789349690,
  "Component-preload.js": 1670237320436,
  "controller/Home-dbg.controller.js": 1669789349690,
  "model/models-dbg.js": 1669789349786,
  "controller/BaseController-dbg.js": 1669789349690,
  "controller/App-dbg.controller.js": 1669789349690,
  "Component-dbg.js": 1669789349690,
  "view/VersionDialog.fragment.xml": 1669789349790,
  "i18n/i18n.properties": 1669789349690,
  "view/ScenarioDialog.fragment.xml": 1669789349790,
  "view/ProdDialog.fragment.xml": 1669789349790,
  "view/LocDialog.fragment.xml": 1669789349790,
  "view/Home.view.xml": 1669789349790,
  "view/ComponentDialog.fragment.xml": 1669789349790,
  "view/CompODBreakdown.fragment.xml": 1669789349790,
  "view/App.view.xml": 1669789349790,
  "css/style.css": 1669789349690,
  "index.html": 1669789349690
}