{
  "controller/App-dbg.controller.js": 1654124322998,
  "controller/App.controller.js": 1654124322998,
  "model/models.js": 1654124323094,
  "controller/Home.controller.js": 1654124322998,
  "controller/BaseController.js": 1654124322998,
  "manifest.json": 1654127042013,
  "Component.js": 1654124322998,
  "manifest-bundle.zip": 1654127042028,
  "Component-preload.js": 1654127042521,
  "controller/BaseController-dbg.js": 1654124322998,
  "controller/Home-dbg.controller.js": 1654124322998,
  "model/models-dbg.js": 1654124323094,
  "i18n/i18n.properties": 1654124322998,
  "Component-dbg.js": 1654124322998,
  "view/VersionDialog.fragment.xml": 1654124323094,
  "view/ScenarioDialog.fragment.xml": 1654124323094,
  "view/ProdDialog.fragment.xml": 1654124323094,
  "view/PredProfileDialog.fragment.xml": 1654124323094,
  "view/ObjDepDialog.fragment.xml": 1654124323094,
  "view/LocDialog.fragment.xml": 1654124323094,
  "view/Home.view.xml": 1654124323094,
  "view/App.view.xml": 1654124323094,
  "css/style.css": 1654124322998,
  "index.html": 1654124322998
}