{
  "controller/Home-dbg.controller.js": 1641236473712,
  "controller/Home.controller.js": 1641236473712,
  "model/models.js": 1640953104331,
  "manifest.json": 1641284407276,
  "controller/BaseController.js": 1640953104331,
  "controller/App.controller.js": 1640953104331,
  "Component.js": 1640953104331,
  "manifest-bundle.zip": 1641284407292,
  "Component-preload.js": 1641284407752,
  "controller/BaseController-dbg.js": 1640953104331,
  "i18n/i18n.properties": 1641236451476,
  "model/models-dbg.js": 1640953104331,
  "controller/App-dbg.controller.js": 1640953104331,
  "Component-dbg.js": 1640953104331,
  "view/ProdDialog.fragment.xml": 1640953104335,
  "view/PredProfileDialog.fragment.xml": 1640953104335,
  "view/ObjDepDialog.fragment.xml": 1640953104335,
  "view/LocDialog.fragment.xml": 1640953104335,
  "view/Home.view.xml": 1641233583660,
  "view/App.view.xml": 1640953104335,
  "css/style.css": 1640953104331,
  "index.html": 1640953104331
}