{
  "Component-preload.js": 1640803476944,
  "controller/Home.controller.js": 1640788246076,
  "model/models.js": 1640617227102,
  "manifest.json": 1640803476366,
  "controller/BaseController.js": 1640691740971,
  "controller/App.controller.js": 1640693546623,
  "Component.js": 1640617227098,
  "manifest-bundle.zip": 1640803476384,
  "i18n/i18n.properties": 1640699057649,
  "controller/BaseController-dbg.js": 1640691740971,
  "controller/Home-dbg.controller.js": 1640788246076,
  "model/models-dbg.js": 1640617227102,
  "controller/App-dbg.controller.js": 1640693546623,
  "Component-dbg.js": 1640617227098,
  "view/ProdDialog.fragment.xml": 1640719341237,
  "view/PredProfileDialog.fragment.xml": 1640720168013,
  "view/ObjDepDialog.fragment.xml": 1640770953795,
  "view/LocDialog.fragment.xml": 1640719038967,
  "view/Home.view.xml": 1640720657476,
  "view/App.view.xml": 1640693156239,
  "css/style.css": 1640617227098,
  "index.html": 1640617227102
}