{
  "model/models.js": 1640617227102,
  "controller/Home.controller.js": 1640617227098,
  "i18n/i18n.properties": 1640678947315,
  "manifest.json": 1640680576969,
  "Component.js": 1640617227098,
  "manifest-bundle.zip": 1640680576985,
  "Component-preload.js": 1640680577311,
  "model/models-dbg.js": 1640617227102,
  "controller/Home-dbg.controller.js": 1640617227098,
  "Component-dbg.js": 1640617227098,
  "view/Home.view.xml": 1640679715463,
  "css/style.css": 1640617227098,
  "index.html": 1640617227102
}