{
  "index.html": 1641814964286,
  "manifest.json": 1641893028012,
  "model/models.js": 1641814964290,
  "controller/Home.controller.js": 1641814964286,
  "controller/BaseController.js": 1641814964286,
  "controller/App.controller.js": 1641814964286,
  "Component.js": 1641814964286,
  "manifest-bundle.zip": 1641893028029,
  "Component-preload.js": 1641893028537,
  "controller/Home-dbg.controller.js": 1641814964286,
  "model/models-dbg.js": 1641814964290,
  "controller/BaseController-dbg.js": 1641814964286,
  "controller/App-dbg.controller.js": 1641814964286,
  "Component-dbg.js": 1641814964286,
  "view/ProdDialog.fragment.xml": 1641814964290,
  "view/PredProfileDialog.fragment.xml": 1641814964290,
  "view/ObjDepDialog.fragment.xml": 1641814964290,
  "view/LocDialog.fragment.xml": 1641814964290,
  "view/Home.view.xml": 1641814964290,
  "view/App.view.xml": 1641814964290,
  "css/style.css": 1641814964286,
  "i18n/i18n.properties": 1641814964286
}