{
  "view/ProdDialog.fragment.xml": 1670249983347,
  "utils/locate-reuse-libs.js": 1670249983343,
  "manifest.json": 1672039893658,
  "model/models.js": 1670249983343,
  "controller/Home.controller.js": 1670333267167,
  "controller/BaseController.js": 1670316795334,
  "controller/App.controller.js": 1670316795334,
  "Utils.js": 1670316795334,
  "Component.js": 1670249983339,
  "Component-preload.js": 1672039894178,
  "model/models-dbg.js": 1670249983343,
  "utils/locate-reuse-libs-dbg.js": 1670249983343,
  "controller/Home-dbg.controller.js": 1670333267167,
  "controller/BaseController-dbg.js": 1670316795334,
  "controller/App-dbg.controller.js": 1670316795334,
  "Utils-dbg.js": 1670316795334,
  "Component-dbg.js": 1670249983339,
  "i18n/i18n.properties": 1670316795334,
  "view/LocDialog.fragment.xml": 1670249983347,
  "view/Home.view.xml": 1671700670311,
  "view/App.view.xml": 1670316795334,
  "css/style.css": 1670316795334,
  "index.html": 1670316795334
}