{
  "view/App.view.xml": 1659447417390,
  "controller/Detail.controller.js": 1662636550620,
  "utils/locate-reuse-libs.js": 1659447417390,
  "model/models.js": 1659447417390,
  "controller/Home.controller.js": 1659447417386,
  "manifest.json": 1662795867544,
  "controller/BaseController.js": 1659447417386,
  "controller/App.controller.js": 1659447417386,
  "Component.js": 1659447417386,
  "manifest-bundle.zip": 1662795867556,
  "Component-preload.js": 1662795868059,
  "controller/BaseController-dbg.js": 1659447417386,
  "model/models-dbg.js": 1659447417390,
  "controller/Home-dbg.controller.js": 1659447417386,
  "controller/Detail-dbg.controller.js": 1662636550620,
  "utils/locate-reuse-libs-dbg.js": 1659447417390,
  "controller/App-dbg.controller.js": 1659447417386,
  "Component-dbg.js": 1659447417386,
  "view/className.fragment.xml": 1662476244227,
  "view/charValue.fragment.xml": 1662386657537,
  "view/charName.fragment.xml": 1659447417390,
  "view/ProdDialog.fragment.xml": 1659447417390,
  "view/LocDialog.fragment.xml": 1659447417390,
  "view/Home.view.xml": 1662634904249,
  "view/Detail.view.xml": 1662630727078,
  "view/CharDetails.fragment.xml": 1662545190205,
  "i18n/i18n.properties": 1662539820437,
  "css/style.css": 1659447417386,
  "index.html": 1659447417386
}