{
  "controller/App.controller.js": 1661440197847,
  "controller/Detail.controller.js": 1663570384753,
  "utils/locate-reuse-libs.js": 1661440197851,
  "model/models.js": 1661440197851,
  "controller/Home.controller.js": 1663577279485,
  "manifest.json": 1666942471903,
  "controller/BaseController.js": 1661440197847,
  "i18n/i18n.properties": 1666693187782,
  "Component.js": 1661440197847,
  "manifest-bundle.zip": 1666942471915,
  "Component-preload.js": 1666942472380,
  "Component-dbg.js": 1661440197847,
  "model/models-dbg.js": 1661440197851,
  "controller/Home-dbg.controller.js": 1663577279485,
  "controller/Detail-dbg.controller.js": 1663570384753,
  "controller/BaseController-dbg.js": 1661440197847,
  "controller/App-dbg.controller.js": 1661440197847,
  "utils/locate-reuse-libs-dbg.js": 1661440197851,
  "view/className.fragment.xml": 1662532873354,
  "view/charValue.fragment.xml": 1662444724947,
  "view/charName.fragment.xml": 1661440197851,
  "view/ProdDialog.fragment.xml": 1661440197851,
  "view/LocDialog.fragment.xml": 1661440197851,
  "view/Home.view.xml": 1666693187782,
  "view/Detail.view.xml": 1666693187782,
  "view/CharDetails.fragment.xml": 1662648424946,
  "view/App.view.xml": 1661440197851,
  "css/style.css": 1661440197847,
  "index.html": 1661440197851
}