{
  "Component-dbg.js": 1661440197847,
  "utils/locate-reuse-libs.js": 1661440197851,
  "manifest.json": 1672238111486,
  "model/models.js": 1661440197851,
  "controller/Home.controller.js": 1671779536868,
  "controller/Detail.controller.js": 1671779536868,
  "controller/BaseController.js": 1661440197847,
  "controller/App.controller.js": 1661440197847,
  "Component.js": 1661440197847,
  "manifest-bundle.zip": 1672238111505,
  "Component-preload.js": 1672238111980,
  "model/models-dbg.js": 1661440197851,
  "utils/locate-reuse-libs-dbg.js": 1661440197851,
  "controller/Home-dbg.controller.js": 1671779536868,
  "controller/Detail-dbg.controller.js": 1671779536868,
  "controller/BaseController-dbg.js": 1661440197847,
  "controller/App-dbg.controller.js": 1661440197847,
  "i18n/i18n.properties": 1666693187782,
  "view/className.fragment.xml": 1662532873354,
  "view/charValue.fragment.xml": 1662444724947,
  "view/charName.fragment.xml": 1661440197851,
  "view/ProdDialog.fragment.xml": 1661440197851,
  "view/LocDialog.fragment.xml": 1661440197851,
  "view/Home.view.xml": 1669285716979,
  "view/Detail.view.xml": 1666693187782,
  "view/CharDetails.fragment.xml": 1662648424946,
  "view/App.view.xml": 1661440197851,
  "css/style.css": 1669285720067,
  "index.html": 1667547047303
}