{
  "Component-preload.js": 1661330119319,
  "utils/locate-reuse-libs.js": 1659447417390,
  "manifest.json": 1661330118864,
  "model/models.js": 1659447417390,
  "controller/Home.controller.js": 1659447417386,
  "controller/Detail.controller.js": 1661253693945,
  "controller/BaseController.js": 1659447417386,
  "controller/App.controller.js": 1659447417386,
  "Component.js": 1659447417386,
  "manifest-bundle.zip": 1661330118877,
  "i18n/i18n.properties": 1659447417386,
  "controller/App-dbg.controller.js": 1659447417386,
  "model/models-dbg.js": 1659447417390,
  "controller/Home-dbg.controller.js": 1659447417386,
  "controller/Detail-dbg.controller.js": 1661253693945,
  "controller/BaseController-dbg.js": 1659447417386,
  "utils/locate-reuse-libs-dbg.js": 1659447417390,
  "Component-dbg.js": 1659447417386,
  "view/className.fragment.xml": 1659447417390,
  "view/charValue.fragment.xml": 1659447417390,
  "view/charName.fragment.xml": 1659447417390,
  "view/ProdDialog.fragment.xml": 1659447417390,
  "view/LocDialog.fragment.xml": 1659447417390,
  "view/Home.view.xml": 1661153490876,
  "view/Detail.view.xml": 1659447417390,
  "view/CharDetails.fragment.xml": 1659447417390,
  "view/App.view.xml": 1659447417390,
  "css/style.css": 1659447417386,
  "index.html": 1659447417386
}