{
  "welcomeFile": "/index.html",
  "authenticationMethod": "route",
  "routes": [
    {
        "source": "^/v2/catalog/(.*)$",
        "target": "/v2/catalog/$1",
        "destination": "ConfigProd",
        "csrfProtection": true,
        "authenticationType": "xsuaa"
      },
      {
        "source": "^/v2/jobs/(.*)$",
        "target": "/v2/jobs/$1",
        "destination": "ConfigProd",
        "authenticationType": "xsuaa",
        "csrfProtection": true
      },
      {
        "source": "^/v2/ibpimport-srv/(.*)$",
        "target": "/v2/ibpimport-srv/$1",
        "destination": "ConfigProd",
        "authenticationType": "xsuaa",
        "csrfProtection": true
      },
    {
      "source": "^/resources/(.*)$",
      "target": "/resources/$1",
      "authenticationType": "none",
      "destination": "ui5"
    },
    {
      "source": "^/test-resources/(.*)$",
      "target": "/test-resources/$1",
      "authenticationType": "none",
      "destination": "ui5"
    },
    {
      "source": "^(.*)$",
      "target": "$1",
      "service": "html5-apps-repo-rt",
      "authenticationType": "xsuaa"
    }
  ]
}
