{
  "view/App.view.xml": 1653838839551,
  "controller/Home.controller.js": 1654439759727,
  "utils/locate-reuse-libs.js": 1653838839551,
  "model/models.js": 1653838839551,
  "manifest.json": 1654514125988,
  "controller/BaseController.js": 1653838839551,
  "controller/App.controller.js": 1653838839551,
  "Component.js": 1653838839551,
  "manifest-bundle.zip": 1654514126005,
  "Component-preload.js": 1654514126543,
  "controller/App-dbg.controller.js": 1653838839551,
  "model/models-dbg.js": 1653838839551,
  "controller/Home-dbg.controller.js": 1654439759727,
  "controller/BaseController-dbg.js": 1653838839551,
  "utils/locate-reuse-libs-dbg.js": 1653838839551,
  "Component-dbg.js": 1653838839551,
  "view/StructureNodes.fragment.xml": 1653838839551,
  "view/Profiles.fragment.xml": 1653838839551,
  "view/ProdDialog.fragment.xml": 1653838839551,
  "view/ObjDepDialog.fragment.xml": 1653838839551,
  "view/LocDialog.fragment.xml": 1653838839551,
  "view/Home.view.xml": 1654509589797,
  "view/ComponentDialog.fragment.xml": 1653838839551,
  "i18n/i18n.properties": 1653838839551,
  "css/style.css": 1654509516037,
  "index.html": 1653838839551
}