{
  "view/App.view.xml": 1648611174648,
  "manifest.json": 1648641674102,
  "utils/locate-reuse-libs.js": 1648611174648,
  "model/models.js": 1648611174648,
  "controller/Home.controller.js": 1648611174648,
  "controller/BaseController.js": 1648611174648,
  "controller/App.controller.js": 1648611174648,
  "Component.js": 1648611174648,
  "manifest-bundle.zip": 1648641674126,
  "Component-preload.js": 1648641674623,
  "controller/App-dbg.controller.js": 1648611174648,
  "model/models-dbg.js": 1648611174648,
  "controller/Home-dbg.controller.js": 1648611174648,
  "controller/BaseController-dbg.js": 1648611174648,
  "utils/locate-reuse-libs-dbg.js": 1648611174648,
  "Component-dbg.js": 1648611174648,
  "view/Profiles.fragment.xml": 1648611174648,
  "view/ProdDialog.fragment.xml": 1648611174648,
  "view/ObjDepDialog.fragment.xml": 1648611174648,
  "view/LocDialog.fragment.xml": 1648611174648,
  "view/Home.view.xml": 1648611174648,
  "view/ComponentDialog.fragment.xml": 1648611174648,
  "i18n/i18n.properties": 1648611174648,
  "css/style.css": 1648611174648,
  "index.html": 1648611174648
}