{
  "view/Profiles.fragment.xml": 1654124333022,
  "Component.js": 1654124333010,
  "utils/locate-reuse-libs.js": 1654124333022,
  "model/models.js": 1654124333022,
  "controller/Home.controller.js": 1654124333010,
  "controller/BaseController.js": 1654124333010,
  "controller/App.controller.js": 1654124333010,
  "manifest.json": 1654127079887,
  "manifest-bundle.zip": 1654127079918,
  "Component-preload.js": 1654127080459,
  "controller/App-dbg.controller.js": 1654124333010,
  "model/models-dbg.js": 1654124333022,
  "controller/Home-dbg.controller.js": 1654124333010,
  "controller/BaseController-dbg.js": 1654124333010,
  "utils/locate-reuse-libs-dbg.js": 1654124333022,
  "Component-dbg.js": 1654124333010,
  "view/StructureNodes.fragment.xml": 1654124333022,
  "i18n/i18n.properties": 1654124333010,
  "view/ProdDialog.fragment.xml": 1654124333022,
  "view/ObjDepDialog.fragment.xml": 1654124333022,
  "view/LocDialog.fragment.xml": 1654124333022,
  "view/Home.view.xml": 1654124333022,
  "view/ComponentDialog.fragment.xml": 1654124333022,
  "view/App.view.xml": 1654124333022,
  "css/style.css": 1654124333010,
  "index.html": 1654124333010
}