{
  "css/style.css": 1649758051722,
  "controller/App.controller.js": 1649242317006,
  "utils/locate-reuse-libs.js": 1649242317006,
  "model/models.js": 1649242317006,
  "controller/Home.controller.js": 1649242317006,
  "controller/BaseController.js": 1649242317006,
  "manifest.json": 1650010519858,
  "Component.js": 1649242317006,
  "manifest-bundle.zip": 1650010519881,
  "Component-preload.js": 1650010520492,
  "utils/locate-reuse-libs-dbg.js": 1649242317006,
  "model/models-dbg.js": 1649242317006,
  "controller/Home-dbg.controller.js": 1649242317006,
  "controller/BaseController-dbg.js": 1649242317006,
  "controller/App-dbg.controller.js": 1649242317006,
  "Component-dbg.js": 1649242317006,
  "view/Profiles.fragment.xml": 1649758051722,
  "view/ProdDialog.fragment.xml": 1649242317006,
  "view/ObjDepDialog.fragment.xml": 1649242317006,
  "view/LocDialog.fragment.xml": 1649242317006,
  "view/Home.view.xml": 1649758051722,
  "view/ComponentDialog.fragment.xml": 1649758051722,
  "view/App.view.xml": 1649758051722,
  "i18n/i18n.properties": 1649242317006,
  "index.html": 1649242317006
}