{
  "Component.js": 1671100323678,
  "model/models.js": 1671100323682,
  "utils/locate-reuse-libs.js": 1671100323682,
  "manifest.json": 1671200355334,
  "controller/Home.controller.js": 1671100323678,
  "controller/BaseController.js": 1671100323678,
  "controller/App.controller.js": 1671100323678,
  "i18n/i18n.properties": 1671100323678,
  "manifest-bundle.zip": 1671200355361,
  "Component-preload.js": 1671200355970,
  "Component-dbg.js": 1671100323678,
  "model/models-dbg.js": 1671100323682,
  "controller/Home-dbg.controller.js": 1671100323678,
  "controller/BaseController-dbg.js": 1671100323678,
  "controller/App-dbg.controller.js": 1671100323678,
  "utils/locate-reuse-libs-dbg.js": 1671100323682,
  "view/StructureNodes.fragment.xml": 1671100323682,
  "view/Profiles.fragment.xml": 1671100323682,
  "view/ProdDialog.fragment.xml": 1671100323682,
  "view/ObjDepDialog.fragment.xml": 1671100323682,
  "view/LocDialog.fragment.xml": 1671100323682,
  "view/Home.view.xml": 1671100323682,
  "view/ComponentDialog.fragment.xml": 1671100323682,
  "view/App.view.xml": 1671100323682,
  "css/style.css": 1671100323678,
  "index.html": 1671100323678
}