{
  "css/style.css": 1669789349514,
  "Component.js": 1669789252573,
  "utils/locate-reuse-libs.js": 1669789252577,
  "model/models.js": 1669789252577,
  "controller/Home.controller.js": 1669789252573,
  "controller/BaseController.js": 1669789252573,
  "controller/App.controller.js": 1669789252573,
  "manifest.json": 1670236807839,
  "manifest-bundle.zip": 1670236807995,
  "Component-preload.js": 1670236808735,
  "controller/App-dbg.controller.js": 1669789252573,
  "model/models-dbg.js": 1669789252577,
  "controller/Home-dbg.controller.js": 1669789252573,
  "controller/BaseController-dbg.js": 1669789252573,
  "utils/locate-reuse-libs-dbg.js": 1669789252577,
  "Component-dbg.js": 1669789252573,
  "view/StructureNodes.fragment.xml": 1669789252577,
  "view/Profiles.fragment.xml": 1669789252577,
  "view/ProdDialog.fragment.xml": 1669789252577,
  "view/ObjDepDialog.fragment.xml": 1669789252577,
  "view/LocDialog.fragment.xml": 1669789252577,
  "view/Home.view.xml": 1669789349514,
  "view/ComponentDialog.fragment.xml": 1669789252577,
  "view/App.view.xml": 1669789252577,
  "i18n/i18n.properties": 1669789252573,
  "index.html": 1669789252573
}