{
  "view/ComponentDialog.fragment.xml": 1654686742072,
  "controller/App.controller.js": 1654686742068,
  "utils/locate-reuse-libs.js": 1654686742072,
  "model/models.js": 1654686742072,
  "controller/Home.controller.js": 1654686742068,
  "controller/BaseController.js": 1654686742068,
  "manifest.json": 1655199663635,
  "Component.js": 1654686742068,
  "manifest-bundle.zip": 1655199663659,
  "Component-preload.js": 1655199664249,
  "model/models-dbg.js": 1654686742072,
  "utils/locate-reuse-libs-dbg.js": 1654686742072,
  "controller/Home-dbg.controller.js": 1654686742068,
  "controller/BaseController-dbg.js": 1654686742068,
  "controller/App-dbg.controller.js": 1654686742068,
  "Component-dbg.js": 1654686742068,
  "view/StructureNodes.fragment.xml": 1654686742072,
  "view/Profiles.fragment.xml": 1654686742072,
  "view/ProdDialog.fragment.xml": 1654686742072,
  "view/ObjDepDialog.fragment.xml": 1654686742072,
  "view/LocDialog.fragment.xml": 1654686742072,
  "view/Home.view.xml": 1654852653692,
  "i18n/i18n.properties": 1654850996397,
  "view/App.view.xml": 1654686742072,
  "css/style.css": 1654686742068,
  "index.html": 1654686742072
}