{
  "manifest.json": 1653568524938,
  "model/models.js": 1649242317006,
  "utils/locate-reuse-libs.js": 1649242317006,
  "i18n/i18n.properties": 1649242317006,
  "controller/Home.controller.js": 1649242317006,
  "controller/BaseController.js": 1649242317006,
  "controller/App.controller.js": 1649242317006,
  "Component.js": 1649242317006,
  "manifest-bundle.zip": 1653568524959,
  "Component-preload.js": 1653568525439,
  "model/models-dbg.js": 1649242317006,
  "utils/locate-reuse-libs-dbg.js": 1649242317006,
  "controller/Home-dbg.controller.js": 1649242317006,
  "controller/BaseController-dbg.js": 1649242317006,
  "controller/App-dbg.controller.js": 1649242317006,
  "Component-dbg.js": 1649242317006,
  "view/Profiles.fragment.xml": 1649758051722,
  "view/ProdDialog.fragment.xml": 1649242317006,
  "view/ObjDepDialog.fragment.xml": 1649242317006,
  "view/LocDialog.fragment.xml": 1649242317006,
  "view/Home.view.xml": 1653356581154,
  "view/ComponentDialog.fragment.xml": 1649758051722,
  "view/App.view.xml": 1649758051722,
  "css/style.css": 1649758051722,
  "index.html": 1650284506219
}