{
  "css/style.css": 1643343456657,
  "controller/Home.controller.js": 1643807427651,
  "utils/locate-reuse-libs.js": 1643343456657,
  "model/models.js": 1643343456657,
  "manifest.json": 1644241126461,
  "controller/BaseController.js": 1643343456657,
  "controller/App.controller.js": 1643343456657,
  "Component.js": 1643343456653,
  "manifest-bundle.zip": 1644241126481,
  "Component-preload.js": 1644241126872,
  "controller/BaseController-dbg.js": 1643343456657,
  "model/models-dbg.js": 1643343456657,
  "controller/Home-dbg.controller.js": 1643807427651,
  "utils/locate-reuse-libs-dbg.js": 1643343456657,
  "controller/App-dbg.controller.js": 1643343456657,
  "Component-dbg.js": 1643343456653,
  "view/Profiles.fragment.xml": 1643343456657,
  "view/Home.view.xml": 1643343456657,
  "view/App.view.xml": 1643343456657,
  "i18n/i18n.properties": 1643343456657,
  "index.html": 1643343456657
}