{
  "model/models.js": 1665479929533,
  "utils/locate-reuse-libs.js": 1665479929533,
  "manifest.json": 1667376737713,
  "i18n/i18n.properties": 1666258684120,
  "controller/Home.controller.js": 1665479929529,
  "controller/BaseController.js": 1665479929529,
  "controller/App.controller.js": 1665479929529,
  "Component.js": 1665479929529,
  "manifest-bundle.zip": 1667376737748,
  "Component-preload.js": 1667376738449,
  "model/models-dbg.js": 1665479929533,
  "utils/locate-reuse-libs-dbg.js": 1665479929533,
  "controller/Home-dbg.controller.js": 1665479929529,
  "controller/BaseController-dbg.js": 1665479929529,
  "controller/App-dbg.controller.js": 1665479929529,
  "Component-dbg.js": 1665479929529,
  "view/StructureNodes.fragment.xml": 1665479929533,
  "view/Profiles.fragment.xml": 1665479929533,
  "view/ProdDialog.fragment.xml": 1665479929533,
  "view/ObjDepDialog.fragment.xml": 1665479929533,
  "view/LocDialog.fragment.xml": 1665479929533,
  "view/Home.view.xml": 1665479929533,
  "view/ComponentDialog.fragment.xml": 1666258684120,
  "view/App.view.xml": 1665479929533,
  "css/style.css": 1665479929529,
  "index.html": 1665479929529
}