{
  "utils/locate-reuse-libs-dbg.js": 1669729243995,
  "model/models.js": 1669729243995,
  "utils/locate-reuse-libs.js": 1669729243995,
  "manifest.json": 1669732836687,
  "controller/Home.controller.js": 1669729243991,
  "controller/BaseController.js": 1669729243991,
  "controller/App.controller.js": 1669729243991,
  "Component.js": 1669729243991,
  "manifest-bundle.zip": 1669732836700,
  "Component-preload.js": 1669732837166,
  "controller/App-dbg.controller.js": 1669729243991,
  "model/models-dbg.js": 1669729243995,
  "controller/Home-dbg.controller.js": 1669729243991,
  "controller/BaseController-dbg.js": 1669729243991,
  "i18n/i18n.properties": 1669729243995,
  "Component-dbg.js": 1669729243991,
  "view/StructureNodes.fragment.xml": 1669729243995,
  "view/Profiles.fragment.xml": 1669729243995,
  "view/ProdDialog.fragment.xml": 1669729243995,
  "view/ObjDepDialog.fragment.xml": 1669729243995,
  "view/LocDialog.fragment.xml": 1669729243995,
  "view/Home.view.xml": 1669729243995,
  "view/ComponentDialog.fragment.xml": 1669729243995,
  "view/App.view.xml": 1669729243995,
  "css/style.css": 1669729243995,
  "index.html": 1669729243995
}