{
  "controller/App-dbg.controller.js": 1662042606549,
  "Component.js": 1662042606549,
  "utils/locate-reuse-libs.js": 1662042606553,
  "model/models.js": 1662042606553,
  "controller/Home.controller.js": 1662042606549,
  "controller/BaseController.js": 1662042606549,
  "controller/App.controller.js": 1662042606549,
  "manifest.json": 1667386449263,
  "manifest-bundle.zip": 1667386449288,
  "Component-preload.js": 1667386449796,
  "Component-dbg.js": 1662042606549,
  "model/models-dbg.js": 1662042606553,
  "controller/Home-dbg.controller.js": 1662042606549,
  "controller/BaseController-dbg.js": 1662042606549,
  "i18n/i18n.properties": 1666250927838,
  "utils/locate-reuse-libs-dbg.js": 1662042606553,
  "view/StructureNodes.fragment.xml": 1662042606553,
  "view/Profiles.fragment.xml": 1662042606553,
  "view/ProdDialog.fragment.xml": 1662042606553,
  "view/ObjDepDialog.fragment.xml": 1662042606553,
  "view/LocDialog.fragment.xml": 1662042606553,
  "view/Home.view.xml": 1662042606553,
  "view/ComponentDialog.fragment.xml": 1666250927838,
  "view/App.view.xml": 1662042606553,
  "css/style.css": 1662042606549,
  "index.html": 1662042606549
}