{
  "controller/App-dbg.controller.js": 1645583232130,
  "manifest.json": 1645677024205,
  "utils/locate-reuse-libs.js": 1645583232130,
  "model/models.js": 1645583232130,
  "controller/Home.controller.js": 1645583232130,
  "controller/BaseController.js": 1645583232130,
  "controller/App.controller.js": 1645583232130,
  "Component.js": 1645583232130,
  "manifest-bundle.zip": 1645677024235,
  "Component-preload.js": 1645677024735,
  "i18n/i18n.properties": 1645583232130,
  "model/models-dbg.js": 1645583232130,
  "controller/Home-dbg.controller.js": 1645583232130,
  "controller/BaseController-dbg.js": 1645583232130,
  "utils/locate-reuse-libs-dbg.js": 1645583232130,
  "Component-dbg.js": 1645583232130,
  "view/Profiles.fragment.xml": 1645583232130,
  "view/Home.view.xml": 1645583232130,
  "view/App.view.xml": 1645583232130,
  "css/style.css": 1645583232130,
  "index.html": 1645583232130
}