{
  "view/App.view.xml": 1649320118884,
  "model/models.js": 1641997875226,
  "utils/locate-reuse-libs.js": 1641997875222,
  "manifest.json": 1654681186541,
  "controller/Home.controller.js": 1654441042427,
  "controller/BaseController.js": 1642012797187,
  "controller/App.controller.js": 1642012720923,
  "Component.js": 1641997875210,
  "manifest-bundle.zip": 1654681186570,
  "Component-preload.js": 1654681187200,
  "utils/locate-reuse-libs-dbg.js": 1641997875222,
  "model/models-dbg.js": 1641997875226,
  "controller/Home-dbg.controller.js": 1654441042427,
  "controller/BaseController-dbg.js": 1642012797187,
  "controller/App-dbg.controller.js": 1642012720923,
  "Component-dbg.js": 1641997875210,
  "view/StructureNodes.fragment.xml": 1653675429922,
  "view/Profiles.fragment.xml": 1649320210233,
  "view/ProdDialog.fragment.xml": 1645632943640,
  "view/ObjDepDialog.fragment.xml": 1645644102127,
  "view/LocDialog.fragment.xml": 1645632943640,
  "view/Home.view.xml": 1654441042431,
  "view/ComponentDialog.fragment.xml": 1649320130400,
  "i18n/i18n.properties": 1645782977071,
  "css/style.css": 1654018531975,
  "index.html": 1650361921967
}