{
  "view/Profiles.fragment.xml": 1645686354647,
  "model/models.js": 1642523085368,
  "utils/locate-reuse-libs.js": 1642523085368,
  "manifest.json": 1646313192232,
  "controller/Home.controller.js": 1646047969319,
  "controller/BaseController.js": 1642523085364,
  "controller/App.controller.js": 1642523085364,
  "Component.js": 1642523085364,
  "manifest-bundle.zip": 1646313192244,
  "Component-preload.js": 1646313192655,
  "model/models-dbg.js": 1642523085368,
  "utils/locate-reuse-libs-dbg.js": 1642523085368,
  "controller/Home-dbg.controller.js": 1646047969319,
  "controller/BaseController-dbg.js": 1642523085364,
  "controller/App-dbg.controller.js": 1642523085364,
  "Component-dbg.js": 1642523085364,
  "i18n/i18n.properties": 1645772798607,
  "view/ProdDialog.fragment.xml": 1645686354647,
  "view/ObjDepDialog.fragment.xml": 1645686354647,
  "view/LocDialog.fragment.xml": 1645686354647,
  "view/Home.view.xml": 1645779736205,
  "view/ComponentDialog.fragment.xml": 1645686354643,
  "view/App.view.xml": 1642523085368,
  "css/style.css": 1642523085364,
  "index.html": 1642523085364
}