{
  "welcomeFile": "/index.html",
  "authenticationMethod": "route",
  "routes": [
    {
        "source": "^/v2/pal/(.*)$",
        "target": "/v2/pal/$1",
        "destination": "ConfigProd_DB",
        "authenticationType": "none",
        "csrfProtection": true
      },
      {
        "source": "^/v2/catalog/(.*)$",
        "target": "/v2/catalog/$1",
        "destination": "ConfigProd",
        "authenticationType": "none",
        "csrfProtection": true
      },
    {
      "source": "^/resources/(.*)$",
      "target": "/resources/$1",
      "authenticationType": "none",
      "destination": "ui5"
    },
    {
      "source": "^/test-resources/(.*)$",
      "target": "/test-resources/$1",
      "authenticationType": "none",
      "destination": "ui5"
    },
    {
      "source": "^(.*)$",
      "target": "$1",
      "service": "html5-apps-repo-rt",
      "authenticationType": "xsuaa"
    }
  ]
}
