{
  "view/Detail.view.xml": 1661869074963,
  "controller/BaseController.js": 1661869074959,
  "utils/locate-reuse-libs.js": 1661869074963,
  "model/models.js": 1661869074963,
  "controller/Home.controller.js": 1661869074959,
  "controller/Detail.controller.js": 1661869074959,
  "manifest.json": 1663772604533,
  "controller/App.controller.js": 1661869074959,
  "Component.js": 1661869074959,
  "manifest-bundle.zip": 1663772604543,
  "Component-preload.js": 1663772604914,
  "controller/Detail-dbg.controller.js": 1661869074959,
  "model/models-dbg.js": 1661869074963,
  "controller/Home-dbg.controller.js": 1661869074959,
  "utils/locate-reuse-libs-dbg.js": 1661869074963,
  "controller/BaseController-dbg.js": 1661869074959,
  "controller/App-dbg.controller.js": 1661869074959,
  "Component-dbg.js": 1661869074959,
  "view/ProdDialog.fragment.xml": 1661869074963,
  "view/LocDialog.fragment.xml": 1661869074963,
  "view/Home.view.xml": 1661869074963,
  "i18n/i18n.properties": 1661869074959,
  "view/App.view.xml": 1661869074963,
  "css/style.css": 1661869074959,
  "index.html": 1661869074959
}