{
  "model/models.js": 1644402231133,
  "manifest.json": 1644418427243,
  "utils/locate-reuse-libs.js": 1644402231133,
  "i18n/i18n.properties": 1644402231129,
  "controller/Home.controller.js": 1644408504157,
  "controller/Detail.controller.js": 1644402231129,
  "controller/BaseController.js": 1644402231129,
  "controller/App.controller.js": 1644402231129,
  "Component.js": 1644402231129,
  "manifest-bundle.zip": 1644418427264,
  "Component-preload.js": 1644418427788,
  "controller/Home-dbg.controller.js": 1644408504157,
  "model/models-dbg.js": 1644402231133,
  "utils/locate-reuse-libs-dbg.js": 1644402231133,
  "controller/Detail-dbg.controller.js": 1644402231129,
  "controller/BaseController-dbg.js": 1644402231129,
  "controller/App-dbg.controller.js": 1644402231129,
  "Component-dbg.js": 1644402231129,
  "view/Home.view.xml": 1644402231133,
  "view/Detail.view.xml": 1644408504157,
  "view/App.view.xml": 1644402231133,
  "css/style.css": 1644408504157,
  "index.html": 1644402231129
}