{
  "controller/BaseController-dbg.js": 1645610229897,
  "utils/locate-reuse-libs.js": 1645610229897,
  "manifest.json": 1645786434559,
  "model/models.js": 1645610229897,
  "controller/Home.controller.js": 1645749377473,
  "controller/Detail.controller.js": 1645749377473,
  "controller/BaseController.js": 1645610229897,
  "controller/App.controller.js": 1645610229897,
  "Component.js": 1645610229897,
  "manifest-bundle.zip": 1645786434574,
  "Component-preload.js": 1645786435047,
  "utils/locate-reuse-libs-dbg.js": 1645610229897,
  "model/models-dbg.js": 1645610229897,
  "controller/Home-dbg.controller.js": 1645749377473,
  "controller/Detail-dbg.controller.js": 1645749377473,
  "i18n/i18n.properties": 1645610229897,
  "controller/App-dbg.controller.js": 1645610229897,
  "Component-dbg.js": 1645610229897,
  "view/ProdDialog.fragment.xml": 1645749377473,
  "view/LocDialog.fragment.xml": 1645749377473,
  "view/Home.view.xml": 1645749377473,
  "view/Detail.view.xml": 1645749377473,
  "view/App.view.xml": 1645610229897,
  "css/style.css": 1645749377473,
  "index.html": 1645610229897
}