{
  "controller/Home-dbg.controller.js": 1649242317018,
  "controller/Detail.controller.js": 1649242317018,
  "utils/locate-reuse-libs.js": 1649242317018,
  "model/models.js": 1649242317018,
  "controller/Home.controller.js": 1649242317018,
  "manifest.json": 1652106681492,
  "controller/BaseController.js": 1649242317018,
  "controller/App.controller.js": 1649242317018,
  "Component.js": 1649242317018,
  "manifest-bundle.zip": 1652106681505,
  "Component-preload.js": 1652106681966,
  "controller/App-dbg.controller.js": 1649242317018,
  "model/models-dbg.js": 1649242317018,
  "i18n/i18n.properties": 1649242317018,
  "controller/Detail-dbg.controller.js": 1649242317018,
  "controller/BaseController-dbg.js": 1649242317018,
  "utils/locate-reuse-libs-dbg.js": 1649242317018,
  "Component-dbg.js": 1649242317018,
  "view/ProdDialog.fragment.xml": 1649242317018,
  "view/LocDialog.fragment.xml": 1649242317018,
  "view/Home.view.xml": 1649758051722,
  "view/Detail.view.xml": 1649758051722,
  "view/App.view.xml": 1649758051722,
  "css/style.css": 1649758051722,
  "index.html": 1650284467955
}