{
  "controller/App.controller.js": 1662042606577,
  "utils/locate-reuse-libs.js": 1662042606577,
  "manifest.json": 1668070568091,
  "model/models.js": 1662042606577,
  "controller/Home.controller.js": 1667911337093,
  "controller/Detail.controller.js": 1662042606577,
  "controller/BaseController.js": 1662042606577,
  "i18n/i18n.properties": 1666250927842,
  "Component.js": 1662042606577,
  "manifest-bundle.zip": 1668070568110,
  "Component-preload.js": 1668070568573,
  "Component-dbg.js": 1662042606577,
  "model/models-dbg.js": 1662042606577,
  "controller/Home-dbg.controller.js": 1667911337093,
  "controller/Detail-dbg.controller.js": 1662042606577,
  "controller/BaseController-dbg.js": 1662042606577,
  "controller/App-dbg.controller.js": 1662042606577,
  "utils/locate-reuse-libs-dbg.js": 1662042606577,
  "view/ProdDialog.fragment.xml": 1662042606581,
  "view/LocDialog.fragment.xml": 1667911337097,
  "view/Home.view.xml": 1667911337097,
  "view/Detail.view.xml": 1662042606577,
  "view/App.view.xml": 1662042606577,
  "css/style.css": 1667911337093,
  "index.html": 1667911337097
}