{
  "Component-dbg.js": 1644393225892,
  "manifest.json": 1646312844701,
  "utils/locate-reuse-libs.js": 1644393225896,
  "model/models.js": 1644393225896,
  "controller/Home.controller.js": 1645686354655,
  "controller/Detail.controller.js": 1645633785921,
  "controller/BaseController.js": 1644393225892,
  "controller/App.controller.js": 1644393225892,
  "Component.js": 1644393225892,
  "manifest-bundle.zip": 1646312844713,
  "Component-preload.js": 1646312845097,
  "controller/BaseController-dbg.js": 1644393225892,
  "model/models-dbg.js": 1644393225896,
  "controller/Home-dbg.controller.js": 1645686354655,
  "controller/Detail-dbg.controller.js": 1645633785921,
  "utils/locate-reuse-libs-dbg.js": 1644393225896,
  "controller/App-dbg.controller.js": 1644393225892,
  "i18n/i18n.properties": 1644838220866,
  "view/ProdDialog.fragment.xml": 1645633785925,
  "view/LocDialog.fragment.xml": 1645633785925,
  "view/Home.view.xml": 1645686354655,
  "view/Detail.view.xml": 1645633785921,
  "view/App.view.xml": 1644393225896,
  "css/style.css": 1645633785921,
  "index.html": 1644393225892
}