{
  "manifest.json": 1645677096680,
  "model/models.js": 1645583232138,
  "utils/locate-reuse-libs.js": 1645583232138,
  "i18n/i18n.properties": 1645583232138,
  "controller/Home.controller.js": 1645583232138,
  "controller/Detail.controller.js": 1645583232138,
  "controller/BaseController.js": 1645583232138,
  "controller/App.controller.js": 1645583232138,
  "Component.js": 1645583232138,
  "manifest-bundle.zip": 1645677096695,
  "Component-preload.js": 1645677097221,
  "utils/locate-reuse-libs-dbg.js": 1645583232138,
  "model/models-dbg.js": 1645583232138,
  "controller/Home-dbg.controller.js": 1645583232138,
  "controller/Detail-dbg.controller.js": 1645583232138,
  "controller/BaseController-dbg.js": 1645583232138,
  "controller/App-dbg.controller.js": 1645583232138,
  "Component-dbg.js": 1645583232138,
  "view/Home.view.xml": 1645583232138,
  "view/Detail.view.xml": 1645583232138,
  "view/App.view.xml": 1645583232138,
  "css/style.css": 1645583232138,
  "index.html": 1645583232138
}