{
  "view/Home.view.xml": 1672230229820,
  "controller/Detail.controller.js": 1661440197787,
  "utils/locate-reuse-libs.js": 1661440197787,
  "model/models.js": 1661440197787,
  "controller/Home.controller.js": 1672230587021,
  "manifest.json": 1672237835949,
  "controller/BaseController.js": 1661440197787,
  "controller/App.controller.js": 1661440197787,
  "Component.js": 1661440197787,
  "manifest-bundle.zip": 1672237835960,
  "Component-preload.js": 1672237836376,
  "controller/Home-dbg.controller.js": 1672230587021,
  "model/models-dbg.js": 1661440197787,
  "utils/locate-reuse-libs-dbg.js": 1661440197787,
  "controller/Detail-dbg.controller.js": 1661440197787,
  "controller/BaseController-dbg.js": 1661440197787,
  "controller/App-dbg.controller.js": 1661440197787,
  "Component-dbg.js": 1661440197787,
  "view/VariantNames.fragment.xml": 1671796439745,
  "view/ProdDialog.fragment.xml": 1672233584300,
  "view/NameVariant.fragment.xml": 1671796443205,
  "view/LocDialog.fragment.xml": 1667802064890,
  "i18n/i18n.properties": 1666693187678,
  "view/Detail.view.xml": 1661440197787,
  "view/App.view.xml": 1661440197787,
  "css/style.css": 1671694092171,
  "index.html": 1667546238112
}