{
  "manifest-bundle.zip": 1667296611784,
  "controller/Detail.controller.js": 1662042606577,
  "utils/locate-reuse-libs.js": 1662042606577,
  "model/models.js": 1662042606577,
  "controller/Home.controller.js": 1662042606577,
  "manifest.json": 1667296611773,
  "controller/BaseController.js": 1662042606577,
  "controller/App.controller.js": 1662042606577,
  "Component.js": 1662042606577,
  "i18n/i18n.properties": 1666250927842,
  "Component-preload.js": 1667296612115,
  "controller/Home-dbg.controller.js": 1662042606577,
  "model/models-dbg.js": 1662042606577,
  "utils/locate-reuse-libs-dbg.js": 1662042606577,
  "controller/Detail-dbg.controller.js": 1662042606577,
  "controller/BaseController-dbg.js": 1662042606577,
  "controller/App-dbg.controller.js": 1662042606577,
  "Component-dbg.js": 1662042606577,
  "view/ProdDialog.fragment.xml": 1662042606581,
  "view/LocDialog.fragment.xml": 1662042606581,
  "view/Home.view.xml": 1666250927842,
  "view/Detail.view.xml": 1662042606577,
  "view/App.view.xml": 1662042606577,
  "css/style.css": 1662042606577,
  "index.html": 1662042606577
}