{
  "css/style.css": 1672621403017,
  "Component.js": 1661869074959,
  "utils/locate-reuse-libs.js": 1661869074963,
  "model/models.js": 1661869074963,
  "controller/Home.controller.js": 1673349124914,
  "controller/Detail.controller.js": 1661869074959,
  "controller/BaseController.js": 1661869074959,
  "controller/App.controller.js": 1661869074959,
  "manifest.json": 1673353333972,
  "manifest-bundle.zip": 1673353333986,
  "Component-preload.js": 1673353334414,
  "controller/Home-dbg.controller.js": 1673349124914,
  "model/models-dbg.js": 1661869074963,
  "utils/locate-reuse-libs-dbg.js": 1661869074963,
  "controller/Detail-dbg.controller.js": 1661869074959,
  "controller/BaseController-dbg.js": 1661869074959,
  "controller/App-dbg.controller.js": 1661869074959,
  "Component-dbg.js": 1661869074959,
  "view/VariantNames.fragment.xml": 1672621403017,
  "view/ProdDialog.fragment.xml": 1661869074963,
  "view/PopOver.fragment.xml": 1672621403017,
  "view/NameVariant.fragment.xml": 1672621403017,
  "view/LocDialog.fragment.xml": 1668670306169,
  "view/Home.view.xml": 1672621403017,
  "view/Detail.view.xml": 1661869074963,
  "view/App.view.xml": 1661869074963,
  "i18n/i18n.properties": 1666180994786,
  "index.html": 1668670306169
}