{
  "Component.js": 1654124346378,
  "controller/Home.controller.js": 1654124346378,
  "utils/locate-reuse-libs.js": 1654124346382,
  "model/models.js": 1654124346382,
  "manifest.json": 1654127346495,
  "controller/BaseController.js": 1654124346378,
  "controller/App.controller.js": 1654124346378,
  "i18n/i18n.properties": 1654124346378,
  "manifest-bundle.zip": 1654127346506,
  "Component-preload.js": 1654127346756,
  "model/models-dbg.js": 1654124346382,
  "utils/locate-reuse-libs-dbg.js": 1654124346382,
  "controller/Home-dbg.controller.js": 1654124346378,
  "controller/BaseController-dbg.js": 1654124346378,
  "controller/App-dbg.controller.js": 1654124346378,
  "Component-dbg.js": 1654124346378,
  "view/Home.view.xml": 1654124346382,
  "view/App.view.xml": 1654124346382,
  "css/style.css": 1654124346378,
  "index.html": 1654124346378
}