{
  "view/LocDialog.fragment.xml": 1645991445163,
  "controller/Home.controller.js": 1646747532362,
  "utils/locate-reuse-libs.js": 1645991445163,
  "model/models.js": 1645991445163,
  "manifest.json": 1648138385235,
  "controller/BaseController.js": 1645991445159,
  "controller/App.controller.js": 1645991445159,
  "Component.js": 1645991445159,
  "manifest-bundle.zip": 1648138385248,
  "Component-preload.js": 1648138385633,
  "Component-dbg.js": 1645991445159,
  "model/models-dbg.js": 1645991445163,
  "controller/Home-dbg.controller.js": 1646747532362,
  "controller/BaseController-dbg.js": 1645991445159,
  "controller/App-dbg.controller.js": 1645991445159,
  "utils/locate-reuse-libs-dbg.js": 1645991445163,
  "view/VersionDialog.fragment.xml": 1646150601846,
  "view/ScenarioDialog.fragment.xml": 1646150601846,
  "view/ProdDialog.fragment.xml": 1645991445163,
  "i18n/i18n.properties": 1646212864213,
  "view/Home.view.xml": 1646556043596,
  "view/App.view.xml": 1645991445163,
  "css/style.css": 1646556043596,
  "index.html": 1646150601846
}