{
  "controller/BaseController-dbg.js": 1654124325298,
  "manifest.json": 1654127243934,
  "utils/locate-reuse-libs.js": 1654124325382,
  "model/models.js": 1654124325382,
  "controller/Home.controller.js": 1654124325298,
  "controller/BaseController.js": 1654124325298,
  "controller/App.controller.js": 1654124325298,
  "Component.js": 1654124325298,
  "manifest-bundle.zip": 1654127243945,
  "Component-preload.js": 1654127244309,
  "controller/Home-dbg.controller.js": 1654124325298,
  "model/models-dbg.js": 1654124325382,
  "utils/locate-reuse-libs-dbg.js": 1654124325382,
  "i18n/i18n.properties": 1654124325298,
  "controller/App-dbg.controller.js": 1654124325298,
  "Component-dbg.js": 1654124325298,
  "view/VersionDialog.fragment.xml": 1654124325382,
  "view/ScenarioDialog.fragment.xml": 1654124325382,
  "view/ProdDialog.fragment.xml": 1654124325382,
  "view/LocDialog.fragment.xml": 1654124325382,
  "view/Home.view.xml": 1654124325382,
  "view/App.view.xml": 1654124325382,
  "css/style.css": 1654124325298,
  "index.html": 1654124325298
}