{
  "Component-preload.js": 1654681601686,
  "utils/locate-reuse-libs.js": 1645906049044,
  "manifest.json": 1654681601266,
  "model/models.js": 1645906049040,
  "controller/Home.controller.js": 1649055456734,
  "controller/BaseController.js": 1645961653198,
  "controller/App.controller.js": 1645961643306,
  "Component.js": 1645906049036,
  "manifest-bundle.zip": 1654681601278,
  "i18n/i18n.properties": 1646303649866,
  "Component-dbg.js": 1645906049036,
  "model/models-dbg.js": 1645906049040,
  "controller/Home-dbg.controller.js": 1649055456734,
  "controller/BaseController-dbg.js": 1645961653198,
  "controller/App-dbg.controller.js": 1645961643306,
  "utils/locate-reuse-libs-dbg.js": 1645906049044,
  "view/VersionDialog.fragment.xml": 1646138340705,
  "view/ScenarioDialog.fragment.xml": 1646139034584,
  "view/ProdDialog.fragment.xml": 1645961565022,
  "view/LocDialog.fragment.xml": 1645961565018,
  "view/Home.view.xml": 1649318308721,
  "view/App.view.xml": 1649318291225,
  "css/style.css": 1646326107657,
  "index.html": 1646140703339
}