{
  "Component-dbg.js": 1648611174616,
  "controller/App.controller.js": 1648611174616,
  "utils/locate-reuse-libs.js": 1648611174620,
  "model/models.js": 1648611174620,
  "controller/Home.controller.js": 1648611174616,
  "controller/BaseController.js": 1648611174616,
  "manifest.json": 1648641800131,
  "Component.js": 1648611174616,
  "manifest-bundle.zip": 1648641800150,
  "Component-preload.js": 1648641800601,
  "controller/BaseController-dbg.js": 1648611174616,
  "utils/locate-reuse-libs-dbg.js": 1648611174620,
  "controller/Home-dbg.controller.js": 1648611174616,
  "model/models-dbg.js": 1648611174620,
  "controller/App-dbg.controller.js": 1648611174616,
  "i18n/i18n.properties": 1648611174616,
  "view/VersionDialog.fragment.xml": 1648611174620,
  "view/ScenarioDialog.fragment.xml": 1648611174620,
  "view/ProdDialog.fragment.xml": 1648611174620,
  "view/LocDialog.fragment.xml": 1648611174620,
  "view/Home.view.xml": 1648611174620,
  "view/App.view.xml": 1648611174620,
  "css/style.css": 1648611174616,
  "index.html": 1648611174616
}