{
  "manifest-bundle.zip": 1653384502073,
  "controller/BaseController.js": 1649242316978,
  "utils/locate-reuse-libs.js": 1649242316978,
  "model/models.js": 1649242316978,
  "controller/Home.controller.js": 1649242316978,
  "manifest.json": 1653384502060,
  "controller/App.controller.js": 1649242316978,
  "Component.js": 1649242316978,
  "i18n/i18n.properties": 1649242316978,
  "Component-preload.js": 1653384502453,
  "controller/App-dbg.controller.js": 1649242316978,
  "model/models-dbg.js": 1649242316978,
  "controller/Home-dbg.controller.js": 1649242316978,
  "controller/BaseController-dbg.js": 1649242316978,
  "utils/locate-reuse-libs-dbg.js": 1649242316978,
  "Component-dbg.js": 1649242316978,
  "view/VersionDialog.fragment.xml": 1649242316978,
  "view/ScenarioDialog.fragment.xml": 1649242316978,
  "view/ProdDialog.fragment.xml": 1649242316978,
  "view/LocDialog.fragment.xml": 1649242316978,
  "view/Home.view.xml": 1649758051722,
  "view/App.view.xml": 1649758051722,
  "css/style.css": 1649242316978,
  "index.html": 1649242316978
}