{
  "controller/Home-dbg.controller.js": 1646150601842,
  "controller/App.controller.js": 1645991445159,
  "utils/locate-reuse-libs.js": 1645991445163,
  "model/models.js": 1645991445163,
  "controller/Home.controller.js": 1646150601842,
  "controller/BaseController.js": 1645991445159,
  "manifest.json": 1646209787227,
  "Component.js": 1645991445159,
  "manifest-bundle.zip": 1646209787242,
  "Component-preload.js": 1646209787692,
  "controller/BaseController-dbg.js": 1645991445159,
  "model/models-dbg.js": 1645991445163,
  "i18n/i18n.properties": 1646207215771,
  "utils/locate-reuse-libs-dbg.js": 1645991445163,
  "controller/App-dbg.controller.js": 1645991445159,
  "Component-dbg.js": 1645991445159,
  "view/VersionDialog.fragment.xml": 1646150601846,
  "view/ScenarioDialog.fragment.xml": 1646150601846,
  "view/ProdDialog.fragment.xml": 1645991445163,
  "view/LocDialog.fragment.xml": 1645991445163,
  "view/Home.view.xml": 1646207250131,
  "view/App.view.xml": 1645991445163,
  "css/style.css": 1646150601842,
  "index.html": 1646150601846
}