{
  "model/models.js": 1654686744844,
  "controller/BaseController.js": 1654686744844,
  "i18n/i18n.properties": 1654859889641,
  "controller/Home.controller.js": 1654854193366,
  "manifest.json": 1655199754994,
  "controller/App.controller.js": 1654686744844,
  "Component.js": 1654686744844,
  "manifest-bundle.zip": 1655199755013,
  "Component-preload.js": 1655199755575,
  "controller/BaseController-dbg.js": 1654686744844,
  "controller/Home-dbg.controller.js": 1654854193366,
  "model/models-dbg.js": 1654686744844,
  "controller/App-dbg.controller.js": 1654686744844,
  "Component-dbg.js": 1654686744844,
  "view/VersionDialog.fragment.xml": 1654686744844,
  "view/StructureNodeDialog.fragment.xml": 1654686744844,
  "view/ScenarioDialog.fragment.xml": 1654686744844,
  "view/ProdDialog.fragment.xml": 1654686744844,
  "view/LocDialog.fragment.xml": 1654686744844,
  "view/Home.view.xml": 1654852816525,
  "view/ComponentDialog.fragment.xml": 1654686744844,
  "view/CompODBreakdown.fragment.xml": 1654686744844,
  "view/AsmbCompDialog.fragment.xml": 1654686744844,
  "view/App.view.xml": 1654686744844,
  "css/style.css": 1654686744844,
  "index.html": 1654686744844
}