{
  "view/Home.view.xml": 1654124338966,
  "model/models.js": 1654124338966,
  "manifest.json": 1654127306212,
  "controller/Home.controller.js": 1654124338966,
  "controller/BaseController.js": 1654124338966,
  "controller/App.controller.js": 1654124338966,
  "Component.js": 1654124338966,
  "manifest-bundle.zip": 1654127306230,
  "Component-preload.js": 1654127306735,
  "controller/App-dbg.controller.js": 1654124338966,
  "controller/Home-dbg.controller.js": 1654124338966,
  "controller/BaseController-dbg.js": 1654124338966,
  "model/models-dbg.js": 1654124338966,
  "Component-dbg.js": 1654124338966,
  "view/VersionDialog.fragment.xml": 1654124338966,
  "view/StructureNodeDialog.fragment.xml": 1654124338966,
  "view/ScenarioDialog.fragment.xml": 1654124338966,
  "view/ProdDialog.fragment.xml": 1654124338966,
  "view/LocDialog.fragment.xml": 1654124338966,
  "i18n/i18n.properties": 1654124338966,
  "view/ComponentDialog.fragment.xml": 1654124338966,
  "view/CompODBreakdown.fragment.xml": 1654124338966,
  "view/AsmbCompDialog.fragment.xml": 1654124338966,
  "view/App.view.xml": 1654124338966,
  "css/style.css": 1654124338966,
  "index.html": 1654124338966
}