{
  "view/LocDialog.fragment.xml": 1669729244023,
  "controller/App.controller.js": 1669729244023,
  "model/models.js": 1669729244023,
  "controller/Home.controller.js": 1669729244023,
  "controller/BaseController.js": 1669729244023,
  "manifest.json": 1669732978020,
  "Component.js": 1669729244023,
  "manifest-bundle.zip": 1669732978033,
  "Component-preload.js": 1669732978496,
  "controller/BaseController-dbg.js": 1669729244023,
  "controller/Home-dbg.controller.js": 1669729244023,
  "model/models-dbg.js": 1669729244023,
  "controller/App-dbg.controller.js": 1669729244023,
  "Component-dbg.js": 1669729244023,
  "view/VersionDialog.fragment.xml": 1669729244027,
  "view/StructureNodeDialog.fragment.xml": 1669729244027,
  "view/ScenarioDialog.fragment.xml": 1669729244023,
  "view/ProdDialog.fragment.xml": 1669729244023,
  "i18n/i18n.properties": 1669729244023,
  "view/Home.view.xml": 1669729244023,
  "view/ComponentDialog.fragment.xml": 1669729244023,
  "view/CompODBreakdown.fragment.xml": 1669729244023,
  "view/AsmbCompDialog.fragment.xml": 1669729244023,
  "view/App.view.xml": 1669729244023,
  "css/style.css": 1669729244023,
  "index.html": 1669729244023
}