{
  "view/CompODBreakdown.fragment.xml": 1659447417334,
  "controller/BaseController.js": 1659447417330,
  "model/models.js": 1659447417330,
  "controller/Home.controller.js": 1659447417330,
  "manifest.json": 1659717563157,
  "controller/App.controller.js": 1659447417330,
  "Component.js": 1659447417330,
  "manifest-bundle.zip": 1659717563175,
  "Component-preload.js": 1659717563767,
  "controller/App-dbg.controller.js": 1659447417330,
  "controller/Home-dbg.controller.js": 1659447417330,
  "controller/BaseController-dbg.js": 1659447417330,
  "model/models-dbg.js": 1659447417330,
  "Component-dbg.js": 1659447417330,
  "view/VersionDialog.fragment.xml": 1659447417334,
  "view/StructureNodeDialog.fragment.xml": 1659447417334,
  "view/ScenarioDialog.fragment.xml": 1659447417334,
  "view/ProdDialog.fragment.xml": 1659447417334,
  "view/LocDialog.fragment.xml": 1659447417334,
  "view/Home.view.xml": 1659447417334,
  "view/ComponentDialog.fragment.xml": 1659447417334,
  "i18n/i18n.properties": 1659447417330,
  "view/AsmbCompDialog.fragment.xml": 1659447417334,
  "view/App.view.xml": 1659447417334,
  "css/style.css": 1659447417330,
  "index.html": 1659447417330
}