{
  "view/ProdDialog.fragment.xml": 1665479929557,
  "Component.js": 1665479929557,
  "model/models.js": 1665479929557,
  "controller/Home.controller.js": 1671700670155,
  "controller/BaseController.js": 1665479929557,
  "controller/App.controller.js": 1665479929557,
  "manifest.json": 1671994876998,
  "manifest-bundle.zip": 1671994877016,
  "Component-preload.js": 1671994877631,
  "controller/App-dbg.controller.js": 1665479929557,
  "controller/Home-dbg.controller.js": 1671700670155,
  "controller/BaseController-dbg.js": 1665479929557,
  "model/models-dbg.js": 1665479929557,
  "Component-dbg.js": 1665479929557,
  "view/VersionDialog.fragment.xml": 1665479929557,
  "view/StructureNodeDialog.fragment.xml": 1665479929557,
  "view/ScenarioDialog.fragment.xml": 1665479929557,
  "i18n/i18n.properties": 1666258684128,
  "view/LocDialog.fragment.xml": 1665479929557,
  "view/Home.view.xml": 1669371048682,
  "view/ComponentDialog.fragment.xml": 1665479929557,
  "view/CompODBreakdown.fragment.xml": 1665479929557,
  "view/AsmbCompDialog.fragment.xml": 1665479929557,
  "view/App.view.xml": 1665479929557,
  "css/style.css": 1669371048682,
  "index.html": 1667910898078
}