{
  "manifest.json": 1669794443554,
  "model/models.js": 1669107428016,
  "i18n/i18n.properties": 1669107428016,
  "controller/Home.controller.js": 1669107428016,
  "controller/BaseController.js": 1669107428016,
  "controller/App.controller.js": 1669107428016,
  "Component.js": 1669107428016,
  "manifest-bundle.zip": 1669794443567,
  "Component-preload.js": 1669794444050,
  "model/models-dbg.js": 1669107428016,
  "controller/Home-dbg.controller.js": 1669107428016,
  "controller/BaseController-dbg.js": 1669107428016,
  "controller/App-dbg.controller.js": 1669107428016,
  "Component-dbg.js": 1669107428016,
  "view/VersionDialog.fragment.xml": 1669107428016,
  "view/StructureNodeDialog.fragment.xml": 1669107428016,
  "view/ScenarioDialog.fragment.xml": 1669107428016,
  "view/ProdDialog.fragment.xml": 1669107428016,
  "view/LocDialog.fragment.xml": 1669107428016,
  "view/Home.view.xml": 1669715346708,
  "view/ComponentDialog.fragment.xml": 1669107428016,
  "view/CompODBreakdown.fragment.xml": 1669107428016,
  "view/AsmbCompDialog.fragment.xml": 1669107428016,
  "view/App.view.xml": 1669107428016,
  "css/style.css": 1669715346708,
  "index.html": 1669107428016
}