{
  "controller/BaseController-dbg.js": 1648611174660,
  "model/models.js": 1648611174660,
  "manifest.json": 1648641850390,
  "controller/Home.controller.js": 1648611174660,
  "controller/BaseController.js": 1648611174660,
  "controller/App.controller.js": 1648611174660,
  "Component.js": 1648611174660,
  "manifest-bundle.zip": 1648641850420,
  "Component-preload.js": 1648641851187,
  "controller/Home-dbg.controller.js": 1648611174660,
  "model/models-dbg.js": 1648611174660,
  "i18n/i18n.properties": 1648611174660,
  "controller/App-dbg.controller.js": 1648611174660,
  "Component-dbg.js": 1648611174660,
  "view/VersionDialog.fragment.xml": 1648611174664,
  "view/StructureNodeDialog.fragment.xml": 1648611174664,
  "view/ScenarioDialog.fragment.xml": 1648611174664,
  "view/ProdDialog.fragment.xml": 1648611174664,
  "view/LocDialog.fragment.xml": 1648611174664,
  "view/Home.view.xml": 1648611174664,
  "view/ComponentDialog.fragment.xml": 1648611174664,
  "view/CompODBreakdown.fragment.xml": 1648611174664,
  "view/App.view.xml": 1648611174664,
  "css/style.css": 1648611174660,
  "index.html": 1648611174660
}