{
  "view/App.view.xml": 1649405602007,
  "controller/App.controller.js": 1648626830455,
  "model/models.js": 1648626830455,
  "controller/Home.controller.js": 1654445277083,
  "controller/BaseController.js": 1648626830455,
  "manifest.json": 1654681721314,
  "Component.js": 1648626830455,
  "manifest-bundle.zip": 1654681721332,
  "Component-preload.js": 1654681721867,
  "Component-dbg.js": 1648626830455,
  "controller/Home-dbg.controller.js": 1654445277083,
  "controller/BaseController-dbg.js": 1648626830455,
  "controller/App-dbg.controller.js": 1648626830455,
  "model/models-dbg.js": 1648626830455,
  "view/VersionDialog.fragment.xml": 1648626830455,
  "view/StructureNodeDialog.fragment.xml": 1648626830455,
  "view/ScenarioDialog.fragment.xml": 1648626830455,
  "view/ProdDialog.fragment.xml": 1648626830455,
  "view/LocDialog.fragment.xml": 1648626830455,
  "view/Home.view.xml": 1654445262395,
  "view/ComponentDialog.fragment.xml": 1648626830455,
  "view/CompODBreakdown.fragment.xml": 1649405628899,
  "view/AsmbCompDialog.fragment.xml": 1649405611255,
  "i18n/i18n.properties": 1654074972936,
  "css/style.css": 1654017928436,
  "index.html": 1650361932663
}