{
  "index.html": 1653838845331,
  "manifest.json": 1654514200858,
  "model/models.js": 1653838845331,
  "controller/Home.controller.js": 1654509516049,
  "controller/BaseController.js": 1653838845327,
  "controller/App.controller.js": 1653838845327,
  "Component.js": 1653838845327,
  "manifest-bundle.zip": 1654514200872,
  "Component-preload.js": 1654514201381,
  "controller/Home-dbg.controller.js": 1654509516049,
  "model/models-dbg.js": 1653838845331,
  "controller/BaseController-dbg.js": 1653838845327,
  "controller/App-dbg.controller.js": 1653838845327,
  "Component-dbg.js": 1653838845327,
  "view/VersionDialog.fragment.xml": 1653838845331,
  "view/StructureNodeDialog.fragment.xml": 1653838845331,
  "view/ScenarioDialog.fragment.xml": 1653838845331,
  "view/ProdDialog.fragment.xml": 1653838845331,
  "view/LocDialog.fragment.xml": 1653838845331,
  "view/Home.view.xml": 1654509516049,
  "view/ComponentDialog.fragment.xml": 1653838845331,
  "view/CompODBreakdown.fragment.xml": 1653838845331,
  "view/AsmbCompDialog.fragment.xml": 1653838845331,
  "view/App.view.xml": 1653838845331,
  "css/style.css": 1654509516049,
  "i18n/i18n.properties": 1654353367544
}