{
  "controller/Home.controller.js": 1671200235302,
  "controller/App.controller.js": 1671100323710,
  "model/models.js": 1671100323710,
  "i18n/i18n.properties": 1671100323710,
  "controller/BaseController.js": 1671100323710,
  "manifest.json": 1671200625737,
  "Component.js": 1671100323710,
  "manifest-bundle.zip": 1671200625755,
  "Component-preload.js": 1671200626289,
  "controller/App-dbg.controller.js": 1671100323710,
  "controller/Home-dbg.controller.js": 1671200235302,
  "controller/BaseController-dbg.js": 1671100323710,
  "model/models-dbg.js": 1671100323710,
  "Component-dbg.js": 1671100323710,
  "view/VersionDialog.fragment.xml": 1671100323714,
  "view/StructureNodeDialog.fragment.xml": 1671100323714,
  "view/ScenarioDialog.fragment.xml": 1671100323714,
  "view/ProdDialog.fragment.xml": 1671100323714,
  "view/LocDialog.fragment.xml": 1671100323714,
  "view/Home.view.xml": 1671100323714,
  "view/ComponentDialog.fragment.xml": 1671100323710,
  "view/CompODBreakdown.fragment.xml": 1671100323710,
  "view/AsmbCompDialog.fragment.xml": 1671100323710,
  "view/App.view.xml": 1671100323710,
  "css/style.css": 1671100323710,
  "index.html": 1671100323710
}