{
  "manifest-bundle.zip": 1667905057352,
  "controller/Home.controller.js": 1666258684128,
  "model/models.js": 1665479929557,
  "manifest.json": 1667905057335,
  "controller/BaseController.js": 1665479929557,
  "controller/App.controller.js": 1665479929557,
  "Component.js": 1665479929557,
  "i18n/i18n.properties": 1666258684128,
  "Component-preload.js": 1667905057902,
  "controller/Home-dbg.controller.js": 1666258684128,
  "model/models-dbg.js": 1665479929557,
  "controller/BaseController-dbg.js": 1665479929557,
  "controller/App-dbg.controller.js": 1665479929557,
  "Component-dbg.js": 1665479929557,
  "view/VersionDialog.fragment.xml": 1665479929557,
  "view/StructureNodeDialog.fragment.xml": 1665479929557,
  "view/ScenarioDialog.fragment.xml": 1665479929557,
  "view/ProdDialog.fragment.xml": 1665479929557,
  "view/LocDialog.fragment.xml": 1665479929557,
  "view/Home.view.xml": 1666258684128,
  "view/ComponentDialog.fragment.xml": 1665479929557,
  "view/CompODBreakdown.fragment.xml": 1665479929557,
  "view/AsmbCompDialog.fragment.xml": 1665479929557,
  "view/App.view.xml": 1665479929557,
  "css/style.css": 1665479929557,
  "index.html": 1665479929557
}