{
  "view/ScenarioDialog.fragment.xml": 1663316076300,
  "controller/App.controller.js": 1663316076296,
  "utils/locate-reuse-libs.js": 1663316076300,
  "model/models.js": 1663316076300,
  "controller/Home.controller.js": 1667546724372,
  "controller/CreateJob.controller.js": 1665563487154,
  "controller/BaseController.js": 1663316076296,
  "manifest.json": 1668168731950,
  "Component.js": 1663316076296,
  "manifest-bundle.zip": 1668168731965,
  "Component-preload.js": 1668168733344,
  "Component-dbg.js": 1663316076296,
  "controller/CreateJob-dbg.controller.js": 1665563487154,
  "controller/BaseController-dbg.js": 1663316076296,
  "controller/App-dbg.controller.js": 1663316076296,
  "model/models-dbg.js": 1663316076300,
  "utils/locate-reuse-libs-dbg.js": 1663316076300,
  "controller/Home-dbg.controller.js": 1667546724372,
  "view/VersionDialog.fragment.xml": 1663316076300,
  "view/UpdateJobDialog.fragment.xml": 1663316076300,
  "view/ScheLog.fragment.xml": 1663316076300,
  "i18n/i18n.properties": 1665563487154,
  "view/RunLogData.fragment.xml": 1663316076300,
  "view/ProdDialog.fragment.xml": 1663316076300,
  "view/PredDialog.fragment.xml": 1663316076300,
  "view/ObjDepDialog.fragment.xml": 1663316076300,
  "view/LocDialog.fragment.xml": 1663316076300,
  "view/JobData.fragment.xml": 1663316076300,
  "view/Home.view.xml": 1667807282454,
  "view/CustomerDialog.fragment.xml": 1663316076300,
  "view/CreateJobDetails.fragment.xml": 1663316076300,
  "view/CreateJob.view.xml": 1665563487154,
  "view/ClassDialog.fragment.xml": 1663316076300,
  "view/App.view.xml": 1663316076300,
  "css/style.css": 1665563487154,
  "index.html": 1667546732024
}