{
    "welcomeFile": "/index.html",
    "authenticationMethod": "route",
    "routes": [
        {
            "source": "^/v2/catalog/(.*)$",
            "target": "/v2/catalog/$1",
            "destination": "ConfigProd",
            "authenticationType": "xsuaa",
            "csrfProtection": true,
            "scope": {
                "GET": [
                    "$XSAPPNAME.Developer"
                ],
                "PUT": [
                    "$XSAPPNAME.Developer"
                ],
                "PATCH": [
                    "$XSAPPNAME.Developer"
                ],
                "POST": [
                    "$XSAPPNAME.Developer"
                ],
                "DELETE": [
                    "$XSAPPNAME.Developer"
                ],
                "default": [
                    "$XSAPPNAME.Developer"
                ]
            }
        },
        {
            "source": "^/resources/(.*)$",
            "target": "/resources/$1",
            "authenticationType": "none",
            "destination": "ui5"
        },
        {
            "source": "^/test-resources/(.*)$",
            "target": "/test-resources/$1",
            "authenticationType": "none",
            "destination": "ui5"
        },
        {
            "source": "^(.*)$",
            "target": "$1",
            "service": "html5-apps-repo-rt",
            "authenticationType": "xsuaa"
        }
    ]
}